Class,Accession,Pangolin,Collection_Date,Nuc_Completeness,Host,Length,PangoVersions
0,MZ471646.1,B.1.1.519,2021-03-23,complete,Homo sapiens,29782,4.3.4/1.37.1/v0.1.12/0.3.19/0.6.6
0,OK435740.1,B.1.1.519,2021-02-07,complete,Homo sapiens,29823,4.3.4/1.37.1/v0.1.12/0.3.19/0.6.6
0,MZ202426.1,B.1.1.519,2021-04-15,complete,Homo sapiens,29836,4.3.4/1.37.1/v0.1.12/0.3.19/0.6.6
0,MW779051.1,B.1.1.519,2021-02-24,complete,Homo sapiens,29903,4.3.4/1.37.1/v0.1.12/0.3.19/0.6.6
0,MW771738.1,B.1.1.519,2021-02-26,complete,Homo sapiens,29896,4.3.4/1.37.1/v0.1.12/0.3.19/0.6.6
0,OK188348.1,B.1.1.519,2021-02-15,complete,Homo sapiens,29867,4.3.4/1.37.1/v0.1.12/0.3.19/0.6.6
0,MZ257403.1,B.1.1.519,2021-03-21,complete,Homo sapiens,29899,4.3.4/1.37.1/v0.1.12/0.3.19/0.6.6
0,MZ202196.1,B.1.1.519,2021-04-03,complete,Homo sapiens,29836,4.3.4/1.37.1/v0.1.12/0.3.19/0.6.6
0,MZ245676.1,B.1.1.519,2021-03-06,complete,Homo sapiens,29837,4.3.4/1.37.1/v0.1.12/0.3.19/0.6.6
0,OX900535.1,B.1.1.519,2020,complete,Homo sapiens,29903,4.3.4/1.37.1/v0.1.12/0.3.19/0.6.6
0,MZ322783.1,B.1.1.519,2021-05-17,complete,Homo sapiens,29837,4.3.4/1.37.1/v0.1.12/0.3.19/0.6.6
0,MW901696.1,B.1.1.519,2021-03-20,complete,Homo sapiens,29889,4.3.4/1.37.1/v0.1.12/0.3.19/0.6.6
0,MZ323690.1,B.1.1.519,2021-05-17,complete,Homo sapiens,29836,4.3.4/1.37.1/v0.1.12/0.3.19/0.6.6
0,MW850075.1,B.1.1.519,2021-03-06,complete,Homo sapiens,29867,4.3.4/1.37.1/v0.1.12/0.3.19/0.6.6
0,MW673016.1,B.1.1.519,2021-02-07,complete,Homo sapiens,29826,4.3.4/1.37.1/v0.1.12/0.3.19/0.6.6
0,MZ281257.1,B.1.1.519,2021-05-04,complete,Homo sapiens,29904,4.3.4/1.37.1/v0.1.12/0.3.19/0.6.6
0,MW631917.1,B.1.1.519,2021-02-07,complete,Homo sapiens,29829,4.3.4/1.37.1/v0.1.12/0.3.19/0.6.6
0,MZ202387.1,B.1.1.519,2021-04-06,complete,Homo sapiens,29837,4.3.4/1.37.1/v0.1.12/0.3.19/0.6.6
0,MZ058451.1,B.1.1.519,2021-04-07,complete,Homo sapiens,29899,4.3.4/1.37.1/v0.1.12/0.3.19/0.6.6
0,OL893875.1,B.1.1.519,2021-03-18,complete,Homo sapiens,29817,4.3.4/1.37.1/v0.1.12/0.3.19/0.6.6
0,MZ322795.1,B.1.1.519,2021-05-08,complete,Homo sapiens,29836,4.3.4/1.37.1/v0.1.12/0.3.19/0.6.6
0,MZ543355.1,B.1.1.519,2021-04-16,complete,Homo sapiens,29836,4.3.4/1.37.1/v0.1.12/0.3.19/0.6.6
0,MZ058620.1,B.1.1.519,2021-04-09,complete,Homo sapiens,29892,4.3.4/1.37.1/v0.1.12/0.3.19/0.6.6
0,MZ203105.1,B.1.1.519,2021-04-17,complete,Homo sapiens,29836,4.3.4/1.37.1/v0.1.12/0.3.19/0.6.6
0,OK653108.1,B.1.1.519,2021-04-01,complete,Homo sapiens,29798,4.3.4/1.37.1/v0.1.12/0.3.19/0.6.6
0,MZ163895.1,B.1.1.519,2021-04-22,complete,Homo sapiens,29830,4.3.4/1.37.1/v0.1.12/0.3.19/0.6.6
0,MZ228851.1,B.1.1.519,2021-04-27,complete,Homo sapiens,29828,4.3.4/1.37.1/v0.1.12/0.3.19/0.6.6
0,OL369549.1,B.1.1.519,2021-04-27,complete,Homo sapiens,29868,4.3.4/1.37.1/v0.1.12/0.3.19/0.6.6
0,MW851689.1,B.1.1.519,2021-03-07,complete,Homo sapiens,29860,4.3.4/1.37.1/v0.1.12/0.3.19/0.6.6
0,MW617599.1,B.1.1.519,2021-01-30,complete,Homo sapiens,29842,4.3.4/1.37.1/v0.1.12/0.3.19/0.6.6
0,PP605440.1,B.1.1.519,2021-02-23,complete,Homo sapiens,29746,4.3.4/1.37.1/v0.1.12/0.3.19/0.6.6
0,MZ213764.1,B.1.1.519,2021-04-13,complete,Homo sapiens,29903,4.3.4/1.37.1/v0.1.12/0.3.19/0.6.6
0,MZ201329.1,B.1.1.519,2021-04-25,complete,Homo sapiens,29829,4.3.4/1.37.1/v0.1.12/0.3.19/0.6.6
0,MZ259017.1,B.1.1.519,2021-03-01,complete,Homo sapiens,29901,4.3.4/1.37.1/v0.1.12/0.3.19/0.6.6
0,MZ226009.1,B.1.1.519,2021-04-28,complete,Homo sapiens,29782,4.3.4/1.37.1/v0.1.12/0.3.19/0.6.6
0,MZ000254.1,B.1.1.519,2021-03-25,complete,Homo sapiens,29714,4.3.4/1.37.1/v0.1.12/0.3.19/0.6.6
0,MZ295145.1,B.1.1.519,2021-04-13,complete,Homo sapiens,29857,4.3.4/1.37.1/v0.1.12/0.3.19/0.6.6
0,MZ461065.1,B.1.1.519,2021-05-12,complete,Homo sapiens,29844,4.3.4/1.37.1/v0.1.12/0.3.19/0.6.6
0,MZ294543.1,B.1.1.519,2021-05-14,complete,Homo sapiens,29872,4.3.4/1.37.1/v0.1.12/0.3.19/0.6.6
0,MZ082857.1,B.1.1.519,2021-04-05,complete,Homo sapiens,29866,4.3.4/1.37.1/v0.1.12/0.3.19/0.6.6
0,OK243474.1,B.1.1.519,2021-06-23,complete,Homo sapiens,29798,4.3.4/1.37.1/v0.1.12/0.3.19/0.6.6
0,OK436490.1,B.1.1.519,2021-02-11,complete,Homo sapiens,29822,4.3.4/1.37.1/v0.1.12/0.3.19/0.6.6
0,MZ684854.1,B.1.1.519,2021-05-06,complete,Homo sapiens,29829,4.3.4/1.37.1/v0.1.12/0.3.19/0.6.6
0,MW773370.1,B.1.1.519,2021-03-05,complete,Homo sapiens,29782,4.3.4/1.37.1/v0.1.12/0.3.19/0.6.6
0,PP604457.1,B.1.1.519,2021-02-15,complete,Homo sapiens,29749,4.3.4/1.37.1/v0.1.12/0.3.19/0.6.6
0,MZ076032.1,B.1.1.519,2021-04-02,complete,Homo sapiens,29898,4.3.4/1.37.1/v0.1.12/0.3.19/0.6.6
0,MW698114.1,B.1.1.519,2021-02-15,complete,Homo sapiens,29782,4.3.4/1.37.1/v0.1.12/0.3.19/0.6.6
0,OL790176.1,B.1.1.519,2020-12-01,complete,Homo sapiens,29825,4.3.4/1.37.1/v0.1.12/0.3.19/0.6.6
0,MZ599856.1,B.1.1.519,2021-01-07,complete,Homo sapiens,29845,4.3.4/1.37.1/v0.1.12/0.3.19/0.6.6
0,MZ034237.1,B.1.1.519,2021-04-10,complete,Homo sapiens,29876,4.3.4/1.37.1/v0.1.12/0.3.19/0.6.6
0,OK435930.1,B.1.1.519,2021-02-22,complete,Homo sapiens,29793,4.3.4/1.37.1/v0.1.12/0.3.19/0.6.6
0,OM129026.1,B.1.1.519,2021-02-08,complete,Homo sapiens,29875,4.3.4/1.37.1/v0.1.12/0.3.19/0.6.6
0,OK435672.1,B.1.1.519,2021-02-24,complete,Homo sapiens,29798,4.3.4/1.37.1/v0.1.12/0.3.19/0.6.6
0,MZ404787.1,B.1.1.519,2021-05-03,complete,Homo sapiens,29830,4.3.4/1.37.1/v0.1.12/0.3.19/0.6.6
0,MW631739.1,B.1.1.519,2021-02-05,complete,Homo sapiens,29845,4.3.4/1.37.1/v0.1.12/0.3.19/0.6.6
0,PQ801961.1,B.1.1.519,2021-02-22,complete,Homo sapiens,29797,4.3.4/1.37.1/v0.1.12/0.3.19/0.6.6
0,MZ927053.1,B.1.1.519,2021-04-24,complete,Homo sapiens,29833,4.3.4/1.37.1/v0.1.12/0.3.19/0.6.6
0,PP144579.1,B.1.1.519,2021-02-08,complete,Homo sapiens,29846,4.3.4/1.37.1/v0.1.12/0.3.19/0.6.6
0,MW849134.1,B.1.1.519,2021-03-15,complete,Homo sapiens,29782,4.3.4/1.37.1/v0.1.12/0.3.19/0.6.6
0,MW990709.1,B.1.1.519,2021-04-13,complete,Homo sapiens,29868,4.3.4/1.37.1/v0.1.12/0.3.19/0.6.6
0,MZ512614.1,B.1.1.519,2021-03-15,complete,Homo sapiens,29903,4.3.4/1.37.1/v0.1.12/0.3.19/0.6.6
0,MW993621.1,B.1.1.519,2021-03-13,complete,Homo sapiens,29897,4.3.4/1.37.1/v0.1.12/0.3.19/0.6.6
0,OK322810.1,B.1.1.519,2021-03-29,complete,Homo sapiens,29782,4.3.4/1.37.1/v0.1.12/0.3.19/0.6.6
0,MZ082718.1,B.1.1.519,2021-03-30,complete,Homo sapiens,29860,4.3.4/1.37.1/v0.1.12/0.3.19/0.6.6
0,MZ015060.1,B.1.1.519,2021-04-06,complete,Homo sapiens,29782,4.3.4/1.37.1/v0.1.12/0.3.19/0.6.6
0,MW771828.1,B.1.1.519,2021-02-26,complete,Homo sapiens,29867,4.3.4/1.37.1/v0.1.12/0.3.19/0.6.6
0,MZ444498.1,B.1.1.519,2021-04-06,complete,Homo sapiens,29844,4.3.4/1.37.1/v0.1.12/0.3.19/0.6.6
0,MW894287.1,B.1.1.519,2021-03-16,complete,Homo sapiens,29781,4.3.4/1.37.1/v0.1.12/0.3.19/0.6.6
0,MW772436.1,B.1.1.519,2021-03-02,complete,Homo sapiens,29818,4.3.4/1.37.1/v0.1.12/0.3.19/0.6.6
0,MZ003816.1,B.1.1.519,2021-03-30,complete,Homo sapiens,29714,4.3.4/1.37.1/v0.1.12/0.3.19/0.6.6
0,MW788823.1,B.1.1.519,2021-02-18,complete,Homo sapiens,29904,4.3.4/1.37.1/v0.1.12/0.3.19/0.6.6
0,OK436087.1,B.1.1.519,2021-02-20,complete,Homo sapiens,29792,4.3.4/1.37.1/v0.1.12/0.3.19/0.6.6
0,MW631914.1,B.1.1.519,2021-02-06,complete,Homo sapiens,29826,4.3.4/1.37.1/v0.1.12/0.3.19/0.6.6
0,PQ968096.1,B.1.1.519,2021-01-15,complete,Homo sapiens,29839,4.3.4/1.37.1/v0.1.12/0.3.19/0.6.6
0,MZ415346.1,B.1.1.519,2021-06-05,complete,Homo sapiens,29793,4.3.4/1.37.1/v0.1.12/0.3.19/0.6.6
0,PP144105.1,B.1.1.519,2021-03-03,complete,Homo sapiens,29846,4.3.4/1.37.1/v0.1.12/0.3.19/0.6.6
0,MW893635.1,B.1.1.519,2021-03-10,complete,Homo sapiens,29782,4.3.4/1.37.1/v0.1.12/0.3.19/0.6.6
0,MZ245713.1,B.1.1.519,2021-02-27,complete,Homo sapiens,29844,4.3.4/1.37.1/v0.1.12/0.3.19/0.6.6
0,MW993168.1,B.1.1.519,2021-03-12,complete,Homo sapiens,29873,4.3.4/1.37.1/v0.1.12/0.3.19/0.6.6
0,OL984097.1,B.1.1.519,2021,complete,Homo sapiens,29821,4.3.4/1.37.1/v0.1.12/0.3.19/0.6.6
0,MZ676138.1,B.1.1.519,2021-04-26,complete,Homo sapiens,29836,4.3.4/1.37.1/v0.1.12/0.3.19/0.6.6
0,MZ246467.1,B.1.1.519,2021-03-10,complete,Homo sapiens,29836,4.3.4/1.37.1/v0.1.12/0.3.19/0.6.6
0,MZ359710.1,B.1.1.519,2021-04-27,complete,Homo sapiens,29859,4.3.4/1.37.1/v0.1.12/0.3.19/0.6.6
0,MZ203243.1,B.1.1.519,2021-04-25,complete,Homo sapiens,29836,4.3.4/1.37.1/v0.1.12/0.3.19/0.6.6
0,MW781418.1,B.1.1.519,2021-02-26,complete,Homo sapiens,29715,4.3.4/1.37.1/v0.1.12/0.3.19/0.6.6
0,MZ259182.1,B.1.1.519,2021-03-03,complete,Homo sapiens,29876,4.3.4/1.37.1/v0.1.12/0.3.19/0.6.6
0,OR319847.1,B.1.1.519,2021-04-20,complete,Homo sapiens,29819,4.3.4/1.37.1/v0.1.12/0.3.19/0.6.6
0,MW805169.1,B.1.1.519,2021-03-09,complete,Homo sapiens,29782,4.3.4/1.37.1/v0.1.12/0.3.19/0.6.6
0,MW680547.1,B.1.1.519,2021-02-11,complete,Homo sapiens,29782,4.3.4/1.37.1/v0.1.12/0.3.19/0.6.6
0,PX058737.1,B.1.1.519,2021-02-28,complete,Homo sapiens,29719,4.3.4/1.37.1/v0.1.12/0.3.19/0.6.6
0,MZ199212.1,B.1.1.519,2021-03-30,complete,Homo sapiens,29836,4.3.4/1.37.1/v0.1.12/0.3.19/0.6.6
0,MW903212.1,B.1.1.519,2021-03-18,complete,Homo sapiens,29735,4.3.4/1.37.1/v0.1.12/0.3.19/0.6.6
0,MW968499.1,B.1.1.519,2021-03-25,complete,Homo sapiens,29902,4.3.4/1.37.1/v0.1.12/0.3.19/0.6.6
0,MW648298.1,B.1.1.519,2021-01-25,complete,Homo sapiens,29815,4.3.4/1.37.1/v0.1.12/0.3.19/0.6.6
0,MZ927050.1,B.1.1.519,2021-04-26,complete,Homo sapiens,29836,4.3.4/1.37.1/v0.1.12/0.3.19/0.6.6
0,MW544904.1,B.1.1.519,2021-01-13,complete,Homo sapiens,29861,4.3.4/1.37.1/v0.1.12/0.3.19/0.6.6
0,MZ264376.1,B.1.1.519,2021-05-03,complete,Homo sapiens,29825,4.3.4/1.37.1/v0.1.12/0.3.19/0.6.6
0,OK435806.1,B.1.1.519,2021-02-22,complete,Homo sapiens,29797,4.3.4/1.37.1/v0.1.12/0.3.19/0.6.6
0,PQ999307.1,B.1.1.519,2021-03-24,complete,Homo sapiens,29771,4.3.4/1.37.1/v0.1.12/0.3.19/0.6.6
0,PP123318.1,B.1.1.519,2021-01-22,complete,Homo sapiens,29846,4.3.4/1.37.1/v0.1.12/0.3.19/0.6.6
0,ON316593.1,B.1.1.519,2021-04-20,complete,Homo sapiens,29865,4.3.4/1.37.1/v0.1.12/0.3.19/0.6.6
0,MZ000245.1,B.1.1.519,2021-03-24,complete,Homo sapiens,29713,4.3.4/1.37.1/v0.1.12/0.3.19/0.6.6
0,MZ414418.1,B.1.1.519,2021-03-31,complete,Homo sapiens,29899,4.3.4/1.37.1/v0.1.12/0.3.19/0.6.6
0,MW868567.1,B.1.1.519,2021-03-13,complete,Homo sapiens,29827,4.3.4/1.37.1/v0.1.12/0.3.19/0.6.6
0,MZ245687.1,B.1.1.519,2021-03-06,complete,Homo sapiens,29837,4.3.4/1.37.1/v0.1.12/0.3.19/0.6.6
0,MZ082698.1,B.1.1.519,2021-04-07,complete,Homo sapiens,29866,4.3.4/1.37.1/v0.1.12/0.3.19/0.6.6
0,MZ207138.1,B.1.1.519,2021-01-04,complete,Homo sapiens,29804,4.3.4/1.37.1/v0.1.12/0.3.19/0.6.6
0,MZ257454.1,B.1.1.519,2021-03-22,complete,Homo sapiens,29886,4.3.4/1.37.1/v0.1.12/0.3.19/0.6.6
0,MW930967.1,B.1.1.519,2021-03-27,complete,Homo sapiens,29782,4.3.4/1.37.1/v0.1.12/0.3.19/0.6.6
0,MZ390453.1,B.1.1.519,2021-05-21,complete,Homo sapiens,29782,4.3.4/1.37.1/v0.1.12/0.3.19/0.6.6
0,OK436405.1,B.1.1.519,2021-02-22,complete,Homo sapiens,29866,4.3.4/1.37.1/v0.1.12/0.3.19/0.6.6
0,OL984111.1,B.1.1.519,2021-05-27,complete,Homo sapiens,29814,4.3.4/1.37.1/v0.1.12/0.3.19/0.6.6
0,MZ082848.1,B.1.1.519,2021-04-01,complete,Homo sapiens,29867,4.3.4/1.37.1/v0.1.12/0.3.19/0.6.6
0,MZ202403.1,B.1.1.519,2021-04-06,complete,Homo sapiens,29836,4.3.4/1.37.1/v0.1.12/0.3.19/0.6.6
0,MZ023505.1,B.1.1.519,2021-03-28,complete,Homo sapiens,29873,4.3.4/1.37.1/v0.1.12/0.3.19/0.6.6
0,MZ023877.1,B.1.1.519,2021-04-01,complete,Homo sapiens,29891,4.3.4/1.37.1/v0.1.12/0.3.19/0.6.6
0,MZ203291.1,B.1.1.519,2021-04-23,complete,Homo sapiens,29837,4.3.4/1.37.1/v0.1.12/0.3.19/0.6.6
0,OM757608.1,B.1.1.519,2021-03-15,complete,Homo sapiens,29782,4.3.4/1.37.1/v0.1.12/0.3.19/0.6.6
0,MW778429.1,B.1.1.519,2021-02-20,complete,Homo sapiens,29902,4.3.4/1.37.1/v0.1.12/0.3.19/0.6.6
0,MW829586.1,B.1.1.519,2021-02-22,complete,Homo sapiens,29902,4.3.4/1.37.1/v0.1.12/0.3.19/0.6.6
0,MW777446.1,B.1.1.519,2021-02-18,complete,Homo sapiens,29903,4.3.4/1.37.1/v0.1.12/0.3.19/0.6.6
0,OR307054.1,B.1.1.519,2021-03-21,complete,Homo sapiens,29821,4.3.4/1.37.1/v0.1.12/0.3.19/0.6.6
0,OK435731.1,B.1.1.519,2021-02-16,complete,Homo sapiens,29799,4.3.4/1.37.1/v0.1.12/0.3.19/0.6.6
0,OK548706.1,B.1.1.519,2021-05-10,complete,Homo sapiens,29849,4.3.4/1.37.1/v0.1.12/0.3.19/0.6.6
0,MZ082732.1,B.1.1.519,2021-03-31,complete,Homo sapiens,29837,4.3.4/1.37.1/v0.1.12/0.3.19/0.6.6
0,MW689816.1,B.1.1.519,2021-02-05,complete,Homo sapiens,29791,4.3.4/1.37.1/v0.1.12/0.3.19/0.6.6
0,OK436473.1,B.1.1.519,2021-02-11,complete,Homo sapiens,29822,4.3.4/1.37.1/v0.1.12/0.3.19/0.6.6
0,MW960441.1,B.1.1.519,2021-03-25,complete,Homo sapiens,29725,4.3.4/1.37.1/v0.1.12/0.3.19/0.6.6
0,MW666917.1,B.1.1.519,2021-01-25,complete,Homo sapiens,29782,4.3.4/1.37.1/v0.1.12/0.3.19/0.6.6
0,MW868467.1,B.1.1.519,2021-03-15,complete,Homo sapiens,29830,4.3.4/1.37.1/v0.1.12/0.3.19/0.6.6
0,OK436401.1,B.1.1.519,2021-02-21,complete,Homo sapiens,29866,4.3.4/1.37.1/v0.1.12/0.3.19/0.6.6
0,MZ267375.1,B.1.1.519,2021-02-05,complete,Homo sapiens,29792,4.3.4/1.37.1/v0.1.12/0.3.19/0.6.6
0,PV001805.1,B.1.1.519,2021-02-08,complete,Homo sapiens,29803,4.3.4/1.37.1/v0.1.12/0.3.19/0.6.6
0,MZ075417.1,B.1.1.519,2021-04-06,complete,Homo sapiens,29896,4.3.4/1.37.1/v0.1.12/0.3.19/0.6.6
0,OK435368.1,B.1.1.519,2021-02-14,complete,Homo sapiens,29822,4.3.4/1.37.1/v0.1.12/0.3.19/0.6.6
0,MZ779670.1,B.1.1.519,2021-02-19,complete,Homo sapiens,29867,4.3.4/1.37.1/v0.1.12/0.3.19/0.6.6
0,MW967090.1,B.1.1.519,2021-03-18,complete,Homo sapiens,29900,4.3.4/1.37.1/v0.1.12/0.3.19/0.6.6
0,MZ278252.1,B.1.1.519,2021-05-03,complete,Homo sapiens,29837,4.3.4/1.37.1/v0.1.12/0.3.19/0.6.6
0,MW993808.1,B.1.1.519,2021-03-13,complete,Homo sapiens,29868,4.3.4/1.37.1/v0.1.12/0.3.19/0.6.6
0,MZ579155.1,B.1.1.519,2021-04-26,complete,Homo sapiens,29903,4.3.4/1.37.1/v0.1.12/0.3.19/0.6.6
0,OK435779.1,B.1.1.519,2021-02-20,complete,Homo sapiens,29798,4.3.4/1.37.1/v0.1.12/0.3.19/0.6.6
0,MZ203421.1,B.1.1.519,2021-04-21,complete,Homo sapiens,29833,4.3.4/1.37.1/v0.1.12/0.3.19/0.6.6
0,MZ211654.1,B.1.1.519,2021-04-09,complete,Homo sapiens,29902,4.3.4/1.37.1/v0.1.12/0.3.19/0.6.6
0,OQ757856.1,B.1.1.519,2021-02-12,complete,Homo sapiens,29782,4.3.4/1.37.1/v0.1.12/0.3.19/0.6.6
0,OM068410.1,B.1.1.519,2021-03-28,complete,Homo sapiens,29782,4.3.4/1.37.1/v0.1.12/0.3.19/0.6.6
0,OZ061850.1,B.1.1.519,2021-05-06,complete,Homo sapiens,29798,4.3.4/1.37.1/v0.1.12/0.3.19/0.6.6
0,MW965991.1,B.1.1.519,2021-03-22,complete,Homo sapiens,29885,4.3.4/1.37.1/v0.1.12/0.3.19/0.6.6
0,MW771904.1,B.1.1.519,2021-02-28,complete,Homo sapiens,29903,4.3.4/1.37.1/v0.1.12/0.3.19/0.6.6
0,ON116268.1,B.1.1.519,2021-04-11,complete,Homo sapiens,29795,4.3.4/1.37.1/v0.1.12/0.3.19/0.6.6
0,MZ323719.1,B.1.1.519,2021-05-05,complete,Homo sapiens,29836,4.3.4/1.37.1/v0.1.12/0.3.19/0.6.6
0,MW739470.1,B.1.1.519,2021-01-26,complete,Homo sapiens,29804,4.3.4/1.37.1/v0.1.12/0.3.19/0.6.6
0,MZ131462.1,B.1.1.519,2021-04-16,complete,Homo sapiens,29782,4.3.4/1.37.1/v0.1.12/0.3.19/0.6.6
0,MZ074633.1,B.1.1.519,2021-04-02,complete,Homo sapiens,29899,4.3.4/1.37.1/v0.1.12/0.3.19/0.6.6
0,MW777874.1,B.1.1.519,2021-02-15,complete,Homo sapiens,29872,4.3.4/1.37.1/v0.1.12/0.3.19/0.6.6
0,OK322798.1,B.1.1.519,2021-01-26,complete,Homo sapiens,29781,4.3.4/1.37.1/v0.1.12/0.3.19/0.6.6
0,MZ202159.1,B.1.1.519,2021-04-03,complete,Homo sapiens,29836,4.3.4/1.37.1/v0.1.12/0.3.19/0.6.6
0,MW669734.1,B.1.1.519,2021-02-07,complete,Homo sapiens,29782,4.3.4/1.37.1/v0.1.12/0.3.19/0.6.6
0,OM109555.1,B.1.1.519,2021-03-27,complete,Homo sapiens,29871,4.3.4/1.37.1/v0.1.12/0.3.19/0.6.6
0,PP608203.1,B.1.1.519,2021-03-17,complete,Homo sapiens,29746,4.3.4/1.37.1/v0.1.12/0.3.19/0.6.6
0,MW733584.1,B.1.1.519,2021-02-23,complete,Homo sapiens,29782,4.3.4/1.37.1/v0.1.12/0.3.19/0.6.6
0,MW805110.1,B.1.1.519,2021-03-09,complete,Homo sapiens,29782,4.3.4/1.37.1/v0.1.12/0.3.19/0.6.6
0,MW666183.1,B.1.1.519,2021-01-31,complete,Homo sapiens,29782,4.3.4/1.37.1/v0.1.12/0.3.19/0.6.6
0,MZ246573.1,B.1.1.519,2021-03-25,complete,Homo sapiens,29857,4.3.4/1.37.1/v0.1.12/0.3.19/0.6.6
0,ON062684.1,B.1.1.519,2021-03-08,complete,Homo sapiens,29831,4.3.4/1.37.1/v0.1.12/0.3.19/0.6.6
0,MZ084336.1,B.1.1.519,2021-04-05,complete,Homo sapiens,29876,4.3.4/1.37.1/v0.1.12/0.3.19/0.6.6
0,MZ202541.1,B.1.1.519,2021-04-09,complete,Homo sapiens,29833,4.3.4/1.37.1/v0.1.12/0.3.19/0.6.6
0,MZ579328.1,B.1.1.519,2021-02-10,complete,Homo sapiens,29903,4.3.4/1.37.1/v0.1.12/0.3.19/0.6.6
0,MW989074.1,B.1.1.519,2021-04-05,complete,Homo sapiens,29782,4.3.4/1.37.1/v0.1.12/0.3.19/0.6.6
0,PP120515.1,B.1.1.519,2021-02-17,complete,Homo sapiens,29846,4.3.4/1.37.1/v0.1.12/0.3.19/0.6.6
0,OK217612.1,B.1.1.519,2021-04-03,complete,Homo sapiens,29902,4.3.4/1.37.1/v0.1.12/0.3.19/0.6.6
0,MZ927062.1,B.1.1.519,2021-04-26,complete,Homo sapiens,29836,4.3.4/1.37.1/v0.1.12/0.3.19/0.6.6
0,MZ202417.1,B.1.1.519,2021-04-08,complete,Homo sapiens,29836,4.3.4/1.37.1/v0.1.12/0.3.19/0.6.6
0,MZ023277.1,B.1.1.519,2021-03-28,complete,Homo sapiens,29873,4.3.4/1.37.1/v0.1.12/0.3.19/0.6.6
0,MW805032.1,B.1.1.519,2021-03-08,complete,Homo sapiens,29782,4.3.4/1.37.1/v0.1.12/0.3.19/0.6.6
0,MZ023023.1,B.1.1.519,2021-03-28,complete,Homo sapiens,29902,4.3.4/1.37.1/v0.1.12/0.3.19/0.6.6
0,MW848300.1,B.1.1.519,2021-03-13,complete,Homo sapiens,29827,4.3.4/1.37.1/v0.1.12/0.3.19/0.6.6
0,MZ206972.1,B.1.1.519,2021-03-04,complete,Homo sapiens,29860,4.3.4/1.37.1/v0.1.12/0.3.19/0.6.6
0,OK436146.1,B.1.1.519,2021-02-11,complete,Homo sapiens,29823,4.3.4/1.37.1/v0.1.12/0.3.19/0.6.6
0,MZ181756.1,B.1.1.519,2021-04-28,complete,Homo sapiens,29714,4.3.4/1.37.1/v0.1.12/0.3.19/0.6.6
0,MZ462486.1,B.1.1.519,2021-04-20,complete,Homo sapiens,29805,4.3.4/1.37.1/v0.1.12/0.3.19/0.6.6
0,OM245349.1,B.1.1.519,2021-05-06,complete,Homo sapiens,29873,4.3.4/1.37.1/v0.1.12/0.3.19/0.6.6
0,MZ373867.1,B.1.1.519,2021-03-15,complete,Homo sapiens,29853,4.3.4/1.37.1/v0.1.12/0.3.19/0.6.6
0,MW849158.1,B.1.1.519,2021-03-11,complete,Homo sapiens,29782,4.3.4/1.37.1/v0.1.12/0.3.19/0.6.6
0,MW763874.1,B.1.1.519,2021-03-02,complete,Homo sapiens,29782,4.3.4/1.37.1/v0.1.12/0.3.19/0.6.6
0,MW733251.1,B.1.1.519,2021-02-22,complete,Homo sapiens,29782,4.3.4/1.37.1/v0.1.12/0.3.19/0.6.6
0,MZ402062.1,B.1.1.519,2021-05-17,complete,Homo sapiens,29829,4.3.4/1.37.1/v0.1.12/0.3.19/0.6.6
0,MZ473578.1,B.1.1.519,2021-04-13,complete,Homo sapiens,29782,4.3.4/1.37.1/v0.1.12/0.3.19/0.6.6
0,MW725795.1,B.1.1.519,2021-02-17,complete,Homo sapiens,29819,4.3.4/1.37.1/v0.1.12/0.3.19/0.6.6
0,MW894379.1,B.1.1.519,2021-03-22,complete,Homo sapiens,29834,4.3.4/1.37.1/v0.1.12/0.3.19/0.6.6
0,MZ927471.1,B.1.1.519,2021-05-05,complete,Homo sapiens,29836,4.3.4/1.37.1/v0.1.12/0.3.19/0.6.6
0,MZ499457.1,B.1.1.519,2021-02-08,complete,Homo sapiens,29799,4.3.4/1.37.1/v0.1.12/0.3.19/0.6.6
0,OK021672.1,B.1.1.519,2021-05-07,complete,Homo sapiens,29784,4.3.4/1.37.1/v0.1.12/0.3.19/0.6.6
0,PP603464.1,B.1.1.519,2021-01-30,complete,Homo sapiens,29776,4.3.4/1.37.1/v0.1.12/0.3.19/0.6.6
0,MW880604.1,B.1.1.519,2021-03-23,complete,Homo sapiens,29782,4.3.4/1.37.1/v0.1.12/0.3.19/0.6.6
0,MZ414332.1,B.1.1.519,2021-06-04,complete,Homo sapiens,29836,4.3.4/1.37.1/v0.1.12/0.3.19/0.6.6
0,MZ321290.1,B.1.1.519,2021-05-13,complete,Homo sapiens,29782,4.3.4/1.37.1/v0.1.12/0.3.19/0.6.6
0,MZ260682.1,B.1.1.519,2021-04-14,complete,Homo sapiens,29836,4.3.4/1.37.1/v0.1.12/0.3.19/0.6.6
0,MW731194.1,B.1.1.519,2021-02-03,complete,Homo sapiens,29867,4.3.4/1.37.1/v0.1.12/0.3.19/0.6.6
0,PQ617891.1,B.1.1.519,2022-06-19,complete,Homo sapiens,29804,4.3.4/1.37.1/v0.1.12/0.3.19/0.6.6
0,OK435850.1,B.1.1.519,2021-02-13,complete,Homo sapiens,29820,4.3.4/1.37.1/v0.1.12/0.3.19/0.6.6
0,MZ577479.1,B.1.1.519,2021-04-26,complete,Homo sapiens,29836,4.3.4/1.37.1/v0.1.12/0.3.19/0.6.6
0,ON193197.1,B.1.1.519,2021-01-04,complete,Homo sapiens,29725,4.3.4/1.37.1/v0.1.12/0.3.19/0.6.6
0,MW849146.1,B.1.1.519,2021-03-16,complete,Homo sapiens,29782,4.3.4/1.37.1/v0.1.12/0.3.19/0.6.6
0,MW779125.1,B.1.1.519,2021-02-22,complete,Homo sapiens,29891,4.3.4/1.37.1/v0.1.12/0.3.19/0.6.6
0,MW904192.1,B.1.1.519,2021-03-17,complete,Homo sapiens,29831,4.3.4/1.37.1/v0.1.12/0.3.19/0.6.6
0,MZ647380.1,B.1.1.519,2021-04-23,complete,Homo sapiens,29810,4.3.4/1.37.1/v0.1.12/0.3.19/0.6.6
0,MZ363346.1,B.1.1.519,2021-05-25,complete,Homo sapiens,29782,4.3.4/1.37.1/v0.1.12/0.3.19/0.6.6
0,OK436317.1,B.1.1.519,2021-02-10,complete,Homo sapiens,29824,4.3.4/1.37.1/v0.1.12/0.3.19/0.6.6
0,MZ089630.1,B.1.1.519,2021-04-06,complete,Homo sapiens,29781,4.3.4/1.37.1/v0.1.12/0.3.19/0.6.6
0,OK194553.1,B.1.1.519,2021-03-24,complete,Homo sapiens,29829,4.3.4/1.37.1/v0.1.12/0.3.19/0.6.6
0,MW880171.1,B.1.1.519,2021-02,complete,Homo sapiens,29814,4.3.4/1.37.1/v0.1.12/0.3.19/0.6.6
0,MW816274.1,B.1.1.519,2021-03-09,complete,Homo sapiens,29764,4.3.4/1.37.1/v0.1.12/0.3.19/0.6.6
0,OK435862.1,B.1.1.519,2021-02-12,complete,Homo sapiens,29823,4.3.4/1.37.1/v0.1.12/0.3.19/0.6.6
0,MW893573.1,B.1.1.519,2021-03-15,complete,Homo sapiens,29782,4.3.4/1.37.1/v0.1.12/0.3.19/0.6.6
0,MW792791.1,B.1.1.519,2021-02-22,complete,Homo sapiens,29867,4.3.4/1.37.1/v0.1.12/0.3.19/0.6.6
0,MZ245641.1,B.1.1.519,2021-02-19,complete,Homo sapiens,29836,4.3.4/1.37.1/v0.1.12/0.3.19/0.6.6
0,MW720496.1,B.1.1.519,2021-02-17,complete,Homo sapiens,29782,4.3.4/1.37.1/v0.1.12/0.3.19/0.6.6
0,MZ322776.1,B.1.1.519,2021-05-18,complete,Homo sapiens,29836,4.3.4/1.37.1/v0.1.12/0.3.19/0.6.6
0,MW932356.1,B.1.1.519,2021-03-30,complete,Homo sapiens,29825,4.3.4/1.37.1/v0.1.12/0.3.19/0.6.6
0,MW855620.1,B.1.1.519,2021-03-13,complete,Homo sapiens,29830,4.3.4/1.37.1/v0.1.12/0.3.19/0.6.6
0,PP611687.1,B.1.1.519,2021-04-09,complete,Homo sapiens,29740,4.3.4/1.37.1/v0.1.12/0.3.19/0.6.6
0,MZ377548.1,B.1.1.519,2021-05-13,complete,Homo sapiens,29840,4.3.4/1.37.1/v0.1.12/0.3.19/0.6.6
0,MW938741.1,B.1.1.519,2021-01-14,complete,Homo sapiens,29725,4.3.4/1.37.1/v0.1.12/0.3.19/0.6.6
0,MZ202371.1,B.1.1.519,2021-04-05,complete,Homo sapiens,29837,4.3.4/1.37.1/v0.1.12/0.3.19/0.6.6
0,MZ366658.1,B.1.1.519,2021-03-26,complete,Homo sapiens,29836,4.3.4/1.37.1/v0.1.12/0.3.19/0.6.6
0,MW851620.1,B.1.1.519,2021-03-09,complete,Homo sapiens,29859,4.3.4/1.37.1/v0.1.12/0.3.19/0.6.6
0,MZ359691.1,B.1.1.519,2021-05-21,complete,Homo sapiens,29836,4.3.4/1.37.1/v0.1.12/0.3.19/0.6.6
0,MZ279616.1,B.1.1.519,2021-05-01,complete,Homo sapiens,29829,4.3.4/1.37.1/v0.1.12/0.3.19/0.6.6
0,MZ279331.1,B.1.1.519,2021-05-04,complete,Homo sapiens,29831,4.3.4/1.37.1/v0.1.12/0.3.19/0.6.6
0,MW640532.1,B.1.1.519,2021-01-25,complete,Homo sapiens,29714,4.3.4/1.37.1/v0.1.12/0.3.19/0.6.6
0,MZ493392.1,B.1.1.519,2021-05-17,complete,Homo sapiens,29849,4.3.4/1.37.1/v0.1.12/0.3.19/0.6.6
0,MW758848.1,B.1.1.519,2021-02-24,complete,Homo sapiens,29881,4.3.4/1.37.1/v0.1.12/0.3.19/0.6.6
0,MW901815.1,B.1.1.519,2021-03-21,complete,Homo sapiens,29894,4.3.4/1.37.1/v0.1.12/0.3.19/0.6.6
0,MZ188130.1,B.1.1.519,2021-04-20,complete,Homo sapiens,29879,4.3.4/1.37.1/v0.1.12/0.3.19/0.6.6
0,MW825416.1,B.1.1.519,2021-03-14,complete,Homo sapiens,29782,4.3.4/1.37.1/v0.1.12/0.3.19/0.6.6
0,MZ246475.1,B.1.1.519,2021-03-13,complete,Homo sapiens,29838,4.3.4/1.37.1/v0.1.12/0.3.19/0.6.6
0,MZ008886.1,B.1.1.519,2021-04-02,complete,Homo sapiens,29823,4.3.4/1.37.1/v0.1.12/0.3.19/0.6.6
0,MZ158997.1,B.1.1.519,2021-03-29,complete,Homo sapiens,29902,4.3.4/1.37.1/v0.1.12/0.3.19/0.6.6
0,MZ348469.1,B.1.1.519,2021-05-17,complete,Homo sapiens,29836,4.3.4/1.37.1/v0.1.12/0.3.19/0.6.6
0,MZ498323.1,B.1.1.519,2021-03-31,complete,Homo sapiens,29901,4.3.4/1.37.1/v0.1.12/0.3.19/0.6.6
0,OK246605.1,B.1.1.519,2021-02-10,complete,Homo sapiens,29903,4.3.4/1.37.1/v0.1.12/0.3.19/0.6.6
0,MZ681643.1,B.1.1.519,2021-02-11,complete,Homo sapiens,29827,4.3.4/1.37.1/v0.1.12/0.3.19/0.6.6
0,MZ684262.1,B.1.1.519,2021-05-06,complete,Homo sapiens,29827,4.3.4/1.37.1/v0.1.12/0.3.19/0.6.6
0,MW736661.1,B.1.1.519,2021-01-16,complete,Homo sapiens,29813,4.3.4/1.37.1/v0.1.12/0.3.19/0.6.6
0,PX058795.1,B.1.1.519,2021-08-21,complete,Homo sapiens,29709,4.3.4/1.37.1/v0.1.12/0.3.19/0.6.6
0,MW855627.1,B.1.1.519,2021-03-11,complete,Homo sapiens,29828,4.3.4/1.37.1/v0.1.12/0.3.19/0.6.6
0,MZ143758.1,B.1.1.519,2021-04-09,complete,Homo sapiens,29846,4.3.4/1.37.1/v0.1.12/0.3.19/0.6.6
0,OR318037.1,B.1.1.519,2021-04-20,complete,Homo sapiens,29822,4.3.4/1.37.1/v0.1.12/0.3.19/0.6.6
0,MZ310345.1,B.1.1.519,2021-05-15,complete,Homo sapiens,29812,4.3.4/1.37.1/v0.1.12/0.3.19/0.6.6
0,MW966968.1,B.1.1.519,2021-03-17,complete,Homo sapiens,29890,4.3.4/1.37.1/v0.1.12/0.3.19/0.6.6
0,MW850999.1,B.1.1.519,2021-03-01,complete,Homo sapiens,29903,4.3.4/1.37.1/v0.1.12/0.3.19/0.6.6
0,OR306233.1,B.1.1.519,2021-03-28,complete,Homo sapiens,29814,4.3.4/1.37.1/v0.1.12/0.3.19/0.6.6
0,PX058730.1,B.1.1.519,2021-09-08,complete,Homo sapiens,29587,4.3.4/1.37.1/v0.1.12/0.3.19/0.6.6
0,MW993149.1,B.1.1.519,2021-03-12,complete,Homo sapiens,29877,4.3.4/1.37.1/v0.1.12/0.3.19/0.6.6
0,MZ023588.1,B.1.1.519,2021-03-29,complete,Homo sapiens,29901,4.3.4/1.37.1/v0.1.12/0.3.19/0.6.6
0,MZ082528.1,B.1.1.519,2021-04-03,complete,Homo sapiens,29866,4.3.4/1.37.1/v0.1.12/0.3.19/0.6.6
0,MW728841.1,B.1.1.519,2021-02-20,complete,Homo sapiens,29782,4.3.4/1.37.1/v0.1.12/0.3.19/0.6.6
0,MW891648.1,B.1.1.519,2021-03-22,complete,Homo sapiens,29858,4.3.4/1.37.1/v0.1.12/0.3.19/0.6.6
0,PP047017.1,B.1.1.519,2021-02-01,complete,Homo sapiens,29877,4.3.4/1.37.1/v0.1.12/0.3.19/0.6.6
0,MZ238860.1,B.1.1.519,2021-04-29,complete,Homo sapiens,29900,4.3.4/1.37.1/v0.1.12/0.3.19/0.6.6
0,PP122426.1,B.1.1.519,2021-02-13,complete,Homo sapiens,29845,4.3.4/1.37.1/v0.1.12/0.3.19/0.6.6
0,MW669811.1,B.1.1.519,2021-02-08,complete,Homo sapiens,29782,4.3.4/1.37.1/v0.1.12/0.3.19/0.6.6
0,OK436642.1,B.1.1.519,2021-02-15,complete,Homo sapiens,29800,4.3.4/1.37.1/v0.1.12/0.3.19/0.6.6
0,MW778058.1,B.1.1.519,2021-02-21,complete,Homo sapiens,29897,4.3.4/1.37.1/v0.1.12/0.3.19/0.6.6
0,MZ257475.1,B.1.1.519,2021-03-15,complete,Homo sapiens,29899,4.3.4/1.37.1/v0.1.12/0.3.19/0.6.6
0,MW967113.1,B.1.1.519,2021-03-18,complete,Homo sapiens,29899,4.3.4/1.37.1/v0.1.12/0.3.19/0.6.6
0,MW904423.1,B.1.1.519,2021-03-18,complete,Homo sapiens,29830,4.3.4/1.37.1/v0.1.12/0.3.19/0.6.6
0,MW669403.1,B.1.1.519,2021-02-08,complete,Homo sapiens,29782,4.3.4/1.37.1/v0.1.12/0.3.19/0.6.6
0,MW994542.1,B.1.1.519,2021-03-12,complete,Homo sapiens,29894,4.3.4/1.37.1/v0.1.12/0.3.19/0.6.6
0,MZ296552.1,B.1.1.519,2021-04-15,complete,Homo sapiens,29828,4.3.4/1.37.1/v0.1.12/0.3.19/0.6.6
0,MW848019.1,B.1.1.519,2021-03-09,complete,Homo sapiens,29824,4.3.4/1.37.1/v0.1.12/0.3.19/0.6.6
0,MZ543333.1,B.1.1.519,2021-06-08,complete,Homo sapiens,29836,4.3.4/1.37.1/v0.1.12/0.3.19/0.6.6
0,MZ373850.1,B.1.1.519,2021-03-15,complete,Homo sapiens,29856,4.3.4/1.37.1/v0.1.12/0.3.19/0.6.6
0,PQ964366.1,B.1.1.519,2021-01-05,complete,Homo sapiens,29770,4.3.4/1.37.1/v0.1.12/0.3.19/0.6.6
0,MZ056441.1,B.1.1.519,2021-04-09,complete,Homo sapiens,29782,4.3.4/1.37.1/v0.1.12/0.3.19/0.6.6
0,MW838335.2,B.1.1.519,2021-02-19,complete,Homo sapiens,29886,4.3.4/1.37.1/v0.1.12/0.3.19/0.6.6
0,MW864420.1,B.1.1.519,2021-03-19,complete,Homo sapiens,29782,4.3.4/1.37.1/v0.1.12/0.3.19/0.6.6
0,MZ167844.1,B.1.1.519,2021-04-11,complete,Homo sapiens,29831,4.3.4/1.37.1/v0.1.12/0.3.19/0.6.6
0,MW848915.1,B.1.1.519,2021-03-25,complete,Homo sapiens,29903,4.3.4/1.37.1/v0.1.12/0.3.19/0.6.6
0,MZ003338.1,B.1.1.519,2021-04-01,complete,Homo sapiens,29713,4.3.4/1.37.1/v0.1.12/0.3.19/0.6.6
0,OK218726.1,B.1.1.519,2021-04-21,complete,Homo sapiens,29829,4.3.4/1.37.1/v0.1.12/0.3.19/0.6.6
0,MZ012585.1,B.1.1.519,2021-03-26,complete,Homo sapiens,29890,4.3.4/1.37.1/v0.1.12/0.3.19/0.6.6
0,MZ288645.1,B.1.1.519,2021-05-04,complete,Homo sapiens,29773,4.3.4/1.37.1/v0.1.12/0.3.19/0.6.6
0,MW808288.1,B.1.1.519,2021-03-08,complete,Homo sapiens,29903,4.3.4/1.37.1/v0.1.12/0.3.19/0.6.6
0,MW666921.1,B.1.1.519,2021-01-25,complete,Homo sapiens,29782,4.3.4/1.37.1/v0.1.12/0.3.19/0.6.6
0,MW966980.1,B.1.1.519,2021-03-17,complete,Homo sapiens,29899,4.3.4/1.37.1/v0.1.12/0.3.19/0.6.6
0,MW989768.1,B.1.1.519,2021-04-01,complete,Homo sapiens,29814,4.3.4/1.37.1/v0.1.12/0.3.19/0.6.6
0,MZ246510.1,B.1.1.519,2021-03-19,complete,Homo sapiens,29850,4.3.4/1.37.1/v0.1.12/0.3.19/0.6.6
0,PP161683.1,B.1.1.519,2021-02-08,complete,Homo sapiens,29865,4.3.4/1.37.1/v0.1.12/0.3.19/0.6.6
0,MW773235.1,B.1.1.519,2021-03-03,complete,Homo sapiens,29782,4.3.4/1.37.1/v0.1.12/0.3.19/0.6.6
0,MW666545.1,B.1.1.519,2021-02-01,complete,Homo sapiens,29782,4.3.4/1.37.1/v0.1.12/0.3.19/0.6.6
0,MW719693.1,B.1.1.519,2021-02-13,complete,Homo sapiens,29782,4.3.4/1.37.1/v0.1.12/0.3.19/0.6.6
0,OK435734.1,B.1.1.519,2021-02-11,complete,Homo sapiens,29823,4.3.4/1.37.1/v0.1.12/0.3.19/0.6.6
0,OM109302.1,B.1.1.519,2021-03-22,complete,Homo sapiens,29885,4.3.4/1.37.1/v0.1.12/0.3.19/0.6.6
0,MW793322.1,B.1.1.519,2021-03-08,complete,Homo sapiens,29782,4.3.4/1.37.1/v0.1.12/0.3.19/0.6.6
0,MW966142.1,B.1.1.519,2021-03-24,complete,Homo sapiens,29901,4.3.4/1.37.1/v0.1.12/0.3.19/0.6.6
0,OL892572.1,B.1.1.519,2021-02-24,complete,Homo sapiens,29781,4.3.4/1.37.1/v0.1.12/0.3.19/0.6.6
0,PQ999325.1,B.1.1.519,2021-01-13,complete,Homo sapiens,29770,4.3.4/1.37.1/v0.1.12/0.3.19/0.6.6
0,MZ310333.1,B.1.1.519,2021-05-12,complete,Homo sapiens,29836,4.3.4/1.37.1/v0.1.12/0.3.19/0.6.6
0,MZ348484.1,B.1.1.519,2021-05-16,complete,Homo sapiens,29849,4.3.4/1.37.1/v0.1.12/0.3.19/0.6.6
0,MZ202173.1,B.1.1.519,2021-04-01,complete,Homo sapiens,29837,4.3.4/1.37.1/v0.1.12/0.3.19/0.6.6
0,MW825461.1,B.1.1.519,2021-03-11,complete,Homo sapiens,29782,4.3.4/1.37.1/v0.1.12/0.3.19/0.6.6
0,MZ434739.1,B.1.1.519,2021-01-13,complete,Homo sapiens,29840,4.3.4/1.37.1/v0.1.12/0.3.19/0.6.6
0,MZ039220.1,B.1.1.519,2021-04-06,complete,Homo sapiens,29714,4.3.4/1.37.1/v0.1.12/0.3.19/0.6.6
0,MW667472.1,B.1.1.519,2021-01-27,complete,Homo sapiens,29782,4.3.4/1.37.1/v0.1.12/0.3.19/0.6.6
0,MW793130.1,B.1.1.519,2021-03-01,complete,Homo sapiens,29777,4.3.4/1.37.1/v0.1.12/0.3.19/0.6.6
0,MW424863.1,B.1.1.519,2020-12-20,complete,Homo sapiens,29850,4.3.4/1.37.1/v0.1.12/0.3.19/0.6.6
0,OZ060977.1,B.1.1.519,2021-04-07,complete,Homo sapiens,29782,4.3.4/1.37.1/v0.1.12/0.3.19/0.6.6
0,PP605546.1,B.1.1.519,2021-02-24,complete,Homo sapiens,29741,4.3.4/1.37.1/v0.1.12/0.3.19/0.6.6
0,MZ323704.1,B.1.1.519,2021-05-22,complete,Homo sapiens,29809,4.3.4/1.37.1/v0.1.12/0.3.19/0.6.6
0,MZ258596.1,B.1.1.519,2021-03-02,complete,Homo sapiens,29900,4.3.4/1.37.1/v0.1.12/0.3.19/0.6.6
0,MW988396.1,B.1.1.519,2021-04-08,complete,Homo sapiens,29768,4.3.4/1.37.1/v0.1.12/0.3.19/0.6.6
0,MZ164682.1,B.1.1.519,2021-04-18,complete,Homo sapiens,29867,4.3.4/1.37.1/v0.1.12/0.3.19/0.6.6
0,MW969101.1,B.1.1.519,2021-03-25,complete,Homo sapiens,29867,4.3.4/1.37.1/v0.1.12/0.3.19/0.6.6
0,OK435314.1,B.1.1.519,2021-02-10,complete,Homo sapiens,29822,4.3.4/1.37.1/v0.1.12/0.3.19/0.6.6
0,MZ257168.1,B.1.1.519,2021-03-19,complete,Homo sapiens,29857,4.3.4/1.37.1/v0.1.12/0.3.19/0.6.6
0,OL540462.1,B.1.1.519,2020-12-29,complete,Homo sapiens,29798,4.3.4/1.37.1/v0.1.12/0.3.19/0.6.6
0,MW763964.1,B.1.1.519,2021-03-02,complete,Homo sapiens,29782,4.3.4/1.37.1/v0.1.12/0.3.19/0.6.6
0,ON192380.1,B.1.1.519,2021-03-28,complete,Homo sapiens,29835,4.3.4/1.37.1/v0.1.12/0.3.19/0.6.6
0,MZ034143.1,B.1.1.519,2021-04-02,complete,Homo sapiens,29864,4.3.4/1.37.1/v0.1.12/0.3.19/0.6.6
0,OK436520.1,B.1.1.519,2021-02-10,complete,Homo sapiens,29823,4.3.4/1.37.1/v0.1.12/0.3.19/0.6.6
0,MW805065.1,B.1.1.519,2021-03-07,complete,Homo sapiens,29782,4.3.4/1.37.1/v0.1.12/0.3.19/0.6.6
0,MW903984.1,B.1.1.519,2021-03-26,complete,Homo sapiens,29700,4.3.4/1.37.1/v0.1.12/0.3.19/0.6.6
0,MZ310382.1,B.1.1.519,2021-05-14,complete,Homo sapiens,29844,4.3.4/1.37.1/v0.1.12/0.3.19/0.6.6
0,MW749329.1,B.1.1.519,2021-02-26,complete,Homo sapiens,29782,4.3.4/1.37.1/v0.1.12/0.3.19/0.6.6
0,MW825940.1,B.1.1.519,2021-03-10,complete,Homo sapiens,29871,4.3.4/1.37.1/v0.1.12/0.3.19/0.6.6
0,MZ202024.1,B.1.1.519,2021-04-25,complete,Homo sapiens,29830,4.3.4/1.37.1/v0.1.12/0.3.19/0.6.6
0,MZ025227.1,B.1.1.519,2021-04-04,complete,Homo sapiens,29896,4.3.4/1.37.1/v0.1.12/0.3.19/0.6.6
0,OK220293.1,B.1.1.519,2021-04-24,complete,Homo sapiens,29821,4.3.4/1.37.1/v0.1.12/0.3.19/0.6.6
0,PP144774.1,B.1.1.519,2021-03-16,complete,Homo sapiens,29853,4.3.4/1.37.1/v0.1.12/0.3.19/0.6.6
0,MZ294758.1,B.1.1.519,2021-05-16,complete,Homo sapiens,29895,4.3.4/1.37.1/v0.1.12/0.3.19/0.6.6
0,MZ636065.1,B.1.1.519,2021-01-05,complete,Homo sapiens,29903,4.3.4/1.37.1/v0.1.12/0.3.19/0.6.6
0,MW930002.1,B.1.1.519,2021-03-29,complete,Homo sapiens,29782,4.3.4/1.37.1/v0.1.12/0.3.19/0.6.6
0,MW673052.1,B.1.1.519,2021-02-07,complete,Homo sapiens,29825,4.3.4/1.37.1/v0.1.12/0.3.19/0.6.6
0,MZ186339.1,B.1.1.519,2021-04-17,complete,Homo sapiens,29900,4.3.4/1.37.1/v0.1.12/0.3.19/0.6.6
0,MZ685102.1,B.1.1.519,2021-05-05,complete,Homo sapiens,29821,4.3.4/1.37.1/v0.1.12/0.3.19/0.6.6
0,MZ233867.1,B.1.1.519,2021-02-15,complete,Homo sapiens,29836,4.3.4/1.37.1/v0.1.12/0.3.19/0.6.6
0,MW715151.1,B.1.1.519,2021-02-14,complete,Homo sapiens,29815,4.3.4/1.37.1/v0.1.12/0.3.19/0.6.6
0,PP161962.1,B.1.1.519,2021-02-02,complete,Homo sapiens,29866,4.3.4/1.37.1/v0.1.12/0.3.19/0.6.6
0,MZ035251.1,B.1.1.519,2021-04-05,complete,Homo sapiens,29825,4.3.4/1.37.1/v0.1.12/0.3.19/0.6.6
0,OM067858.1,B.1.1.519,2021-03-27,complete,Homo sapiens,29782,4.3.4/1.37.1/v0.1.12/0.3.19/0.6.6
0,PP144260.1,B.1.1.519,2021-03-04,complete,Homo sapiens,29846,4.3.4/1.37.1/v0.1.12/0.3.19/0.6.6
0,MW813784.1,B.1.1.519,2021-03-08,complete,Homo sapiens,29714,4.3.4/1.37.1/v0.1.12/0.3.19/0.6.6
0,MZ076388.1,B.1.1.519,2021-04-08,complete,Homo sapiens,29898,4.3.4/1.37.1/v0.1.12/0.3.19/0.6.6
0,MZ086207.1,B.1.1.519,2021-04-06,complete,Homo sapiens,29900,4.3.4/1.37.1/v0.1.12/0.3.19/0.6.6
0,MZ039130.1,B.1.1.519,2021-04-05,complete,Homo sapiens,29714,4.3.4/1.37.1/v0.1.12/0.3.19/0.6.6
0,MZ143117.1,B.1.1.519,2021-04-19,complete,Homo sapiens,29713,4.3.4/1.37.1/v0.1.12/0.3.19/0.6.6
0,MZ462800.1,B.1.1.519,2021-04-01,complete,Homo sapiens,29827,4.3.4/1.37.1/v0.1.12/0.3.19/0.6.6
0,OK436236.1,B.1.1.519,2021-02-19,complete,Homo sapiens,29790,4.3.4/1.37.1/v0.1.12/0.3.19/0.6.6
0,MZ284246.1,B.1.1.519,2021-04-22,complete,Homo sapiens,29899,4.3.4/1.37.1/v0.1.12/0.3.19/0.6.6
0,MW808343.1,B.1.1.519,2021-03-05,complete,Homo sapiens,29878,4.3.4/1.37.1/v0.1.12/0.3.19/0.6.6
0,MW817003.1,B.1.1.519,2021-03-09,complete,Homo sapiens,29782,4.3.4/1.37.1/v0.1.12/0.3.19/0.6.6
0,OK547411.1,B.1.1.519,2021-02-18,complete,Homo sapiens,29598,4.3.4/1.37.1/v0.1.12/0.3.19/0.6.6
0,MW994189.1,B.1.1.519,2021-03-16,complete,Homo sapiens,29893,4.3.4/1.37.1/v0.1.12/0.3.19/0.6.6
0,MZ927457.1,B.1.1.519,2021-04-26,complete,Homo sapiens,29837,4.3.4/1.37.1/v0.1.12/0.3.19/0.6.6
0,MZ166436.1,B.1.1.519,2021-04-10,complete,Homo sapiens,29882,4.3.4/1.37.1/v0.1.12/0.3.19/0.6.6
0,PP609336.1,B.1.1.519,2021-03-26,complete,Homo sapiens,29746,4.3.4/1.37.1/v0.1.12/0.3.19/0.6.6
0,MW733519.1,B.1.1.519,2021-02-23,complete,Homo sapiens,29782,4.3.4/1.37.1/v0.1.12/0.3.19/0.6.6
0,MZ258828.1,B.1.1.519,2021-03-15,complete,Homo sapiens,29903,4.3.4/1.37.1/v0.1.12/0.3.19/0.6.6
0,MZ195402.1,B.1.1.519,2021-04-25,complete,Homo sapiens,29898,4.3.4/1.37.1/v0.1.12/0.3.19/0.6.6
0,OK217650.1,B.1.1.519,2021-04-19,complete,Homo sapiens,29819,4.3.4/1.37.1/v0.1.12/0.3.19/0.6.6
0,MZ543350.1,B.1.1.519,2021-04-24,complete,Homo sapiens,29837,4.3.4/1.37.1/v0.1.12/0.3.19/0.6.6
0,MZ927505.1,B.1.1.519,2021-05-06,complete,Homo sapiens,29836,4.3.4/1.37.1/v0.1.12/0.3.19/0.6.6
0,MZ085321.1,B.1.1.519,2021-04-09,complete,Homo sapiens,29901,4.3.4/1.37.1/v0.1.12/0.3.19/0.6.6
0,MW707861.1,B.1.1.519,2021-02-15,complete,Homo sapiens,29714,4.3.4/1.37.1/v0.1.12/0.3.19/0.6.6
0,MW930971.1,B.1.1.519,2021-03-29,complete,Homo sapiens,29782,4.3.4/1.37.1/v0.1.12/0.3.19/0.6.6
0,MW989084.1,B.1.1.519,2021-04-05,complete,Homo sapiens,29773,4.3.4/1.37.1/v0.1.12/0.3.19/0.6.6
0,MZ202545.1,B.1.1.519,2021-04-08,complete,Homo sapiens,29833,4.3.4/1.37.1/v0.1.12/0.3.19/0.6.6
0,PP604175.1,B.1.1.519,2021-02-13,complete,Homo sapiens,29746,4.3.4/1.37.1/v0.1.12/0.3.19/0.6.6
0,MW681255.1,B.1.1.519,2021-02-11,complete,Homo sapiens,29782,4.3.4/1.37.1/v0.1.12/0.3.19/0.6.6
0,MW666445.1,B.1.1.519,2021-01-30,complete,Homo sapiens,29782,4.3.4/1.37.1/v0.1.12/0.3.19/0.6.6
0,MZ029115.1,B.1.1.519,2021-04-02,complete,Homo sapiens,29890,4.3.4/1.37.1/v0.1.12/0.3.19/0.6.6
0,MW708891.1,B.1.1.519,2021-02-05,complete,Homo sapiens,29867,4.3.4/1.37.1/v0.1.12/0.3.19/0.6.6
0,MW989751.1,B.1.1.519,2021-03-30,complete,Homo sapiens,29867,4.3.4/1.37.1/v0.1.12/0.3.19/0.6.6
0,MW804813.1,B.1.1.519,2021-03-07,complete,Homo sapiens,29782,4.3.4/1.37.1/v0.1.12/0.3.19/0.6.6
0,OK435952.1,B.1.1.519,2021-02-09,complete,Homo sapiens,29820,4.3.4/1.37.1/v0.1.12/0.3.19/0.6.6
0,MZ360595.1,B.1.1.519,2021-05-27,complete,Homo sapiens,29836,4.3.4/1.37.1/v0.1.12/0.3.19/0.6.6
0,MZ076239.1,B.1.1.519,2021-04-05,complete,Homo sapiens,29873,4.3.4/1.37.1/v0.1.12/0.3.19/0.6.6
0,MW966035.1,B.1.1.519,2021-03-12,complete,Homo sapiens,29901,4.3.4/1.37.1/v0.1.12/0.3.19/0.6.6
0,OL893555.1,B.1.1.519,2021-03-14,complete,Homo sapiens,29815,4.3.4/1.37.1/v0.1.12/0.3.19/0.6.6
0,MW626340.1,B.1.1.519,2021-02-07,complete,Homo sapiens,29818,4.3.4/1.37.1/v0.1.12/0.3.19/0.6.6
0,MZ316079.1,B.1.1.519,2021-05-08,complete,Homo sapiens,29831,4.3.4/1.37.1/v0.1.12/0.3.19/0.6.6
0,MW680514.1,B.1.1.519,2021-02-13,complete,Homo sapiens,29782,4.3.4/1.37.1/v0.1.12/0.3.19/0.6.6
0,MZ168207.1,B.1.1.519,2021-04-15,complete,Homo sapiens,29819,4.3.4/1.37.1/v0.1.12/0.3.19/0.6.6
0,OK436286.1,B.1.1.519,2021-02-21,complete,Homo sapiens,29799,4.3.4/1.37.1/v0.1.12/0.3.19/0.6.6
0,MZ203262.1,B.1.1.519,2021-04-22,complete,Homo sapiens,29836,4.3.4/1.37.1/v0.1.12/0.3.19/0.6.6
0,OM068645.1,B.1.1.519,2021-03-26,complete,Homo sapiens,29782,4.3.4/1.37.1/v0.1.12/0.3.19/0.6.6
0,MZ058572.1,B.1.1.519,2021-04-07,complete,Homo sapiens,29891,4.3.4/1.37.1/v0.1.12/0.3.19/0.6.6
0,OZ061173.1,B.1.1.519,2021-01-15,complete,Homo sapiens,29782,4.3.4/1.37.1/v0.1.12/0.3.19/0.6.6
0,MZ245630.1,B.1.1.519,2021-02-17,complete,Homo sapiens,29835,4.3.4/1.37.1/v0.1.12/0.3.19/0.6.6
0,PP120012.1,B.1.1.519,2021-03-08,complete,Homo sapiens,29846,4.3.4/1.37.1/v0.1.12/0.3.19/0.6.6
0,MZ082736.1,B.1.1.519,2021-04-12,complete,Homo sapiens,29869,4.3.4/1.37.1/v0.1.12/0.3.19/0.6.6
0,MZ186544.1,B.1.1.519,2021-04-20,complete,Homo sapiens,29899,4.3.4/1.37.1/v0.1.12/0.3.19/0.6.6
0,MW696412.1,B.1.1.519,2021-02-08,complete,Homo sapiens,29782,4.3.4/1.37.1/v0.1.12/0.3.19/0.6.6
0,OK436628.1,B.1.1.519,2021-02-13,complete,Homo sapiens,29798,4.3.4/1.37.1/v0.1.12/0.3.19/0.6.6
0,MZ284119.1,B.1.1.519,2021-04-26,complete,Homo sapiens,29898,4.3.4/1.37.1/v0.1.12/0.3.19/0.6.6
0,MZ199190.1,B.1.1.519,2021-03-29,complete,Homo sapiens,29837,4.3.4/1.37.1/v0.1.12/0.3.19/0.6.6
0,OK435865.1,B.1.1.519,2021-02-14,complete,Homo sapiens,29823,4.3.4/1.37.1/v0.1.12/0.3.19/0.6.6
0,MZ404786.1,B.1.1.519,2021-05-03,complete,Homo sapiens,29831,4.3.4/1.37.1/v0.1.12/0.3.19/0.6.6
0,MW870975.1,B.1.1.519,2021-03-14,complete,Homo sapiens,29714,4.3.4/1.37.1/v0.1.12/0.3.19/0.6.6
0,MZ195453.1,B.1.1.519,2021-04-24,complete,Homo sapiens,29901,4.3.4/1.37.1/v0.1.12/0.3.19/0.6.6
0,MW808490.1,B.1.1.519,2021-03-09,complete,Homo sapiens,29868,4.3.4/1.37.1/v0.1.12/0.3.19/0.6.6
0,MW779408.1,B.1.1.519,2021-02-23,complete,Homo sapiens,29892,4.3.4/1.37.1/v0.1.12/0.3.19/0.6.6
0,OK435391.1,B.1.1.519,2021-02-12,complete,Homo sapiens,29823,4.3.4/1.37.1/v0.1.12/0.3.19/0.6.6
0,MW837391.1,B.1.1.519,2021-01-22,complete,Homo sapiens,29904,4.3.4/1.37.1/v0.1.12/0.3.19/0.6.6
0,MZ260197.1,B.1.1.519,2021-03-07,complete,Homo sapiens,29901,4.3.4/1.37.1/v0.1.12/0.3.19/0.6.6
0,MZ212930.1,B.1.1.519,2021-04-10,complete,Homo sapiens,29869,4.3.4/1.37.1/v0.1.12/0.3.19/0.6.6
0,OK218204.1,B.1.1.519,2021-04-23,complete,Homo sapiens,29813,4.3.4/1.37.1/v0.1.12/0.3.19/0.6.6
0,OK546821.1,B.1.1.519,2021-04-09,complete,Homo sapiens,29849,4.3.4/1.37.1/v0.1.12/0.3.19/0.6.6
0,MZ207007.1,B.1.1.519,2021-03-04,complete,Homo sapiens,29842,4.3.4/1.37.1/v0.1.12/0.3.19/0.6.6
0,MZ349805.1,B.1.1.519,2021-05-19,complete,Homo sapiens,29867,4.3.4/1.37.1/v0.1.12/0.3.19/0.6.6
0,MW778438.1,B.1.1.519,2021-02-20,complete,Homo sapiens,29883,4.3.4/1.37.1/v0.1.12/0.3.19/0.6.6
0,MZ619777.1,B.1.1.519,2021-04-05,complete,Homo sapiens,29836,4.3.4/1.37.1/v0.1.12/0.3.19/0.6.6
0,MZ282475.1,B.1.1.519,2021-05-01,complete,Homo sapiens,29902,4.3.4/1.37.1/v0.1.12/0.3.19/0.6.6
0,MZ152162.1,B.1.1.519,2021-04-14,complete,Homo sapiens,29726,4.3.4/1.37.1/v0.1.12/0.3.19/0.6.6
0,MZ054978.1,B.1.1.519,2021-04-09,complete,Homo sapiens,29886,4.3.4/1.37.1/v0.1.12/0.3.19/0.6.6
0,MZ414317.1,B.1.1.519,2021-06-02,complete,Homo sapiens,29836,4.3.4/1.37.1/v0.1.12/0.3.19/0.6.6
0,MZ462845.1,B.1.1.519,2021-04-19,complete,Homo sapiens,29823,4.3.4/1.37.1/v0.1.12/0.3.19/0.6.6
0,ON217117.1,B.1.1.519,2021-01-12,complete,Homo sapiens,29759,4.3.4/1.37.1/v0.1.12/0.3.19/0.6.6
0,PQ999376.1,B.1.1.519,2021-02-02,complete,Homo sapiens,29771,4.3.4/1.37.1/v0.1.12/0.3.19/0.6.6
0,MZ203310.1,B.1.1.519,2021-04-22,complete,Homo sapiens,29836,4.3.4/1.37.1/v0.1.12/0.3.19/0.6.6
0,MZ310266.1,B.1.1.519,2021-05-10,complete,Homo sapiens,29836,4.3.4/1.37.1/v0.1.12/0.3.19/0.6.6
0,MW733573.1,B.1.1.519,2021-02-22,complete,Homo sapiens,29782,4.3.4/1.37.1/v0.1.12/0.3.19/0.6.6
0,OK436635.1,B.1.1.519,2021-02-14,complete,Homo sapiens,29795,4.3.4/1.37.1/v0.1.12/0.3.19/0.6.6
0,OM109363.1,B.1.1.519,2021-03-22,complete,Homo sapiens,29875,4.3.4/1.37.1/v0.1.12/0.3.19/0.6.6
0,OR319698.1,B.1.1.519,2021-03-18,complete,Homo sapiens,29829,4.3.4/1.37.1/v0.1.12/0.3.19/0.6.6
0,MZ410177.1,B.1.1.519,2021-06-03,complete,Homo sapiens,29782,4.3.4/1.37.1/v0.1.12/0.3.19/0.6.6
0,OM163343.1,B.1.1.519,2021-04-09,complete,Homo sapiens,29782,4.3.4/1.37.1/v0.1.12/0.3.19/0.6.6
0,MZ512690.1,B.1.1.519,2021-03-24,complete,Homo sapiens,29903,4.3.4/1.37.1/v0.1.12/0.3.19/0.6.6
0,MW693533.1,B.1.1.519,2021-02-10,complete,Homo sapiens,29852,4.3.4/1.37.1/v0.1.12/0.3.19/0.6.6
0,MZ296213.1,B.1.1.519,2021-04-15,complete,Homo sapiens,29829,4.3.4/1.37.1/v0.1.12/0.3.19/0.6.6
0,MW864295.1,B.1.1.519,2021-03-19,complete,Homo sapiens,29781,4.3.4/1.37.1/v0.1.12/0.3.19/0.6.6
0,MZ237492.1,B.1.1.519,2021-05-01,complete,Homo sapiens,29823,4.3.4/1.37.1/v0.1.12/0.3.19/0.6.6
0,MW728543.1,B.1.1.519,2021-02-20,complete,Homo sapiens,29782,4.3.4/1.37.1/v0.1.12/0.3.19/0.6.6
0,PP603957.1,B.1.1.519,2021-02-09,complete,Homo sapiens,29780,4.3.4/1.37.1/v0.1.12/0.3.19/0.6.6
0,MW779002.1,B.1.1.519,2021-02-21,complete,Homo sapiens,29873,4.3.4/1.37.1/v0.1.12/0.3.19/0.6.6
0,MW907086.1,B.1.1.519,2021-03-30,complete,Homo sapiens,29900,4.3.4/1.37.1/v0.1.12/0.3.19/0.6.6
0,MZ256265.1,B.1.1.519,2021-03-13,complete,Homo sapiens,29901,4.3.4/1.37.1/v0.1.12/0.3.19/0.6.6
0,OM433962.1,B.1.1.519,2021-03-22,complete,Homo sapiens,29873,4.3.4/1.37.1/v0.1.12/0.3.19/0.6.6
0,MZ198949.1,B.1.1.519,2021-04-26,complete,Homo sapiens,29782,4.3.4/1.37.1/v0.1.12/0.3.19/0.6.6
0,OK436452.1,B.1.1.519,2021-02-10,complete,Homo sapiens,29820,4.3.4/1.37.1/v0.1.12/0.3.19/0.6.6
0,MZ414511.1,B.1.1.519,2021-03-31,complete,Homo sapiens,29901,4.3.4/1.37.1/v0.1.12/0.3.19/0.6.6
0,MZ066539.1,B.1.1.519,2021-04-07,complete,Homo sapiens,29779,4.3.4/1.37.1/v0.1.12/0.3.19/0.6.6
0,PQ999366.1,B.1.1.519,2021-01-27,complete,Homo sapiens,29771,4.3.4/1.37.1/v0.1.12/0.3.19/0.6.6
0,MZ214043.1,B.1.1.519,2021-04-13,complete,Homo sapiens,29895,4.3.4/1.37.1/v0.1.12/0.3.19/0.6.6
0,ON343001.1,B.1.1.519,2020-12-11,complete,Homo sapiens,29840,4.3.4/1.37.1/v0.1.12/0.3.19/0.6.6
0,MZ168310.1,B.1.1.519,2021-04-15,complete,Homo sapiens,29826,4.3.4/1.37.1/v0.1.12/0.3.19/0.6.6
0,OX646637.1,B.1.1.519,2021-02-28,complete,Homo sapiens,29903,4.3.4/1.37.1/v0.1.12/0.3.19/0.6.6
0,MW782859.1,B.1.1.519,2021-03-03,complete,Homo sapiens,29781,4.3.4/1.37.1/v0.1.12/0.3.19/0.6.6
0,MZ461182.1,B.1.1.519,2021-05-19,complete,Homo sapiens,29653,4.3.4/1.37.1/v0.1.12/0.3.19/0.6.6
0,MZ055056.1,B.1.1.519,2021-04-10,complete,Homo sapiens,29899,4.3.4/1.37.1/v0.1.12/0.3.19/0.6.6
0,MZ260934.1,B.1.1.519,2021-05-03,complete,Homo sapiens,29826,4.3.4/1.37.1/v0.1.12/0.3.19/0.6.6
0,OZ062444.1,B.1.1.519,2021-05-19,complete,Homo sapiens,29812,4.3.4/1.37.1/v0.1.12/0.3.19/0.6.6
0,MW783188.1,B.1.1.519,2021-03-01,complete,Homo sapiens,29897,4.3.4/1.37.1/v0.1.12/0.3.19/0.6.6
0,MW681176.1,B.1.1.519,2021-02-11,complete,Homo sapiens,29782,4.3.4/1.37.1/v0.1.12/0.3.19/0.6.6
0,MZ322794.1,B.1.1.519,2021-05-14,complete,Homo sapiens,29841,4.3.4/1.37.1/v0.1.12/0.3.19/0.6.6
0,MW991358.1,B.1.1.519,2021-04-01,complete,Homo sapiens,29902,4.3.4/1.37.1/v0.1.12/0.3.19/0.6.6
0,MW967751.1,B.1.1.519,2021-03-17,complete,Homo sapiens,29864,4.3.4/1.37.1/v0.1.12/0.3.19/0.6.6
0,MW697068.1,B.1.1.519,2021-02-16,complete,Homo sapiens,29782,4.3.4/1.37.1/v0.1.12/0.3.19/0.6.6
0,MW825880.1,B.1.1.519,2021-03-09,complete,Homo sapiens,29875,4.3.4/1.37.1/v0.1.12/0.3.19/0.6.6
0,MZ009184.1,B.1.1.519,2021-04-03,complete,Homo sapiens,29822,4.3.4/1.37.1/v0.1.12/0.3.19/0.6.6
0,MW825622.1,B.1.1.519,2021-03-12,complete,Homo sapiens,29782,4.3.4/1.37.1/v0.1.12/0.3.19/0.6.6
0,PQ964780.1,B.1.1.519,2021-01-11,complete,Homo sapiens,29771,4.3.4/1.37.1/v0.1.12/0.3.19/0.6.6
0,MW929925.1,B.1.1.519,2021-03-24,complete,Homo sapiens,29782,4.3.4/1.37.1/v0.1.12/0.3.19/0.6.6
0,MZ473591.1,B.1.1.519,2021-04-27,complete,Homo sapiens,29782,4.3.4/1.37.1/v0.1.12/0.3.19/0.6.6
0,PX058748.1,B.1.1.519,2021-03-04,complete,Homo sapiens,29649,4.3.4/1.37.1/v0.1.12/0.3.19/0.6.6
0,OK436656.1,B.1.1.519,2021-02-16,complete,Homo sapiens,29790,4.3.4/1.37.1/v0.1.12/0.3.19/0.6.6
0,OK436104.1,B.1.1.519,2021-02-10,complete,Homo sapiens,29824,4.3.4/1.37.1/v0.1.12/0.3.19/0.6.6
0,MZ473594.1,B.1.1.519,2021-04-27,complete,Homo sapiens,29782,4.3.4/1.37.1/v0.1.12/0.3.19/0.6.6
0,PQ999488.1,B.1.1.519,2021-02-21,complete,Homo sapiens,29770,4.3.4/1.37.1/v0.1.12/0.3.19/0.6.6
0,PQ999382.1,B.1.1.519,2021-02-10,complete,Homo sapiens,29771,4.3.4/1.37.1/v0.1.12/0.3.19/0.6.6
0,MZ310907.1,B.1.1.519,2021-05-05,complete,Homo sapiens,29825,4.3.4/1.37.1/v0.1.12/0.3.19/0.6.6
0,MZ166908.1,B.1.1.519,2021-04-08,complete,Homo sapiens,29836,4.3.4/1.37.1/v0.1.12/0.3.19/0.6.6
0,MW672951.1,B.1.1.519,2021-02-07,complete,Homo sapiens,29821,4.3.4/1.37.1/v0.1.12/0.3.19/0.6.6
0,MZ202203.1,B.1.1.519,2021-04-05,complete,Homo sapiens,29836,4.3.4/1.37.1/v0.1.12/0.3.19/0.6.6
0,OX992226.1,B.1.1.519,2020,complete,Homo sapiens,29902,4.3.4/1.37.1/v0.1.12/0.3.19/0.6.6
0,MW788874.1,B.1.1.519,2021-02-13,complete,Homo sapiens,29904,4.3.4/1.37.1/v0.1.12/0.3.19/0.6.6
0,OK188117.1,B.1.1.519,2021-06-27,complete,Homo sapiens,29796,4.3.4/1.37.1/v0.1.12/0.3.19/0.6.6
0,MW749652.1,B.1.1.519,2021-02-25,complete,Homo sapiens,29782,4.3.4/1.37.1/v0.1.12/0.3.19/0.6.6
0,MZ202151.1,B.1.1.519,2021-03-30,complete,Homo sapiens,29836,4.3.4/1.37.1/v0.1.12/0.3.19/0.6.6
0,OK436090.1,B.1.1.519,2021-02-22,complete,Homo sapiens,29799,4.3.4/1.37.1/v0.1.12/0.3.19/0.6.6
0,MW848308.1,B.1.1.519,2021-03-13,complete,Homo sapiens,29825,4.3.4/1.37.1/v0.1.12/0.3.19/0.6.6
0,MZ199208.1,B.1.1.519,2021-03-30,complete,Homo sapiens,29836,4.3.4/1.37.1/v0.1.12/0.3.19/0.6.6
0,MW994809.1,B.1.1.519,2021-03-18,complete,Homo sapiens,29894,4.3.4/1.37.1/v0.1.12/0.3.19/0.6.6
0,MZ034261.1,B.1.1.519,2021-04-09,complete,Homo sapiens,29864,4.3.4/1.37.1/v0.1.12/0.3.19/0.6.6
0,OR299252.1,B.1.1.519,2021-03-20,complete,Homo sapiens,29824,4.3.4/1.37.1/v0.1.12/0.3.19/0.6.6
0,PP615344.1,B.1.1.519,2021-01-05,complete,Homo sapiens,29754,4.3.4/1.37.1/v0.1.12/0.3.19/0.6.6
0,MW825681.1,B.1.1.519,2021-03-12,complete,Homo sapiens,29782,4.3.4/1.37.1/v0.1.12/0.3.19/0.6.6
0,MW852079.1,B.1.1.519,2021-03-23,complete,Homo sapiens,29782,4.3.4/1.37.1/v0.1.12/0.3.19/0.6.6
0,MW669075.1,B.1.1.519,2021-02-06,complete,Homo sapiens,29782,4.3.4/1.37.1/v0.1.12/0.3.19/0.6.6
0,PP607614.1,B.1.1.519,2021-03-13,complete,Homo sapiens,29746,4.3.4/1.37.1/v0.1.12/0.3.19/0.6.6
0,PX058777.1,B.1.1.519,2021-01-21,complete,Homo sapiens,29719,4.3.4/1.37.1/v0.1.12/0.3.19/0.6.6
0,PV002070.1,B.1.1.519,2021-03-15,complete,Homo sapiens,29803,4.3.4/1.37.1/v0.1.12/0.3.19/0.6.6
0,MZ256087.1,B.1.1.519,2021-03-02,complete,Homo sapiens,29900,4.3.4/1.37.1/v0.1.12/0.3.19/0.6.6
0,ON344647.1,B.1.1.519,2020-12-10,complete,Homo sapiens,29827,4.3.4/1.37.1/v0.1.12/0.3.19/0.6.6
0,MZ101301.1,B.1.1.519,2021-04-15,complete,Homo sapiens,29825,4.3.4/1.37.1/v0.1.12/0.3.19/0.6.6
0,PP120393.1,B.1.1.519,2021-02-25,complete,Homo sapiens,29846,4.3.4/1.37.1/v0.1.12/0.3.19/0.6.6
0,MZ359725.1,B.1.1.519,2021-04-18,complete,Homo sapiens,29858,4.3.4/1.37.1/v0.1.12/0.3.19/0.6.6
0,MW782849.1,B.1.1.519,2021-03-05,complete,Homo sapiens,29782,4.3.4/1.37.1/v0.1.12/0.3.19/0.6.6
0,MZ193882.1,B.1.1.519,2021-04-25,complete,Homo sapiens,29833,4.3.4/1.37.1/v0.1.12/0.3.19/0.6.6
0,MW880335.1,B.1.1.519,2021-03-21,complete,Homo sapiens,29887,4.3.4/1.37.1/v0.1.12/0.3.19/0.6.6
0,MW696227.1,B.1.1.519,2021-02-08,complete,Homo sapiens,29782,4.3.4/1.37.1/v0.1.12/0.3.19/0.6.6
0,MZ356737.1,B.1.1.519,2021-05-12,complete,Homo sapiens,29836,4.3.4/1.37.1/v0.1.12/0.3.19/0.6.6
0,MW850096.1,B.1.1.519,2021-03-11,complete,Homo sapiens,29867,4.3.4/1.37.1/v0.1.12/0.3.19/0.6.6
0,MZ349066.1,B.1.1.519,2021-05-24,complete,Homo sapiens,29836,4.3.4/1.37.1/v0.1.12/0.3.19/0.6.6
0,MW793119.1,B.1.1.519,2021-03-04,complete,Homo sapiens,29782,4.3.4/1.37.1/v0.1.12/0.3.19/0.6.6
0,OK436142.1,B.1.1.519,2021-02-11,complete,Homo sapiens,29822,4.3.4/1.37.1/v0.1.12/0.3.19/0.6.6
0,MZ086739.1,B.1.1.519,2021-04-08,complete,Homo sapiens,29867,4.3.4/1.37.1/v0.1.12/0.3.19/0.6.6
0,MW904323.1,B.1.1.519,2021-03-18,complete,Homo sapiens,29833,4.3.4/1.37.1/v0.1.12/0.3.19/0.6.6
0,MZ260258.1,B.1.1.519,2021-03-12,complete,Homo sapiens,29860,4.3.4/1.37.1/v0.1.12/0.3.19/0.6.6
0,MZ259421.1,B.1.1.519,2021-03-16,complete,Homo sapiens,29901,4.3.4/1.37.1/v0.1.12/0.3.19/0.6.6
0,MW816219.1,B.1.1.519,2021-03-10,complete,Homo sapiens,29782,4.3.4/1.37.1/v0.1.12/0.3.19/0.6.6
0,PP602905.1,B.1.1.519,2021-02-26,complete,Homo sapiens,29779,4.3.4/1.37.1/v0.1.12/0.3.19/0.6.6
0,MZ090148.1,B.1.1.519,2021-04-13,complete,Homo sapiens,29782,4.3.4/1.37.1/v0.1.12/0.3.19/0.6.6
0,MZ245669.1,B.1.1.519,2021-03-06,complete,Homo sapiens,29837,4.3.4/1.37.1/v0.1.12/0.3.19/0.6.6
0,MW778559.1,B.1.1.519,2021-02-21,complete,Homo sapiens,29872,4.3.4/1.37.1/v0.1.12/0.3.19/0.6.6
0,OM433032.1,B.1.1.519,2021-04-16,complete,Homo sapiens,29849,4.3.4/1.37.1/v0.1.12/0.3.19/0.6.6
0,MZ132079.1,B.1.1.519,2021-04-18,complete,Homo sapiens,29782,4.3.4/1.37.1/v0.1.12/0.3.19/0.6.6
0,MZ003690.1,B.1.1.519,2021-03-30,complete,Homo sapiens,29713,4.3.4/1.37.1/v0.1.12/0.3.19/0.6.6
0,MZ203439.1,B.1.1.519,2021-05-01,complete,Homo sapiens,29838,4.3.4/1.37.1/v0.1.12/0.3.19/0.6.6
0,MW967525.1,B.1.1.519,2021-03-19,complete,Homo sapiens,29864,4.3.4/1.37.1/v0.1.12/0.3.19/0.6.6
0,MZ337374.1,B.1.1.519,2021-05-17,complete,Homo sapiens,29782,4.3.4/1.37.1/v0.1.12/0.3.19/0.6.6
0,PP162676.1,B.1.1.519,2021-03-30,complete,Homo sapiens,29849,4.3.4/1.37.1/v0.1.12/0.3.19/0.6.6
0,OK188752.1,B.1.1.519,2021-02-26,complete,Homo sapiens,29867,4.3.4/1.37.1/v0.1.12/0.3.19/0.6.6
0,OL844426.1,B.1.1.519,2020-12-15,complete,Homo sapiens,29798,4.3.4/1.37.1/v0.1.12/0.3.19/0.6.6
0,OK188454.1,B.1.1.519,2021-02-19,complete,Homo sapiens,29867,4.3.4/1.37.1/v0.1.12/0.3.19/0.6.6
0,PP162104.1,B.1.1.519,2021-02-26,complete,Homo sapiens,29896,4.3.4/1.37.1/v0.1.12/0.3.19/0.6.6
0,MZ030435.1,B.1.1.519,2021-04-07,complete,Homo sapiens,29782,4.3.4/1.37.1/v0.1.12/0.3.19/0.6.6
0,MW892028.1,B.1.1.519,2021-03-24,complete,Homo sapiens,29867,4.3.4/1.37.1/v0.1.12/0.3.19/0.6.6
0,MZ184950.1,B.1.1.519,2021-04-29,complete,Homo sapiens,29889,4.3.4/1.37.1/v0.1.12/0.3.19/0.6.6
0,PX058692.1,B.1.1.519,2021-03-08,complete,Homo sapiens,29696,4.3.4/1.37.1/v0.1.12/0.3.19/0.6.6
0,MZ202152.1,B.1.1.519,2021-03-29,complete,Homo sapiens,29850,4.3.4/1.37.1/v0.1.12/0.3.19/0.6.6
0,MZ237769.1,B.1.1.519,2021-05-03,complete,Homo sapiens,29829,4.3.4/1.37.1/v0.1.12/0.3.19/0.6.6
0,OK435943.1,B.1.1.519,2021-02-11,complete,Homo sapiens,29820,4.3.4/1.37.1/v0.1.12/0.3.19/0.6.6
0,MZ132675.1,B.1.1.519,2021-04-16,complete,Homo sapiens,29830,4.3.4/1.37.1/v0.1.12/0.3.19/0.6.6
0,MW629281.1,B.1.1.519,2021-01-20,complete,Homo sapiens,29834,4.3.4/1.37.1/v0.1.12/0.3.19/0.6.6
0,MZ001584.1,B.1.1.519,2021-03-26,complete,Homo sapiens,29713,4.3.4/1.37.1/v0.1.12/0.3.19/0.6.6
0,MZ082220.1,B.1.1.519,2021-04-13,complete,Homo sapiens,29820,4.3.4/1.37.1/v0.1.12/0.3.19/0.6.6
0,OR309983.1,B.1.1.519,2021-03-24,complete,Homo sapiens,29827,4.3.4/1.37.1/v0.1.12/0.3.19/0.6.6
0,MZ718433.1,B.1.1.519,2021-03-21,complete,Homo sapiens,29865,4.3.4/1.37.1/v0.1.12/0.3.19/0.6.6
0,MZ083614.1,B.1.1.519,2021-04-01,complete,Homo sapiens,29883,4.3.4/1.37.1/v0.1.12/0.3.19/0.6.6
0,MZ034165.1,B.1.1.519,2021-04-02,complete,Homo sapiens,29864,4.3.4/1.37.1/v0.1.12/0.3.19/0.6.6
0,MZ462748.1,B.1.1.519,2021-04-13,complete,Homo sapiens,29805,4.3.4/1.37.1/v0.1.12/0.3.19/0.6.6
0,MW851591.1,B.1.1.519,2021-03-12,complete,Homo sapiens,29867,4.3.4/1.37.1/v0.1.12/0.3.19/0.6.6
0,MZ512855.1,B.1.1.519,2021-04-12,complete,Homo sapiens,29903,4.3.4/1.37.1/v0.1.12/0.3.19/0.6.6
0,MW583249.1,B.1.1.519,2021-01-14,complete,Homo sapiens,29870,4.3.4/1.37.1/v0.1.12/0.3.19/0.6.6
0,MW697890.1,B.1.1.519,2021-02-11,complete,Homo sapiens,29782,4.3.4/1.37.1/v0.1.12/0.3.19/0.6.6
0,OK436155.1,B.1.1.519,2020-12-22,complete,Homo sapiens,29825,4.3.4/1.37.1/v0.1.12/0.3.19/0.6.6
0,MZ085929.1,B.1.1.519,2021-04-14,complete,Homo sapiens,29903,4.3.4/1.37.1/v0.1.12/0.3.19/0.6.6
0,MZ270925.1,B.1.1.519,2021-04-15,complete,Homo sapiens,29867,4.3.4/1.37.1/v0.1.12/0.3.19/0.6.6
0,MZ055991.1,B.1.1.519,2021-04-05,complete,Homo sapiens,29867,4.3.4/1.37.1/v0.1.12/0.3.19/0.6.6
0,MW851838.1,B.1.1.519,2021-03-11,complete,Homo sapiens,29847,4.3.4/1.37.1/v0.1.12/0.3.19/0.6.6
0,ON062702.1,B.1.1.519,2021-03-10,complete,Homo sapiens,29827,4.3.4/1.37.1/v0.1.12/0.3.19/0.6.6
0,MW891697.1,B.1.1.519,2021-03-22,complete,Homo sapiens,29879,4.3.4/1.37.1/v0.1.12/0.3.19/0.6.6
0,OR307590.1,B.1.1.519,2021-03-22,complete,Homo sapiens,29826,4.3.4/1.37.1/v0.1.12/0.3.19/0.6.6
0,MW681292.1,B.1.1.519,2021-02-11,complete,Homo sapiens,29782,4.3.4/1.37.1/v0.1.12/0.3.19/0.6.6
0,MW969455.1,B.1.1.519,2021-03-25,complete,Homo sapiens,29902,4.3.4/1.37.1/v0.1.12/0.3.19/0.6.6
0,MZ141225.1,B.1.1.519,2021-04-20,complete,Homo sapiens,29714,4.3.4/1.37.1/v0.1.12/0.3.19/0.6.6
0,MZ195770.1,B.1.1.519,2021-04-26,complete,Homo sapiens,29902,4.3.4/1.37.1/v0.1.12/0.3.19/0.6.6
0,MZ158727.1,B.1.1.519,2021-03-29,complete,Homo sapiens,29900,4.3.4/1.37.1/v0.1.12/0.3.19/0.6.6
0,MW989259.1,B.1.1.519,2021-04-04,complete,Homo sapiens,29782,4.3.4/1.37.1/v0.1.12/0.3.19/0.6.6
0,OK436366.1,B.1.1.519,2021-02-10,complete,Homo sapiens,29790,4.3.4/1.37.1/v0.1.12/0.3.19/0.6.6
0,MW777416.1,B.1.1.519,2021-02-18,complete,Homo sapiens,29898,4.3.4/1.37.1/v0.1.12/0.3.19/0.6.6
0,MW749640.1,B.1.1.519,2021-02-27,complete,Homo sapiens,29782,4.3.4/1.37.1/v0.1.12/0.3.19/0.6.6
0,MW891121.1,B.1.1.519,2021-03-19,complete,Homo sapiens,29830,4.3.4/1.37.1/v0.1.12/0.3.19/0.6.6
0,OK435730.1,B.1.1.519,2021-02-17,complete,Homo sapiens,29799,4.3.4/1.37.1/v0.1.12/0.3.19/0.6.6
0,MZ170592.1,B.1.1.519,2021-04-11,complete,Homo sapiens,29836,4.3.4/1.37.1/v0.1.12/0.3.19/0.6.6
0,MZ414585.1,B.1.1.519,2021-03-28,complete,Homo sapiens,29901,4.3.4/1.37.1/v0.1.12/0.3.19/0.6.6
0,OL538368.1,B.1.1.519,2021-04-06,complete,Homo sapiens,29834,4.3.4/1.37.1/v0.1.12/0.3.19/0.6.6
0,MZ472083.1,B.1.1.519,2021-04-01,complete,Homo sapiens,29806,4.3.4/1.37.1/v0.1.12/0.3.19/0.6.6
0,OL369623.1,B.1.1.519,2021-04-29,complete,Homo sapiens,29854,4.3.4/1.37.1/v0.1.12/0.3.19/0.6.6
0,OK188704.1,B.1.1.519,2021-02-19,complete,Homo sapiens,29867,4.3.4/1.37.1/v0.1.12/0.3.19/0.6.6
0,PP046791.1,B.1.1.519,2021-01-21,complete,Homo sapiens,29864,4.3.4/1.37.1/v0.1.12/0.3.19/0.6.6
0,MW966544.1,B.1.1.519,2021-03-16,complete,Homo sapiens,29899,4.3.4/1.37.1/v0.1.12/0.3.19/0.6.6
0,OK435364.1,B.1.1.519,2021-02-13,complete,Homo sapiens,29858,4.3.4/1.37.1/v0.1.12/0.3.19/0.6.6
0,MZ213570.1,B.1.1.519,2021-04-13,complete,Homo sapiens,29902,4.3.4/1.37.1/v0.1.12/0.3.19/0.6.6
0,MW993450.1,B.1.1.519,2021-03-23,complete,Homo sapiens,29902,4.3.4/1.37.1/v0.1.12/0.3.19/0.6.6
0,MZ462469.1,B.1.1.519,2021-04-21,complete,Homo sapiens,29806,4.3.4/1.37.1/v0.1.12/0.3.19/0.6.6
0,OQ756842.1,B.1.1.519,2021-03-19,complete,Homo sapiens,29867,4.3.4/1.37.1/v0.1.12/0.3.19/0.6.6
0,PX058764.1,B.1.1.519,2021-01-22,complete,Homo sapiens,29676,4.3.4/1.37.1/v0.1.12/0.3.19/0.6.6
0,MW992807.1,B.1.1.519,2021-03-20,complete,Homo sapiens,29876,4.3.4/1.37.1/v0.1.12/0.3.19/0.6.6
0,OZ061461.1,B.1.1.519,2021-04-22,complete,Homo sapiens,29798,4.3.4/1.37.1/v0.1.12/0.3.19/0.6.6
0,MZ316726.1,B.1.1.519,2021-05-15,complete,Homo sapiens,29822,4.3.4/1.37.1/v0.1.12/0.3.19/0.6.6
0,MZ367269.1,B.1.1.519,2021-01-21,complete,Homo sapiens,29803,4.3.4/1.37.1/v0.1.12/0.3.19/0.6.6
0,MW816412.1,B.1.1.519,2021-03-10,complete,Homo sapiens,29782,4.3.4/1.37.1/v0.1.12/0.3.19/0.6.6
0,OD940663.1,B.1.1.519,2021-01-15,complete,Homo sapiens,29903,4.3.4/1.37.1/v0.1.12/0.3.19/0.6.6
0,MZ206775.1,B.1.1.519,2021-01-19,complete,Homo sapiens,29802,4.3.4/1.37.1/v0.1.12/0.3.19/0.6.6
0,MZ217419.1,B.1.1.519,2021-04-16,complete,Homo sapiens,29782,4.3.4/1.37.1/v0.1.12/0.3.19/0.6.6
0,MZ454583.1,B.1.1.519,2021-05-02,complete,Homo sapiens,29782,4.3.4/1.37.1/v0.1.12/0.3.19/0.6.6
0,OP764798.1,B.1.1.519,2021-03-08,complete,Homo sapiens,29782,4.3.4/1.37.1/v0.1.12/0.3.19/0.6.6
0,MZ233892.1,B.1.1.519,2021-02-15,complete,Homo sapiens,29836,4.3.4/1.37.1/v0.1.12/0.3.19/0.6.6
0,MZ489959.1,B.1.1.519,2021-01-22,complete,Homo sapiens,29874,4.3.4/1.37.1/v0.1.12/0.3.19/0.6.6
0,MZ013022.1,B.1.1.519,2021-03-25,complete,Homo sapiens,29852,4.3.4/1.37.1/v0.1.12/0.3.19/0.6.6
0,MZ233605.1,B.1.1.519,2021-02-08,complete,Homo sapiens,29836,4.3.4/1.37.1/v0.1.12/0.3.19/0.6.6
0,OK436488.1,B.1.1.519,2021-02-12,complete,Homo sapiens,29821,4.3.4/1.37.1/v0.1.12/0.3.19/0.6.6
0,MZ167774.1,B.1.1.519,2021-04-11,complete,Homo sapiens,29827,4.3.4/1.37.1/v0.1.12/0.3.19/0.6.6
0,MW779311.1,B.1.1.519,2021-02-23,complete,Homo sapiens,29873,4.3.4/1.37.1/v0.1.12/0.3.19/0.6.6
0,OK435670.1,B.1.1.519,2021-02-24,complete,Homo sapiens,29806,4.3.4/1.37.1/v0.1.12/0.3.19/0.6.6
0,MZ131531.1,B.1.1.519,2021-04-15,complete,Homo sapiens,29773,4.3.4/1.37.1/v0.1.12/0.3.19/0.6.6
0,MZ592876.1,B.1.1.519,2021-01-23,complete,Homo sapiens,29835,4.3.4/1.37.1/v0.1.12/0.3.19/0.6.6
0,OK436532.1,B.1.1.519,2021-02-17,complete,Homo sapiens,29799,4.3.4/1.37.1/v0.1.12/0.3.19/0.6.6
0,MW825448.1,B.1.1.519,2021-03-14,complete,Homo sapiens,29776,4.3.4/1.37.1/v0.1.12/0.3.19/0.6.6
0,MW696474.1,B.1.1.519,2021-02-15,complete,Homo sapiens,29782,4.3.4/1.37.1/v0.1.12/0.3.19/0.6.6
0,MW666905.1,B.1.1.519,2021-01-25,complete,Homo sapiens,29782,4.3.4/1.37.1/v0.1.12/0.3.19/0.6.6
0,OR299355.1,B.1.1.519,2021-04-11,complete,Homo sapiens,29824,4.3.4/1.37.1/v0.1.12/0.3.19/0.6.6
0,MW669440.1,B.1.1.519,2021-02-04,complete,Homo sapiens,29782,4.3.4/1.37.1/v0.1.12/0.3.19/0.6.6
0,MZ619756.1,B.1.1.519,2021-04-06,complete,Homo sapiens,29836,4.3.4/1.37.1/v0.1.12/0.3.19/0.6.6
0,MZ246494.1,B.1.1.519,2021-03-17,complete,Homo sapiens,29837,4.3.4/1.37.1/v0.1.12/0.3.19/0.6.6
0,MZ246509.1,B.1.1.519,2021-03-21,complete,Homo sapiens,29851,4.3.4/1.37.1/v0.1.12/0.3.19/0.6.6
0,MZ167299.1,B.1.1.519,2021-04-06,complete,Homo sapiens,29831,4.3.4/1.37.1/v0.1.12/0.3.19/0.6.6
0,MZ368060.1,B.1.1.519,2021-04-30,complete,Homo sapiens,29674,4.3.4/1.37.1/v0.1.12/0.3.19/0.6.6
0,MZ212024.1,B.1.1.519,2021-04-09,complete,Homo sapiens,29872,4.3.4/1.37.1/v0.1.12/0.3.19/0.6.6
0,MW697014.1,B.1.1.519,2021-02-16,complete,Homo sapiens,29782,4.3.4/1.37.1/v0.1.12/0.3.19/0.6.6
0,MW560820.1,B.1.1.519,2021-01-14,complete,Homo sapiens,29782,4.3.4/1.37.1/v0.1.12/0.3.19/0.6.6
0,MZ029961.1,B.1.1.519,2021-04-07,complete,Homo sapiens,29782,4.3.4/1.37.1/v0.1.12/0.3.19/0.6.6
0,MZ310365.1,B.1.1.519,2021-05-11,complete,Homo sapiens,29856,4.3.4/1.37.1/v0.1.12/0.3.19/0.6.6
0,MW930658.1,B.1.1.519,2021-02-24,complete,Homo sapiens,29773,4.3.4/1.37.1/v0.1.12/0.3.19/0.6.6
0,MZ045285.1,B.1.1.519,2021-04-06,complete,Homo sapiens,29782,4.3.4/1.37.1/v0.1.12/0.3.19/0.6.6
0,OM245319.1,B.1.1.519,2021-05-11,complete,Homo sapiens,29849,4.3.4/1.37.1/v0.1.12/0.3.19/0.6.6
0,MW728625.1,B.1.1.519,2021-02-17,complete,Homo sapiens,29782,4.3.4/1.37.1/v0.1.12/0.3.19/0.6.6
0,MZ258885.1,B.1.1.519,2021-03-13,complete,Homo sapiens,29867,4.3.4/1.37.1/v0.1.12/0.3.19/0.6.6
0,MZ015497.1,B.1.1.519,2021-04-02,complete,Homo sapiens,29903,4.3.4/1.37.1/v0.1.12/0.3.19/0.6.6
0,MW669206.1,B.1.1.519,2021-02-08,complete,Homo sapiens,29782,4.3.4/1.37.1/v0.1.12/0.3.19/0.6.6
0,OK436617.1,B.1.1.519,2021-02-12,complete,Homo sapiens,29798,4.3.4/1.37.1/v0.1.12/0.3.19/0.6.6
0,MW731435.1,B.1.1.519,2021-02-15,complete,Homo sapiens,29861,4.3.4/1.37.1/v0.1.12/0.3.19/0.6.6
0,MZ167896.1,B.1.1.519,2021-04-11,complete,Homo sapiens,29818,4.3.4/1.37.1/v0.1.12/0.3.19/0.6.6
0,MZ363811.1,B.1.1.519,2021-05-07,complete,Homo sapiens,29836,4.3.4/1.37.1/v0.1.12/0.3.19/0.6.6
0,OK436243.1,B.1.1.519,2021-02-20,complete,Homo sapiens,29798,4.3.4/1.37.1/v0.1.12/0.3.19/0.6.6
0,MW880653.1,B.1.1.519,2021-03-20,complete,Homo sapiens,29782,4.3.4/1.37.1/v0.1.12/0.3.19/0.6.6
0,MW778535.1,B.1.1.519,2021-02-21,complete,Homo sapiens,29873,4.3.4/1.37.1/v0.1.12/0.3.19/0.6.6
0,PP603533.1,B.1.1.519,2021-02-03,complete,Homo sapiens,29746,4.3.4/1.37.1/v0.1.12/0.3.19/0.6.6
0,MW778347.1,B.1.1.519,2021-02-18,complete,Homo sapiens,29902,4.3.4/1.37.1/v0.1.12/0.3.19/0.6.6
0,MZ202213.1,B.1.1.519,2021-04-05,complete,Homo sapiens,29847,4.3.4/1.37.1/v0.1.12/0.3.19/0.6.6
0,PX058688.1,B.1.1.519,2021-08-23,complete,Homo sapiens,29673,4.3.4/1.37.1/v0.1.12/0.3.19/0.6.6
0,MZ202191.1,B.1.1.519,2021-04-04,complete,Homo sapiens,29833,4.3.4/1.37.1/v0.1.12/0.3.19/0.6.6
0,MZ202434.1,B.1.1.519,2021-03-30,complete,Homo sapiens,29903,4.3.4/1.37.1/v0.1.12/0.3.19/0.6.6
0,MW788779.1,B.1.1.519,2021-02-16,complete,Homo sapiens,29904,4.3.4/1.37.1/v0.1.12/0.3.19/0.6.6
0,MW666613.1,B.1.1.519,2021-02-01,complete,Homo sapiens,29782,4.3.4/1.37.1/v0.1.12/0.3.19/0.6.6
0,MZ023529.1,B.1.1.519,2021-03-29,complete,Homo sapiens,29813,4.3.4/1.37.1/v0.1.12/0.3.19/0.6.6
0,MZ246431.1,B.1.1.519,2021-03-14,complete,Homo sapiens,29836,4.3.4/1.37.1/v0.1.12/0.3.19/0.6.6
0,MZ473564.1,B.1.1.519,2021-03-28,complete,Homo sapiens,29782,4.3.4/1.37.1/v0.1.12/0.3.19/0.6.6
0,MW902625.1,B.1.1.519,2021-03-19,complete,Homo sapiens,29714,4.3.4/1.37.1/v0.1.12/0.3.19/0.6.6
0,MW932013.1,B.1.1.519,2021-03-28,complete,Homo sapiens,29827,4.3.4/1.37.1/v0.1.12/0.3.19/0.6.6
0,MZ322775.1,B.1.1.519,2021-05-18,complete,Homo sapiens,29836,4.3.4/1.37.1/v0.1.12/0.3.19/0.6.6
0,MZ780782.1,B.1.1.519,2021-03-09,complete,Homo sapiens,29849,4.3.4/1.37.1/v0.1.12/0.3.19/0.6.6
0,MZ082752.1,B.1.1.519,2021-04-14,complete,Homo sapiens,29805,4.3.4/1.37.1/v0.1.12/0.3.19/0.6.6
0,MW855800.1,B.1.1.519,2021-03-15,complete,Homo sapiens,29831,4.3.4/1.37.1/v0.1.12/0.3.19/0.6.6
0,PP144082.1,B.1.1.519,2021-03-04,complete,Homo sapiens,29839,4.3.4/1.37.1/v0.1.12/0.3.19/0.6.6
0,MZ619710.1,B.1.1.519,2021-03-29,complete,Homo sapiens,29836,4.3.4/1.37.1/v0.1.12/0.3.19/0.6.6
0,MZ258060.1,B.1.1.519,2021-03-18,complete,Homo sapiens,29866,4.3.4/1.37.1/v0.1.12/0.3.19/0.6.6
0,MZ013836.1,B.1.1.519,2021-04-01,complete,Homo sapiens,29883,4.3.4/1.37.1/v0.1.12/0.3.19/0.6.6
0,MW816312.1,B.1.1.519,2021-03-05,complete,Homo sapiens,29773,4.3.4/1.37.1/v0.1.12/0.3.19/0.6.6
0,MZ237876.1,B.1.1.519,2021-05-01,complete,Homo sapiens,29831,4.3.4/1.37.1/v0.1.12/0.3.19/0.6.6
0,MW778222.1,B.1.1.519,2021-02-20,complete,Homo sapiens,29892,4.3.4/1.37.1/v0.1.12/0.3.19/0.6.6
0,OL891332.1,B.1.1.519,2021-03-08,complete,Homo sapiens,29782,4.3.4/1.37.1/v0.1.12/0.3.19/0.6.6
0,MZ927272.1,B.1.1.519,2021-05-03,complete,Homo sapiens,29836,4.3.4/1.37.1/v0.1.12/0.3.19/0.6.6
0,MW888198.1,B.1.1.519,2021-03-15,complete,Homo sapiens,29867,4.3.4/1.37.1/v0.1.12/0.3.19/0.6.6
0,MW719848.1,B.1.1.519,2021-02-22,complete,Homo sapiens,29782,4.3.4/1.37.1/v0.1.12/0.3.19/0.6.6
0,MZ167910.1,B.1.1.519,2021-04-13,complete,Homo sapiens,29836,4.3.4/1.37.1/v0.1.12/0.3.19/0.6.6
0,MW666438.1,B.1.1.519,2021-02-02,complete,Homo sapiens,29782,4.3.4/1.37.1/v0.1.12/0.3.19/0.6.6
0,OM105112.1,B.1.1.519,2021-02-01,complete,Homo sapiens,29875,4.3.4/1.37.1/v0.1.12/0.3.19/0.6.6
0,MZ363805.1,B.1.1.519,2021-05-07,complete,Homo sapiens,29836,4.3.4/1.37.1/v0.1.12/0.3.19/0.6.6
0,PP613369.1,B.1.1.519,2021-04-28,complete,Homo sapiens,29740,4.3.4/1.37.1/v0.1.12/0.3.19/0.6.6
0,MZ156646.1,B.1.1.519,2021-03-21,complete,Homo sapiens,29903,4.3.4/1.37.1/v0.1.12/0.3.19/0.6.6
0,MZ002410.1,B.1.1.519,2021-03-29,complete,Homo sapiens,29714,4.3.4/1.37.1/v0.1.12/0.3.19/0.6.6
0,OM128931.1,B.1.1.519,2021-02-25,complete,Homo sapiens,29869,4.3.4/1.37.1/v0.1.12/0.3.19/0.6.6
0,MW804886.1,B.1.1.519,2021-03-07,complete,Homo sapiens,29782,4.3.4/1.37.1/v0.1.12/0.3.19/0.6.6
0,OM433981.1,B.1.1.519,2021-03-22,complete,Homo sapiens,29887,4.3.4/1.37.1/v0.1.12/0.3.19/0.6.6
0,MW719613.1,B.1.1.519,2021-02-19,complete,Homo sapiens,29782,4.3.4/1.37.1/v0.1.12/0.3.19/0.6.6
0,MZ192285.1,B.1.1.519,2021-04-20,complete,Homo sapiens,29836,4.3.4/1.37.1/v0.1.12/0.3.19/0.6.6
0,MZ167125.1,B.1.1.519,2021-04-08,complete,Homo sapiens,29834,4.3.4/1.37.1/v0.1.12/0.3.19/0.6.6
0,MZ424238.1,B.1.1.519,2021-05-25,complete,Homo sapiens,29836,4.3.4/1.37.1/v0.1.12/0.3.19/0.6.6
0,PQ999355.1,B.1.1.519,2021-01-24,complete,Homo sapiens,29771,4.3.4/1.37.1/v0.1.12/0.3.19/0.6.6
0,MZ028763.1,B.1.1.519,2021-04-08,complete,Homo sapiens,29867,4.3.4/1.37.1/v0.1.12/0.3.19/0.6.6
0,OK436516.1,B.1.1.519,2021-02-10,complete,Homo sapiens,29824,4.3.4/1.37.1/v0.1.12/0.3.19/0.6.6
0,OX444132.1,B.1.1.519,2021-03-23,complete,Homo sapiens,29913,4.3.4/1.37.1/v0.1.12/0.3.19/0.6.6
0,MZ295078.1,B.1.1.519,2021-03-30,complete,Homo sapiens,29859,4.3.4/1.37.1/v0.1.12/0.3.19/0.6.6
0,MZ718598.1,B.1.1.519,2021-03-16,complete,Homo sapiens,29893,4.3.4/1.37.1/v0.1.12/0.3.19/0.6.6
0,OM244998.1,B.1.1.519,2021-05-03,complete,Homo sapiens,29875,4.3.4/1.37.1/v0.1.12/0.3.19/0.6.6
0,MZ683849.1,B.1.1.519,2021-04-29,complete,Homo sapiens,29823,4.3.4/1.37.1/v0.1.12/0.3.19/0.6.6
0,MW921915.1,B.1.1.519,2021-02-09,complete,Homo sapiens,29815,4.3.4/1.37.1/v0.1.12/0.3.19/0.6.6
0,OR309495.1,B.1.1.519,2021-05-31,complete,Homo sapiens,29816,4.3.4/1.37.1/v0.1.12/0.3.19/0.6.6
0,PP605611.1,B.1.1.519,2021-02-26,complete,Homo sapiens,29744,4.3.4/1.37.1/v0.1.12/0.3.19/0.6.6
0,MZ203227.1,B.1.1.519,2021-04-21,complete,Homo sapiens,29836,4.3.4/1.37.1/v0.1.12/0.3.19/0.6.6
0,MW720079.1,B.1.1.519,2021-02-15,complete,Homo sapiens,29782,4.3.4/1.37.1/v0.1.12/0.3.19/0.6.6
0,PX058762.1,B.1.1.519,2021-03-20,complete,Homo sapiens,29687,4.3.4/1.37.1/v0.1.12/0.3.19/0.6.6
0,PP046818.1,B.1.1.519,2021-01-27,complete,Homo sapiens,29849,4.3.4/1.37.1/v0.1.12/0.3.19/0.6.6
0,MZ184767.1,B.1.1.519,2021-04-27,complete,Homo sapiens,29898,4.3.4/1.37.1/v0.1.12/0.3.19/0.6.6
0,MZ013829.1,B.1.1.519,2021-03-30,complete,Homo sapiens,29870,4.3.4/1.37.1/v0.1.12/0.3.19/0.6.6
0,MW684583.1,B.1.1.519,2021-01-28,complete,Homo sapiens,29817,4.3.4/1.37.1/v0.1.12/0.3.19/0.6.6
0,MZ059567.1,B.1.1.519,2021-04-11,complete,Homo sapiens,29836,4.3.4/1.37.1/v0.1.12/0.3.19/0.6.6
0,MZ039219.1,B.1.1.519,2021-04-06,complete,Homo sapiens,29714,4.3.4/1.37.1/v0.1.12/0.3.19/0.6.6
0,OD941044.1,B.1.1.519,2021-01-15,complete,Homo sapiens,29903,4.3.4/1.37.1/v0.1.12/0.3.19/0.6.6
0,MZ203104.1,B.1.1.519,2021-04-17,complete,Homo sapiens,29836,4.3.4/1.37.1/v0.1.12/0.3.19/0.6.6
0,MW864332.1,B.1.1.519,2021-03-19,complete,Homo sapiens,29782,4.3.4/1.37.1/v0.1.12/0.3.19/0.6.6
0,MW877763.1,B.1.1.519,2021-03-22,complete,Homo sapiens,29782,4.3.4/1.37.1/v0.1.12/0.3.19/0.6.6
0,MW733521.1,B.1.1.519,2021-02-23,complete,Homo sapiens,29782,4.3.4/1.37.1/v0.1.12/0.3.19/0.6.6
0,PQ999423.1,B.1.1.519,2021-03-01,complete,Homo sapiens,29771,4.3.4/1.37.1/v0.1.12/0.3.19/0.6.6
0,OK435305.1,B.1.1.519,2021-02-08,complete,Homo sapiens,29792,4.3.4/1.37.1/v0.1.12/0.3.19/0.6.6
0,MW777478.1,B.1.1.519,2021-02-18,complete,Homo sapiens,29873,4.3.4/1.37.1/v0.1.12/0.3.19/0.6.6
0,MW968605.1,B.1.1.519,2021-03-24,complete,Homo sapiens,29888,4.3.4/1.37.1/v0.1.12/0.3.19/0.6.6
0,MZ474121.1,B.1.1.519,2021-01-26,complete,Homo sapiens,29782,4.3.4/1.37.1/v0.1.12/0.3.19/0.6.6
0,MW668571.1,B.1.1.519,2021-02-01,complete,Homo sapiens,29782,4.3.4/1.37.1/v0.1.12/0.3.19/0.6.6
0,OK435229.1,B.1.1.519,2021-02-11,complete,Homo sapiens,29850,4.3.4/1.37.1/v0.1.12/0.3.19/0.6.6
0,MZ024968.1,B.1.1.519,2021-04-02,complete,Homo sapiens,29894,4.3.4/1.37.1/v0.1.12/0.3.19/0.6.6
0,MZ131955.1,B.1.1.519,2021-04-15,complete,Homo sapiens,29782,4.3.4/1.37.1/v0.1.12/0.3.19/0.6.6
0,MW763596.1,B.1.1.519,2021-02-26,complete,Homo sapiens,29782,4.3.4/1.37.1/v0.1.12/0.3.19/0.6.6
0,MW891698.1,B.1.1.519,2021-03-22,complete,Homo sapiens,29892,4.3.4/1.37.1/v0.1.12/0.3.19/0.6.6
0,MW993455.1,B.1.1.519,2021-03-23,complete,Homo sapiens,29903,4.3.4/1.37.1/v0.1.12/0.3.19/0.6.6
0,MW851502.1,B.1.1.519,2021-03-06,complete,Homo sapiens,29867,4.3.4/1.37.1/v0.1.12/0.3.19/0.6.6
0,MW968611.1,B.1.1.519,2021-03-24,complete,Homo sapiens,29899,4.3.4/1.37.1/v0.1.12/0.3.19/0.6.6
0,MZ082694.1,B.1.1.519,2021-04-14,complete,Homo sapiens,29867,4.3.4/1.37.1/v0.1.12/0.3.19/0.6.6
0,PQ999213.1,B.1.1.519,2021-02-16,complete,Homo sapiens,29803,4.3.4/1.37.1/v0.1.12/0.3.19/0.6.6
0,MW792583.1,B.1.1.519,2021-03-08,complete,Homo sapiens,29782,4.3.4/1.37.1/v0.1.12/0.3.19/0.6.6
0,MW903320.1,B.1.1.519,2021-03-16,complete,Homo sapiens,29715,4.3.4/1.37.1/v0.1.12/0.3.19/0.6.6
0,MW964503.1,B.1.1.519,2021-04-04,complete,Homo sapiens,29782,4.3.4/1.37.1/v0.1.12/0.3.19/0.6.6
0,MW788795.1,B.1.1.519,2021-02-22,complete,Homo sapiens,29904,4.3.4/1.37.1/v0.1.12/0.3.19/0.6.6
0,PQ999268.1,B.1.1.519,2021-02-17,complete,Homo sapiens,29771,4.3.4/1.37.1/v0.1.12/0.3.19/0.6.6
0,MW793628.1,B.1.1.519,2021-03-03,complete,Homo sapiens,29768,4.3.4/1.37.1/v0.1.12/0.3.19/0.6.6
0,MZ132663.1,B.1.1.519,2021-04-16,complete,Homo sapiens,29830,4.3.4/1.37.1/v0.1.12/0.3.19/0.6.6
0,PP119983.1,B.1.1.519,2021-03-09,complete,Homo sapiens,29846,4.3.4/1.37.1/v0.1.12/0.3.19/0.6.6
0,OL475366.1,B.1.1.519,2021-03-08,complete,Homo sapiens,29715,4.3.4/1.37.1/v0.1.12/0.3.19/0.6.6
0,MW995106.1,B.1.1.519,2021-03-18,complete,Homo sapiens,29869,4.3.4/1.37.1/v0.1.12/0.3.19/0.6.6
0,MZ165816.1,B.1.1.519,2021-03,complete,Homo sapiens,29802,4.3.4/1.37.1/v0.1.12/0.3.19/0.6.6
0,OL701898.1,B.1.1.519,2021-03-27,complete,Homo sapiens,29827,4.3.4/1.37.1/v0.1.12/0.3.19/0.6.6
0,MZ310317.1,B.1.1.519,2021-05-05,complete,Homo sapiens,29812,4.3.4/1.37.1/v0.1.12/0.3.19/0.6.6
0,MZ359723.1,B.1.1.519,2021-04-21,complete,Homo sapiens,29836,4.3.4/1.37.1/v0.1.12/0.3.19/0.6.6
0,MW728750.1,B.1.1.519,2021-02-16,complete,Homo sapiens,29782,4.3.4/1.37.1/v0.1.12/0.3.19/0.6.6
0,MZ310294.1,B.1.1.519,2021-05-10,complete,Homo sapiens,29836,4.3.4/1.37.1/v0.1.12/0.3.19/0.6.6
0,MW734953.1,B.1.1.519,2021-02-21,complete,Homo sapiens,29714,4.3.4/1.37.1/v0.1.12/0.3.19/0.6.6
0,PQ967150.1,B.1.1.519,2021-01-27,complete,Homo sapiens,29771,4.3.4/1.37.1/v0.1.12/0.3.19/0.6.6
0,MZ306359.1,B.1.1.519,2021-05-11,complete,Homo sapiens,29714,4.3.4/1.37.1/v0.1.12/0.3.19/0.6.6
0,MW779300.1,B.1.1.519,2021-02-23,complete,Homo sapiens,29896,4.3.4/1.37.1/v0.1.12/0.3.19/0.6.6
0,MZ259056.1,B.1.1.519,2021-03-02,complete,Homo sapiens,29896,4.3.4/1.37.1/v0.1.12/0.3.19/0.6.6
0,MZ927506.1,B.1.1.519,2021-05-06,complete,Homo sapiens,29836,4.3.4/1.37.1/v0.1.12/0.3.19/0.6.6
0,OK435957.1,B.1.1.519,2021-02-09,complete,Homo sapiens,29822,4.3.4/1.37.1/v0.1.12/0.3.19/0.6.6
0,MZ500368.1,B.1.1.519,2021-04-15,complete,Homo sapiens,29817,4.3.4/1.37.1/v0.1.12/0.3.19/0.6.6
0,MW733352.1,B.1.1.519,2021-02-20,complete,Homo sapiens,29782,4.3.4/1.37.1/v0.1.12/0.3.19/0.6.6
0,MW733293.1,B.1.1.519,2021-02-25,complete,Homo sapiens,29782,4.3.4/1.37.1/v0.1.12/0.3.19/0.6.6
0,MW763873.1,B.1.1.519,2021-03-01,complete,Homo sapiens,29782,4.3.4/1.37.1/v0.1.12/0.3.19/0.6.6
0,MZ195455.1,B.1.1.519,2021-04-24,complete,Homo sapiens,29903,4.3.4/1.37.1/v0.1.12/0.3.19/0.6.6
0,MZ233873.1,B.1.1.519,2021-02-15,complete,Homo sapiens,29836,4.3.4/1.37.1/v0.1.12/0.3.19/0.6.6
0,OK436358.1,B.1.1.519,2021-02-18,complete,Homo sapiens,29803,4.3.4/1.37.1/v0.1.12/0.3.19/0.6.6
0,MW959499.1,B.1.1.519,2021-04-03,complete,Homo sapiens,29782,4.3.4/1.37.1/v0.1.12/0.3.19/0.6.6
0,ON876606.1,B.1.1.519,2021-02,complete,Homo sapiens,29807,4.3.4/1.37.1/v0.1.12/0.3.19/0.6.6
0,MW994115.1,B.1.1.519,2021-03-12,complete,Homo sapiens,29878,4.3.4/1.37.1/v0.1.12/0.3.19/0.6.6
0,MW848179.1,B.1.1.519,2021-03-12,complete,Homo sapiens,29831,4.3.4/1.37.1/v0.1.12/0.3.19/0.6.6
0,MZ258830.1,B.1.1.519,2021-03-14,complete,Homo sapiens,29886,4.3.4/1.37.1/v0.1.12/0.3.19/0.6.6
0,MZ233866.1,B.1.1.519,2021-02-15,complete,Homo sapiens,29836,4.3.4/1.37.1/v0.1.12/0.3.19/0.6.6
0,MZ424245.1,B.1.1.519,2021-06-03,complete,Homo sapiens,29836,4.3.4/1.37.1/v0.1.12/0.3.19/0.6.6
0,MW850913.1,B.1.1.519,2021-02-28,complete,Homo sapiens,29867,4.3.4/1.37.1/v0.1.12/0.3.19/0.6.6
0,MW993480.1,B.1.1.519,2021-03-23,complete,Homo sapiens,29903,4.3.4/1.37.1/v0.1.12/0.3.19/0.6.6
0,OK192479.1,B.1.1.519,2021-03-24,complete,Homo sapiens,29827,4.3.4/1.37.1/v0.1.12/0.3.19/0.6.6
0,PQ999320.1,B.1.1.519,2021-01-11,complete,Homo sapiens,29771,4.3.4/1.37.1/v0.1.12/0.3.19/0.6.6
0,PQ967365.1,B.1.1.519,2021-01-22,complete,Homo sapiens,29803,4.3.4/1.37.1/v0.1.12/0.3.19/0.6.6
0,PP606045.1,B.1.1.519,2021-02-28,complete,Homo sapiens,29743,4.3.4/1.37.1/v0.1.12/0.3.19/0.6.6
0,MZ064628.1,B.1.1.519,2021-04-12,complete,Homo sapiens,29870,4.3.4/1.37.1/v0.1.12/0.3.19/0.6.6
0,MZ167972.1,B.1.1.519,2021-04-11,complete,Homo sapiens,29824,4.3.4/1.37.1/v0.1.12/0.3.19/0.6.6
0,MZ359708.1,B.1.1.519,2021-04-26,complete,Homo sapiens,29853,4.3.4/1.37.1/v0.1.12/0.3.19/0.6.6
0,MZ444341.1,B.1.1.519,2021-04-08,complete,Homo sapiens,29849,4.3.4/1.37.1/v0.1.12/0.3.19/0.6.6
0,MW989777.1,B.1.1.519,2021-03-25,complete,Homo sapiens,29857,4.3.4/1.37.1/v0.1.12/0.3.19/0.6.6
0,MZ170612.1,B.1.1.519,2021-04-11,complete,Homo sapiens,29826,4.3.4/1.37.1/v0.1.12/0.3.19/0.6.6
0,MZ359689.1,B.1.1.519,2021-05-27,complete,Homo sapiens,29839,4.3.4/1.37.1/v0.1.12/0.3.19/0.6.6
0,MZ201881.1,B.1.1.519,2021-04-25,complete,Homo sapiens,29830,4.3.4/1.37.1/v0.1.12/0.3.19/0.6.6
0,MW684604.1,B.1.1.519,2021-02-05,complete,Homo sapiens,29841,4.3.4/1.37.1/v0.1.12/0.3.19/0.6.6
0,OR304736.1,B.1.1.519,2021-02-19,complete,Homo sapiens,29820,4.3.4/1.37.1/v0.1.12/0.3.19/0.6.6
0,MZ264842.1,B.1.1.519,2021-02-18,complete,Homo sapiens,29871,4.3.4/1.37.1/v0.1.12/0.3.19/0.6.6
0,MW988753.1,B.1.1.519,2021-04-06,complete,Homo sapiens,29782,4.3.4/1.37.1/v0.1.12/0.3.19/0.6.6
0,OK217574.1,B.1.1.519,2021-04-03,complete,Homo sapiens,29865,4.3.4/1.37.1/v0.1.12/0.3.19/0.6.6
0,MZ416115.1,B.1.1.519,2021-05-13,complete,Homo sapiens,29830,4.3.4/1.37.1/v0.1.12/0.3.19/0.6.6
0,MZ294989.1,B.1.1.519,2021-03-29,complete,Homo sapiens,29870,4.3.4/1.37.1/v0.1.12/0.3.19/0.6.6
0,OK435375.1,B.1.1.519,2021-02-13,complete,Homo sapiens,29823,4.3.4/1.37.1/v0.1.12/0.3.19/0.6.6
0,MW782986.1,B.1.1.519,2021-03-05,complete,Homo sapiens,29781,4.3.4/1.37.1/v0.1.12/0.3.19/0.6.6
0,MZ245690.1,B.1.1.519,2021-03-06,complete,Homo sapiens,29836,4.3.4/1.37.1/v0.1.12/0.3.19/0.6.6
0,MW816338.1,B.1.1.519,2021-03-10,complete,Homo sapiens,29782,4.3.4/1.37.1/v0.1.12/0.3.19/0.6.6
0,MZ685559.1,B.1.1.519,2021-05-12,complete,Homo sapiens,29816,4.3.4/1.37.1/v0.1.12/0.3.19/0.6.6
0,MW804979.1,B.1.1.519,2021-03-08,complete,Homo sapiens,29782,4.3.4/1.37.1/v0.1.12/0.3.19/0.6.6
0,MZ358682.1,B.1.1.519,2021-04-10,complete,Homo sapiens,29867,4.3.4/1.37.1/v0.1.12/0.3.19/0.6.6
0,MW772020.1,B.1.1.519,2021-02-27,complete,Homo sapiens,29873,4.3.4/1.37.1/v0.1.12/0.3.19/0.6.6
0,MW778212.1,B.1.1.519,2021-02-20,complete,Homo sapiens,29895,4.3.4/1.37.1/v0.1.12/0.3.19/0.6.6
0,MZ310332.1,B.1.1.519,2021-05-12,complete,Homo sapiens,29836,4.3.4/1.37.1/v0.1.12/0.3.19/0.6.6
0,MZ310297.1,B.1.1.519,2021-05-04,complete,Homo sapiens,29838,4.3.4/1.37.1/v0.1.12/0.3.19/0.6.6
0,MZ022808.1,B.1.1.519,2021-03-26,complete,Homo sapiens,29898,4.3.4/1.37.1/v0.1.12/0.3.19/0.6.6
0,MW764102.1,B.1.1.519,2021-02-27,complete,Homo sapiens,29773,4.3.4/1.37.1/v0.1.12/0.3.19/0.6.6
0,OL352744.1,B.1.1.519,2021-01-20,complete,Homo sapiens,29778,4.3.4/1.37.1/v0.1.12/0.3.19/0.6.6
0,PP144800.1,B.1.1.519,2021-03-15,complete,Homo sapiens,29846,4.3.4/1.37.1/v0.1.12/0.3.19/0.6.6
0,OQ204300.1,B.1.1.519,2021-03-25,complete,Homo sapiens,29782,4.3.4/1.37.1/v0.1.12/0.3.19/0.6.6
0,MW849908.1,B.1.1.519,2021-03-03,complete,Homo sapiens,29861,4.3.4/1.37.1/v0.1.12/0.3.19/0.6.6
0,OK436598.1,B.1.1.519,2021-02-09,complete,Homo sapiens,29798,4.3.4/1.37.1/v0.1.12/0.3.19/0.6.6
0,MW777958.1,B.1.1.519,2021-02-19,complete,Homo sapiens,29886,4.3.4/1.37.1/v0.1.12/0.3.19/0.6.6
0,MW736618.1,B.1.1.519,2021-01-16,complete,Homo sapiens,29844,4.3.4/1.37.1/v0.1.12/0.3.19/0.6.6
0,MZ506141.1,B.1.1.519,2021-06-07,complete,Homo sapiens,29818,4.3.4/1.37.1/v0.1.12/0.3.19/0.6.6
0,MZ500247.1,B.1.1.519,2021-01-04,complete,Homo sapiens,29849,4.3.4/1.37.1/v0.1.12/0.3.19/0.6.6
0,MW968850.1,B.1.1.519,2021-03-25,complete,Homo sapiens,29875,4.3.4/1.37.1/v0.1.12/0.3.19/0.6.6
0,MW993085.1,B.1.1.519,2021-03-12,complete,Homo sapiens,29882,4.3.4/1.37.1/v0.1.12/0.3.19/0.6.6
0,MW669028.1,B.1.1.519,2021-02-06,complete,Homo sapiens,29782,4.3.4/1.37.1/v0.1.12/0.3.19/0.6.6
0,MW825392.1,B.1.1.519,2021-03-14,complete,Homo sapiens,29782,4.3.4/1.37.1/v0.1.12/0.3.19/0.6.6
0,MW728394.1,B.1.1.519,2021-02-22,complete,Homo sapiens,29782,4.3.4/1.37.1/v0.1.12/0.3.19/0.6.6
0,OK547785.1,B.1.1.519,2021-05-04,complete,Homo sapiens,29598,4.3.4/1.37.1/v0.1.12/0.3.19/0.6.6
0,MW738441.1,B.1.1.519,2021-01-26,complete,Homo sapiens,29851,4.3.4/1.37.1/v0.1.12/0.3.19/0.6.6
0,OK546961.1,B.1.1.519,2020-12-23,complete,Homo sapiens,29598,4.3.4/1.37.1/v0.1.12/0.3.19/0.6.6
0,MW968974.1,B.1.1.519,2021-03-25,complete,Homo sapiens,29873,4.3.4/1.37.1/v0.1.12/0.3.19/0.6.6
0,MZ186814.1,B.1.1.519,2021-04-15,complete,Homo sapiens,29899,4.3.4/1.37.1/v0.1.12/0.3.19/0.6.6
0,MZ045024.1,B.1.1.519,2021-04-09,complete,Homo sapiens,29782,4.3.4/1.37.1/v0.1.12/0.3.19/0.6.6
0,MZ006761.1,B.1.1.519,2021-04-01,complete,Homo sapiens,29832,4.3.4/1.37.1/v0.1.12/0.3.19/0.6.6
0,MZ002241.1,B.1.1.519,2021-03-29,complete,Homo sapiens,29714,4.3.4/1.37.1/v0.1.12/0.3.19/0.6.6
0,PX058725.1,B.1.1.519,2021-01-28,complete,Homo sapiens,29696,4.3.4/1.37.1/v0.1.12/0.3.19/0.6.6
0,MZ927528.1,B.1.1.519,2021-05-05,complete,Homo sapiens,29836,4.3.4/1.37.1/v0.1.12/0.3.19/0.6.6
0,MZ260048.1,B.1.1.519,2021-03-04,complete,Homo sapiens,29870,4.3.4/1.37.1/v0.1.12/0.3.19/0.6.6
0,MZ008993.1,B.1.1.519,2021-04-01,complete,Homo sapiens,29827,4.3.4/1.37.1/v0.1.12/0.3.19/0.6.6
0,MZ579323.1,B.1.1.519,2021-02-10,complete,Homo sapiens,29903,4.3.4/1.37.1/v0.1.12/0.3.19/0.6.6
0,MW731743.1,B.1.1.519,2021-02-19,complete,Homo sapiens,29819,4.3.4/1.37.1/v0.1.12/0.3.19/0.6.6
0,MW993723.1,B.1.1.519,2021-03-13,complete,Homo sapiens,29903,4.3.4/1.37.1/v0.1.12/0.3.19/0.6.6
0,PQ999370.1,B.1.1.519,2021-01-29,complete,Homo sapiens,29771,4.3.4/1.37.1/v0.1.12/0.3.19/0.6.6
0,OK435242.1,B.1.1.519,2021-02-11,complete,Homo sapiens,29824,4.3.4/1.37.1/v0.1.12/0.3.19/0.6.6
0,MZ154515.1,B.1.1.519,2021-04-18,complete,Homo sapiens,29830,4.3.4/1.37.1/v0.1.12/0.3.19/0.6.6
0,PV002189.1,B.1.1.519,2021-04-05,complete,Homo sapiens,29803,4.3.4/1.37.1/v0.1.12/0.3.19/0.6.6
0,MZ153449.1,B.1.1.519,2021-04-19,complete,Homo sapiens,29824,4.3.4/1.37.1/v0.1.12/0.3.19/0.6.6
0,MZ203298.1,B.1.1.519,2021-04-22,complete,Homo sapiens,29836,4.3.4/1.37.1/v0.1.12/0.3.19/0.6.6
0,MZ927148.1,B.1.1.519,2021-04-29,complete,Homo sapiens,29864,4.3.4/1.37.1/v0.1.12/0.3.19/0.6.6
0,MZ202384.1,B.1.1.519,2021-04-07,complete,Homo sapiens,29837,4.3.4/1.37.1/v0.1.12/0.3.19/0.6.6
0,MZ011146.1,B.1.1.519,2021-04-01,complete,Homo sapiens,29863,4.3.4/1.37.1/v0.1.12/0.3.19/0.6.6
0,MZ000337.1,B.1.1.519,2021-03-26,complete,Homo sapiens,29712,4.3.4/1.37.1/v0.1.12/0.3.19/0.6.6
0,MZ398538.1,B.1.1.519,2021-04-13,complete,Homo sapiens,29725,4.3.4/1.37.1/v0.1.12/0.3.19/0.6.6
0,MW966446.1,B.1.1.519,2021-03-13,complete,Homo sapiens,29900,4.3.4/1.37.1/v0.1.12/0.3.19/0.6.6
0,MZ373712.1,B.1.1.519,2021-03-27,complete,Homo sapiens,29868,4.3.4/1.37.1/v0.1.12/0.3.19/0.6.6
0,MW805171.1,B.1.1.519,2021-03-07,complete,Homo sapiens,29782,4.3.4/1.37.1/v0.1.12/0.3.19/0.6.6
0,MW767565.1,B.1.1.519,2021-02-24,complete,Homo sapiens,29813,4.3.4/1.37.1/v0.1.12/0.3.19/0.6.6
0,MZ283494.1,B.1.1.519,2021-04-22,complete,Homo sapiens,29882,4.3.4/1.37.1/v0.1.12/0.3.19/0.6.6
0,MW903949.1,B.1.1.519,2021-03-24,complete,Homo sapiens,29714,4.3.4/1.37.1/v0.1.12/0.3.19/0.6.6
0,MZ192216.1,B.1.1.519,2021-04-23,complete,Homo sapiens,29830,4.3.4/1.37.1/v0.1.12/0.3.19/0.6.6
0,MZ414319.1,B.1.1.519,2021-06-02,complete,Homo sapiens,29836,4.3.4/1.37.1/v0.1.12/0.3.19/0.6.6
0,OP123068.1,B.1.1.519,2021-04-13,complete,Homo sapiens,29846,4.3.4/1.37.1/v0.1.12/0.3.19/0.6.6
0,MZ279502.1,B.1.1.519,2021-04-30,complete,Homo sapiens,29831,4.3.4/1.37.1/v0.1.12/0.3.19/0.6.6
0,MW837422.1,B.1.1.519,2021-01-20,complete,Homo sapiens,29904,4.3.4/1.37.1/v0.1.12/0.3.19/0.6.6
0,MW993543.1,B.1.1.519,2021-03-24,complete,Homo sapiens,29902,4.3.4/1.37.1/v0.1.12/0.3.19/0.6.6
0,MZ190245.1,B.1.1.519,2021-04-13,complete,Homo sapiens,29782,4.3.4/1.37.1/v0.1.12/0.3.19/0.6.6
0,MW969278.1,B.1.1.519,2021-03-25,complete,Homo sapiens,29898,4.3.4/1.37.1/v0.1.12/0.3.19/0.6.6
0,MW825537.1,B.1.1.519,2021-03-15,complete,Homo sapiens,29782,4.3.4/1.37.1/v0.1.12/0.3.19/0.6.6
0,MZ003248.1,B.1.1.519,2021-03-30,complete,Homo sapiens,29714,4.3.4/1.37.1/v0.1.12/0.3.19/0.6.6
0,MZ047450.1,B.1.1.519,2021-04-02,complete,Homo sapiens,29726,4.3.4/1.37.1/v0.1.12/0.3.19/0.6.6
0,MZ676142.1,B.1.1.519,2021-04-26,complete,Homo sapiens,29836,4.3.4/1.37.1/v0.1.12/0.3.19/0.6.6
0,MZ283498.1,B.1.1.519,2021-04-22,complete,Homo sapiens,29871,4.3.4/1.37.1/v0.1.12/0.3.19/0.6.6
0,OM163506.1,B.1.1.519,2021-04-08,complete,Homo sapiens,29782,4.3.4/1.37.1/v0.1.12/0.3.19/0.6.6
0,MZ022155.1,B.1.1.519,2021-03-29,complete,Homo sapiens,29882,4.3.4/1.37.1/v0.1.12/0.3.19/0.6.6
0,OK436424.1,B.1.1.519,2021-02-17,complete,Homo sapiens,29799,4.3.4/1.37.1/v0.1.12/0.3.19/0.6.6
0,OM757385.1,B.1.1.519,2021-03-11,complete,Homo sapiens,29782,4.3.4/1.37.1/v0.1.12/0.3.19/0.6.6
0,MZ512674.1,B.1.1.519,2021-03-31,complete,Homo sapiens,29903,4.3.4/1.37.1/v0.1.12/0.3.19/0.6.6
0,MZ927238.1,B.1.1.519,2021-04-30,complete,Homo sapiens,29843,4.3.4/1.37.1/v0.1.12/0.3.19/0.6.6
0,MZ156925.1,B.1.1.519,2021-04-16,complete,Homo sapiens,29836,4.3.4/1.37.1/v0.1.12/0.3.19/0.6.6
0,MZ348468.1,B.1.1.519,2021-05-14,complete,Homo sapiens,29836,4.3.4/1.37.1/v0.1.12/0.3.19/0.6.6
0,MZ075691.1,B.1.1.519,2021-04-04,complete,Homo sapiens,29891,4.3.4/1.37.1/v0.1.12/0.3.19/0.6.6
0,MW733572.1,B.1.1.519,2021-02-23,complete,Homo sapiens,29782,4.3.4/1.37.1/v0.1.12/0.3.19/0.6.6
0,MW766776.1,B.1.1.519,2021-02-26,complete,Homo sapiens,29867,4.3.4/1.37.1/v0.1.12/0.3.19/0.6.6
0,MZ927529.1,B.1.1.519,2021-05-04,complete,Homo sapiens,29844,4.3.4/1.37.1/v0.1.12/0.3.19/0.6.6
0,OK219129.1,B.1.1.519,2021-03-31,complete,Homo sapiens,29900,4.3.4/1.37.1/v0.1.12/0.3.19/0.6.6
0,MZ244759.1,B.1.1.519,2021-05-10,complete,Homo sapiens,29898,4.3.4/1.37.1/v0.1.12/0.3.19/0.6.6
0,MZ322566.1,B.1.1.519,2021-05-13,complete,Homo sapiens,29833,4.3.4/1.37.1/v0.1.12/0.3.19/0.6.6
0,MZ071134.1,B.1.1.519,2021-04-12,complete,Homo sapiens,29714,4.3.4/1.37.1/v0.1.12/0.3.19/0.6.6
0,MZ927256.1,B.1.1.519,2021-04-28,complete,Homo sapiens,29836,4.3.4/1.37.1/v0.1.12/0.3.19/0.6.6
0,PQ999322.1,B.1.1.519,2021-01-12,complete,Homo sapiens,29771,4.3.4/1.37.1/v0.1.12/0.3.19/0.6.6
0,MW993929.1,B.1.1.519,2021-03-14,complete,Homo sapiens,29890,4.3.4/1.37.1/v0.1.12/0.3.19/0.6.6
0,MZ011847.1,B.1.1.519,2021-03-27,complete,Homo sapiens,29863,4.3.4/1.37.1/v0.1.12/0.3.19/0.6.6
0,MZ258599.1,B.1.1.519,2021-03-02,complete,Homo sapiens,29870,4.3.4/1.37.1/v0.1.12/0.3.19/0.6.6
0,PQ999292.1,B.1.1.519,2021-03-05,complete,Homo sapiens,29771,4.3.4/1.37.1/v0.1.12/0.3.19/0.6.6
0,MW793206.1,B.1.1.519,2021-03-01,complete,Homo sapiens,29782,4.3.4/1.37.1/v0.1.12/0.3.19/0.6.6
0,OK192257.1,B.1.1.519,2021-03-25,complete,Homo sapiens,29831,4.3.4/1.37.1/v0.1.12/0.3.19/0.6.6
0,MW728722.1,B.1.1.519,2021-02-20,complete,Homo sapiens,29782,4.3.4/1.37.1/v0.1.12/0.3.19/0.6.6
0,PQ964391.1,B.1.1.519,2021-03-17,complete,Homo sapiens,29803,4.3.4/1.37.1/v0.1.12/0.3.19/0.6.6
0,MZ449159.1,B.1.1.519,2021-04-02,complete,Homo sapiens,29867,4.3.4/1.37.1/v0.1.12/0.3.19/0.6.6
0,MZ260919.1,B.1.1.519,2021-05-03,complete,Homo sapiens,29824,4.3.4/1.37.1/v0.1.12/0.3.19/0.6.6
0,MZ011467.1,B.1.1.519,2021-03-23,complete,Homo sapiens,29864,4.3.4/1.37.1/v0.1.12/0.3.19/0.6.6
0,MZ021215.1,B.1.1.519,2021-03-24,complete,Homo sapiens,29870,4.3.4/1.37.1/v0.1.12/0.3.19/0.6.6
0,PP144554.1,B.1.1.519,2021-02-08,complete,Homo sapiens,29845,4.3.4/1.37.1/v0.1.12/0.3.19/0.6.6
0,MW888195.1,B.1.1.519,2021-03-19,complete,Homo sapiens,29867,4.3.4/1.37.1/v0.1.12/0.3.19/0.6.6
0,PP614268.1,B.1.1.519,2021-05-20,complete,Homo sapiens,29752,4.3.4/1.37.1/v0.1.12/0.3.19/0.6.6
0,MW855618.1,B.1.1.519,2021-03-11,complete,Homo sapiens,29820,4.3.4/1.37.1/v0.1.12/0.3.19/0.6.6
0,MZ360610.1,B.1.1.519,2021-05-05,complete,Homo sapiens,29836,4.3.4/1.37.1/v0.1.12/0.3.19/0.6.6
0,OK435757.1,B.1.1.519,2021-02-09,complete,Homo sapiens,29821,4.3.4/1.37.1/v0.1.12/0.3.19/0.6.6
0,MZ163735.1,B.1.1.519,2021-04-20,complete,Homo sapiens,29831,4.3.4/1.37.1/v0.1.12/0.3.19/0.6.6
0,MZ203306.1,B.1.1.519,2021-04-23,complete,Homo sapiens,29850,4.3.4/1.37.1/v0.1.12/0.3.19/0.6.6
0,MZ212201.1,B.1.1.519,2021-04-09,complete,Homo sapiens,29900,4.3.4/1.37.1/v0.1.12/0.3.19/0.6.6
0,OL807341.1,B.1.1.519,2021-04-14,complete,Homo sapiens,29804,4.3.4/1.37.1/v0.1.12/0.3.19/0.6.6
0,MZ462773.1,B.1.1.519,2021-04-16,complete,Homo sapiens,29836,4.3.4/1.37.1/v0.1.12/0.3.19/0.6.6
0,MW850721.1,B.1.1.519,2021-02,complete,Homo sapiens,29812,4.3.4/1.37.1/v0.1.12/0.3.19/0.6.6
0,MZ424253.1,B.1.1.519,2021-05-31,complete,Homo sapiens,29836,4.3.4/1.37.1/v0.1.12/0.3.19/0.6.6
0,OK183278.1,B.1.1.519,2021-04-23,complete,Homo sapiens,29782,4.3.4/1.37.1/v0.1.12/0.3.19/0.6.6
0,MZ058793.1,B.1.1.519,2021-04-12,complete,Homo sapiens,29865,4.3.4/1.37.1/v0.1.12/0.3.19/0.6.6
0,OM485775.1,B.1.1.519,2021-03-01,complete,Homo sapiens,29877,4.3.4/1.37.1/v0.1.12/0.3.19/0.6.6
0,MZ199187.1,B.1.1.519,2021-04-01,complete,Homo sapiens,29833,4.3.4/1.37.1/v0.1.12/0.3.19/0.6.6
0,PX058711.1,B.1.1.519,2021-08-29,complete,Homo sapiens,29718,4.3.4/1.37.1/v0.1.12/0.3.19/0.6.6
0,MZ257800.1,B.1.1.519,2021-03-22,complete,Homo sapiens,29898,4.3.4/1.37.1/v0.1.12/0.3.19/0.6.6
0,OM315333.1,B.1.1.519,2021-04-28,complete,Homo sapiens,29823,4.3.4/1.37.1/v0.1.12/0.3.19/0.6.6
0,MZ281564.1,B.1.1.519,2021-05-06,complete,Homo sapiens,29880,4.3.4/1.37.1/v0.1.12/0.3.19/0.6.6
0,MW965887.1,B.1.1.519,2021-03-21,complete,Homo sapiens,29893,4.3.4/1.37.1/v0.1.12/0.3.19/0.6.6
0,OK192248.1,B.1.1.519,2021-03-21,complete,Homo sapiens,29830,4.3.4/1.37.1/v0.1.12/0.3.19/0.6.6
0,MW849868.1,B.1.1.519,2021-03-02,complete,Homo sapiens,29867,4.3.4/1.37.1/v0.1.12/0.3.19/0.6.6
0,PP603399.1,B.1.1.519,2021-01-30,complete,Homo sapiens,29777,4.3.4/1.37.1/v0.1.12/0.3.19/0.6.6
0,MZ512680.1,B.1.1.519,2021-03-25,complete,Homo sapiens,29903,4.3.4/1.37.1/v0.1.12/0.3.19/0.6.6
0,MZ505764.1,B.1.1.519,2021-05-13,complete,Homo sapiens,29836,4.3.4/1.37.1/v0.1.12/0.3.19/0.6.6
0,PX058700.1,B.1.1.519,2021-05-08,complete,Homo sapiens,29687,4.3.4/1.37.1/v0.1.12/0.3.19/0.6.6
0,MZ927069.1,B.1.1.519,2021-04-29,complete,Homo sapiens,29836,4.3.4/1.37.1/v0.1.12/0.3.19/0.6.6
0,MW681384.1,B.1.1.519,2021-02-10,complete,Homo sapiens,29782,4.3.4/1.37.1/v0.1.12/0.3.19/0.6.6
0,MZ316237.1,B.1.1.519,2021-05-09,complete,Homo sapiens,29829,4.3.4/1.37.1/v0.1.12/0.3.19/0.6.6
0,MZ206292.1,B.1.1.519,2021-04-20,complete,Homo sapiens,29814,4.3.4/1.37.1/v0.1.12/0.3.19/0.6.6
0,OR298817.1,B.1.1.519,2021-05-08,complete,Homo sapiens,29824,4.3.4/1.37.1/v0.1.12/0.3.19/0.6.6
0,MZ363101.1,B.1.1.519,2021-05-03,complete,Homo sapiens,29806,4.3.4/1.37.1/v0.1.12/0.3.19/0.6.6
0,MZ219602.1,B.1.1.519,2021-01-11,complete,Homo sapiens,29806,4.3.4/1.37.1/v0.1.12/0.3.19/0.6.6
0,PP119579.1,B.1.1.519,2021-01-28,complete,Homo sapiens,29845,4.3.4/1.37.1/v0.1.12/0.3.19/0.6.6
0,MW901530.1,B.1.1.519,2021-03-24,complete,Homo sapiens,29782,4.3.4/1.37.1/v0.1.12/0.3.19/0.6.6
0,MZ233828.1,B.1.1.519,2021-02-15,complete,Homo sapiens,29837,4.3.4/1.37.1/v0.1.12/0.3.19/0.6.6
0,PP162372.1,B.1.1.519,2021-03-17,complete,Homo sapiens,29892,4.3.4/1.37.1/v0.1.12/0.3.19/0.6.6
0,MZ472058.1,B.1.1.519,2021-04-01,complete,Homo sapiens,29806,4.3.4/1.37.1/v0.1.12/0.3.19/0.6.6
0,MZ193674.1,B.1.1.519,2021-04-23,complete,Homo sapiens,29825,4.3.4/1.37.1/v0.1.12/0.3.19/0.6.6
0,MZ619417.1,B.1.1.519,2021-02-25,complete,Homo sapiens,29837,4.3.4/1.37.1/v0.1.12/0.3.19/0.6.6
0,MZ207137.1,B.1.1.519,2021-01-04,complete,Homo sapiens,29827,4.3.4/1.37.1/v0.1.12/0.3.19/0.6.6
0,MZ359712.1,B.1.1.519,2021-04-26,complete,Homo sapiens,29836,4.3.4/1.37.1/v0.1.12/0.3.19/0.6.6
0,MW921724.1,B.1.1.519,2021-02-03,complete,Homo sapiens,29861,4.3.4/1.37.1/v0.1.12/0.3.19/0.6.6
0,MZ462863.1,B.1.1.519,2021-04-14,complete,Homo sapiens,29826,4.3.4/1.37.1/v0.1.12/0.3.19/0.6.6
0,OK219972.1,B.1.1.519,2021-04-01,complete,Homo sapiens,29862,4.3.4/1.37.1/v0.1.12/0.3.19/0.6.6
0,MW808468.1,B.1.1.519,2021-03-09,complete,Homo sapiens,29903,4.3.4/1.37.1/v0.1.12/0.3.19/0.6.6
0,MZ306334.1,B.1.1.519,2021-05-10,complete,Homo sapiens,29714,4.3.4/1.37.1/v0.1.12/0.3.19/0.6.6
0,MZ927038.1,B.1.1.519,2021-04-20,complete,Homo sapiens,29836,4.3.4/1.37.1/v0.1.12/0.3.19/0.6.6
0,MZ684156.1,B.1.1.519,2021-04-19,complete,Homo sapiens,29825,4.3.4/1.37.1/v0.1.12/0.3.19/0.6.6
0,MW868600.1,B.1.1.519,2021-03-13,complete,Homo sapiens,29816,4.3.4/1.37.1/v0.1.12/0.3.19/0.6.6
0,MZ444534.1,B.1.1.519,2021-04-17,complete,Homo sapiens,29818,4.3.4/1.37.1/v0.1.12/0.3.19/0.6.6
0,MZ927231.1,B.1.1.519,2021-05-01,complete,Homo sapiens,29839,4.3.4/1.37.1/v0.1.12/0.3.19/0.6.6
0,MW733757.1,B.1.1.519,2021-02-23,complete,Homo sapiens,29782,4.3.4/1.37.1/v0.1.12/0.3.19/0.6.6
0,MW665679.1,B.1.1.519,2021-01-28,complete,Homo sapiens,29782,4.3.4/1.37.1/v0.1.12/0.3.19/0.6.6
0,MW825604.1,B.1.1.519,2021-03-14,complete,Homo sapiens,29782,4.3.4/1.37.1/v0.1.12/0.3.19/0.6.6
0,MZ202106.1,B.1.1.519,2021-04-25,complete,Homo sapiens,29831,4.3.4/1.37.1/v0.1.12/0.3.19/0.6.6
0,MZ006269.1,B.1.1.519,2021-03-31,complete,Homo sapiens,29815,4.3.4/1.37.1/v0.1.12/0.3.19/0.6.6
0,PP697092.1,B.1.1.519,2021-03-28,complete,Homo sapiens,29896,4.3.4/1.37.1/v0.1.12/0.3.19/0.6.6
0,MW988379.1,B.1.1.519,2021-03-26,complete,Homo sapiens,29782,4.3.4/1.37.1/v0.1.12/0.3.19/0.6.6
0,MW888135.1,B.1.1.519,2021-03-10,complete,Homo sapiens,29867,4.3.4/1.37.1/v0.1.12/0.3.19/0.6.6
0,MW728388.1,B.1.1.519,2021-02-20,complete,Homo sapiens,29782,4.3.4/1.37.1/v0.1.12/0.3.19/0.6.6
0,MW808447.1,B.1.1.519,2021-03-09,complete,Homo sapiens,29890,4.3.4/1.37.1/v0.1.12/0.3.19/0.6.6
0,MZ676182.1,B.1.1.519,2021-04-27,complete,Homo sapiens,29836,4.3.4/1.37.1/v0.1.12/0.3.19/0.6.6
0,MZ186377.1,B.1.1.519,2021-04-18,complete,Homo sapiens,29878,4.3.4/1.37.1/v0.1.12/0.3.19/0.6.6
0,OM128689.1,B.1.1.519,2021-02-25,complete,Homo sapiens,29878,4.3.4/1.37.1/v0.1.12/0.3.19/0.6.6
0,PP120818.1,B.1.1.519,2021-01-31,complete,Homo sapiens,29846,4.3.4/1.37.1/v0.1.12/0.3.19/0.6.6
0,PP120219.1,B.1.1.519,2021-03-07,complete,Homo sapiens,29846,4.3.4/1.37.1/v0.1.12/0.3.19/0.6.6
0,MW749217.1,B.1.1.519,2021-02-22,complete,Homo sapiens,29782,4.3.4/1.37.1/v0.1.12/0.3.19/0.6.6
0,MZ436618.1,B.1.1.519,2021-01-13,complete,Homo sapiens,29852,4.3.4/1.37.1/v0.1.12/0.3.19/0.6.6
0,MZ471819.1,B.1.1.519,2021-03-27,complete,Homo sapiens,29787,4.3.4/1.37.1/v0.1.12/0.3.19/0.6.6
0,OM433498.1,B.1.1.519,2021-02-01,complete,Homo sapiens,29874,4.3.4/1.37.1/v0.1.12/0.3.19/0.6.6
0,MZ258887.1,B.1.1.519,2021-03-13,complete,Homo sapiens,29887,4.3.4/1.37.1/v0.1.12/0.3.19/0.6.6
0,MW969045.1,B.1.1.519,2021-03-25,complete,Homo sapiens,29876,4.3.4/1.37.1/v0.1.12/0.3.19/0.6.6
0,PP121936.1,B.1.1.519,2021-01-28,complete,Homo sapiens,29846,4.3.4/1.37.1/v0.1.12/0.3.19/0.6.6
0,MW669076.1,B.1.1.519,2021-02-06,complete,Homo sapiens,29782,4.3.4/1.37.1/v0.1.12/0.3.19/0.6.6
0,PP301267.1,B.1.1.519,2021-03-29,complete,Homo sapiens,29598,4.3.4/1.37.1/v0.1.12/0.3.19/0.6.6
0,MZ471669.1,B.1.1.519,2021-03-28,complete,Homo sapiens,29802,4.3.4/1.37.1/v0.1.12/0.3.19/0.6.6
0,MZ085210.1,B.1.1.519,2021-04-07,complete,Homo sapiens,29886,4.3.4/1.37.1/v0.1.12/0.3.19/0.6.6
0,MZ058736.1,B.1.1.519,2021-04-07,complete,Homo sapiens,29898,4.3.4/1.37.1/v0.1.12/0.3.19/0.6.6
0,MZ023327.1,B.1.1.519,2021-03-29,complete,Homo sapiens,29900,4.3.4/1.37.1/v0.1.12/0.3.19/0.6.6
0,MZ377585.1,B.1.1.519,2021-05-06,complete,Homo sapiens,29803,4.3.4/1.37.1/v0.1.12/0.3.19/0.6.6
0,MZ202427.1,B.1.1.519,2021-04-14,complete,Homo sapiens,29836,4.3.4/1.37.1/v0.1.12/0.3.19/0.6.6
0,MZ202813.1,B.1.1.519,2021-04-12,complete,Homo sapiens,29836,4.3.4/1.37.1/v0.1.12/0.3.19/0.6.6
0,PP603531.1,B.1.1.519,2021-02-03,complete,Homo sapiens,29746,4.3.4/1.37.1/v0.1.12/0.3.19/0.6.6
0,MW989765.1,B.1.1.519,2021-03-31,complete,Homo sapiens,29867,4.3.4/1.37.1/v0.1.12/0.3.19/0.6.6
0,MW733373.1,B.1.1.519,2021-02-20,complete,Homo sapiens,29782,4.3.4/1.37.1/v0.1.12/0.3.19/0.6.6
0,MZ074380.1,B.1.1.519,2021-04-02,complete,Homo sapiens,29888,4.3.4/1.37.1/v0.1.12/0.3.19/0.6.6
0,MZ266706.1,B.1.1.519,2021-04-26,complete,Homo sapiens,29782,4.3.4/1.37.1/v0.1.12/0.3.19/0.6.6
0,MZ461088.1,B.1.1.519,2021-05-15,complete,Homo sapiens,29796,4.3.4/1.37.1/v0.1.12/0.3.19/0.6.6
0,MZ164815.1,B.1.1.519,2021-04-27,complete,Homo sapiens,29814,4.3.4/1.37.1/v0.1.12/0.3.19/0.6.6
0,PQ999269.1,B.1.1.519,2021-02-17,complete,Homo sapiens,29771,4.3.4/1.37.1/v0.1.12/0.3.19/0.6.6
0,OK435922.1,B.1.1.519,2021-02-23,complete,Homo sapiens,29798,4.3.4/1.37.1/v0.1.12/0.3.19/0.6.6
0,OK436235.1,B.1.1.519,2021-02-19,complete,Homo sapiens,29798,4.3.4/1.37.1/v0.1.12/0.3.19/0.6.6
0,OK193181.1,B.1.1.519,2021-03-28,complete,Homo sapiens,29820,4.3.4/1.37.1/v0.1.12/0.3.19/0.6.6
0,MZ329236.1,B.1.1.519,2021-05-05,complete,Homo sapiens,29773,4.3.4/1.37.1/v0.1.12/0.3.19/0.6.6
0,MZ260213.1,B.1.1.519,2021-03-08,complete,Homo sapiens,29867,4.3.4/1.37.1/v0.1.12/0.3.19/0.6.6
0,MW796868.1,B.1.1.519,2021-02-27,complete,Homo sapiens,29761,4.3.4/1.37.1/v0.1.12/0.3.19/0.6.6
0,MW897455.1,B.1.1.519,2021-03-24,complete,Homo sapiens,29867,4.3.4/1.37.1/v0.1.12/0.3.19/0.6.6
0,OK435389.1,B.1.1.519,2021-02-10,complete,Homo sapiens,29823,4.3.4/1.37.1/v0.1.12/0.3.19/0.6.6
0,MW880613.1,B.1.1.519,2021-03-23,complete,Homo sapiens,29782,4.3.4/1.37.1/v0.1.12/0.3.19/0.6.6
0,MW864532.1,B.1.1.519,2021-03-23,complete,Homo sapiens,29782,4.3.4/1.37.1/v0.1.12/0.3.19/0.6.6
0,MW719975.1,B.1.1.519,2021-02-18,complete,Homo sapiens,29782,4.3.4/1.37.1/v0.1.12/0.3.19/0.6.6
0,PQ972367.1,B.1.1.519,2021-04-13,complete,Homo sapiens,29806,4.3.4/1.37.1/v0.1.12/0.3.19/0.6.6
0,MW783142.1,B.1.1.519,2021-03-01,complete,Homo sapiens,29902,4.3.4/1.37.1/v0.1.12/0.3.19/0.6.6
0,MW915360.1,B.1.1.519,2021-03-26,complete,Homo sapiens,29818,4.3.4/1.37.1/v0.1.12/0.3.19/0.6.6
0,MW901754.1,B.1.1.519,2021-03-16,complete,Homo sapiens,29897,4.3.4/1.37.1/v0.1.12/0.3.19/0.6.6
0,PP121671.1,B.1.1.519,2021-03-08,complete,Homo sapiens,29846,4.3.4/1.37.1/v0.1.12/0.3.19/0.6.6
0,MZ323717.1,B.1.1.519,2021-04-30,complete,Homo sapiens,29833,4.3.4/1.37.1/v0.1.12/0.3.19/0.6.6
0,MW728789.1,B.1.1.519,2021-02-20,complete,Homo sapiens,29782,4.3.4/1.37.1/v0.1.12/0.3.19/0.6.6
0,MW666910.1,B.1.1.519,2021-01-24,complete,Homo sapiens,29782,4.3.4/1.37.1/v0.1.12/0.3.19/0.6.6
0,OK218761.1,B.1.1.519,2021-04-22,complete,Homo sapiens,29830,4.3.4/1.37.1/v0.1.12/0.3.19/0.6.6
0,MZ684533.1,B.1.1.519,2021-04-29,complete,Homo sapiens,29823,4.3.4/1.37.1/v0.1.12/0.3.19/0.6.6
0,MZ173319.1,B.1.1.519,2021-04-18,complete,Homo sapiens,29776,4.3.4/1.37.1/v0.1.12/0.3.19/0.6.6
0,MZ156940.1,B.1.1.519,2021-04-15,complete,Homo sapiens,29836,4.3.4/1.37.1/v0.1.12/0.3.19/0.6.6
0,MZ202168.1,B.1.1.519,2021-03-31,complete,Homo sapiens,29833,4.3.4/1.37.1/v0.1.12/0.3.19/0.6.6
0,MZ203256.1,B.1.1.519,2021-04-19,complete,Homo sapiens,29833,4.3.4/1.37.1/v0.1.12/0.3.19/0.6.6
0,MZ001230.1,B.1.1.519,2021-03-28,complete,Homo sapiens,29713,4.3.4/1.37.1/v0.1.12/0.3.19/0.6.6
0,MZ132946.1,B.1.1.519,2021-04-14,complete,Homo sapiens,29831,4.3.4/1.37.1/v0.1.12/0.3.19/0.6.6
0,OK218437.1,B.1.1.519,2021-03-31,complete,Homo sapiens,29863,4.3.4/1.37.1/v0.1.12/0.3.19/0.6.6
0,MZ202527.1,B.1.1.519,2021-04-08,complete,Homo sapiens,29836,4.3.4/1.37.1/v0.1.12/0.3.19/0.6.6
0,OK436548.1,B.1.1.519,2021-02-19,complete,Homo sapiens,29798,4.3.4/1.37.1/v0.1.12/0.3.19/0.6.6
0,MZ260257.1,B.1.1.519,2021-03-12,complete,Homo sapiens,29858,4.3.4/1.37.1/v0.1.12/0.3.19/0.6.6
0,MZ217118.1,B.1.1.519,2021-04-26,complete,Homo sapiens,29782,4.3.4/1.37.1/v0.1.12/0.3.19/0.6.6
0,MW792956.1,B.1.1.519,2021-03-03,complete,Homo sapiens,29867,4.3.4/1.37.1/v0.1.12/0.3.19/0.6.6
0,MW767198.1,B.1.1.519,2021-02-12,complete,Homo sapiens,29903,4.3.4/1.37.1/v0.1.12/0.3.19/0.6.6
1,OM245852.1,B.1.1.529,2021-12-18,complete,Homo sapiens,29756,4.3.4/1.37.1/v0.1.12/0.3.19/0.6.6
1,ON313036.1,B.1.1.529,2022-02-02,complete,Homo sapiens,29775,4.3.4/1.37.1/v0.1.12/0.3.19/0.6.6
1,OP051818.1,B.1.1.529,2022-06-25,complete,Homo sapiens,29809,4.3.4/1.37.1/v0.1.12/0.3.19/0.6.6
1,ON071578.1,B.1.1.529,2022-02-22,complete,Homo sapiens,29676,4.3.4/1.37.1/v0.1.12/0.3.19/0.6.6
1,OM261525.1,B.1.1.529,2021-12-27,complete,Homo sapiens,29799,4.3.4/1.37.1/v0.1.12/0.3.19/0.6.6
1,OY641162.1,B.1.1.529,2022-01-16,complete,Homo sapiens,29794,4.3.4/1.37.1/v0.1.12/0.3.19/0.6.6
1,OX922837.1,B.1.1.529,2022-01-08,complete,Homo sapiens,29902,4.3.4/1.37.1/v0.1.12/0.3.19/0.6.6
1,OX684880.1,B.1.1.529,2020,complete,Homo sapiens,29861,4.3.4/1.37.1/v0.1.12/0.3.19/0.6.6
1,ON226320.1,B.1.1.529,2022-01-26,complete,Homo sapiens,29806,4.3.4/1.37.1/v0.1.12/0.3.19/0.6.6
1,OM096811.1,B.1.1.529,2021-12-18,complete,Homo sapiens,29799,4.3.4/1.37.1/v0.1.12/0.3.19/0.6.6
1,OM245825.1,B.1.1.529,2021-12-22,complete,Homo sapiens,29762,4.3.4/1.37.1/v0.1.12/0.3.19/0.6.6
1,OM459114.1,B.1.1.529,2022-01-14,complete,Homo sapiens,29768,4.3.4/1.37.1/v0.1.12/0.3.19/0.6.6
1,OX970358.1,B.1.1.529,2021-12-27,complete,Homo sapiens,29873,4.3.4/1.37.1/v0.1.12/0.3.19/0.6.6
1,OY628747.1,B.1.1.529,2022-02-03,complete,Homo sapiens,29773,4.3.4/1.37.1/v0.1.12/0.3.19/0.6.6
1,OW120517.1,B.1.1.529,2022-01-28,complete,Homo sapiens,29885,4.3.4/1.37.1/v0.1.12/0.3.19/0.6.6
1,OM245824.1,B.1.1.529,2021-12-20,complete,Homo sapiens,29762,4.3.4/1.37.1/v0.1.12/0.3.19/0.6.6
1,ON118969.1,B.1.1.529,2022-01-23,complete,Homo sapiens,29772,4.3.4/1.37.1/v0.1.12/0.3.19/0.6.6
1,OM280560.1,B.1.1.529,2021-12-23,complete,Homo sapiens,29782,4.3.4/1.37.1/v0.1.12/0.3.19/0.6.6
1,ON189765.1,B.1.1.529,2022-01-24,complete,Homo sapiens,29769,4.3.4/1.37.1/v0.1.12/0.3.19/0.6.6
1,OY714156.1,B.1.1.529,2022-02-03,complete,Homo sapiens,29819,4.3.4/1.37.1/v0.1.12/0.3.19/0.6.6
1,ON313385.1,B.1.1.529,2022-02-06,complete,Homo sapiens,29802,4.3.4/1.37.1/v0.1.12/0.3.19/0.6.6
1,ON174234.1,B.1.1.529,2022-02-24,complete,Homo sapiens,29687,4.3.4/1.37.1/v0.1.12/0.3.19/0.6.6
1,ON313101.1,B.1.1.529,2022-02-09,complete,Homo sapiens,29768,4.3.4/1.37.1/v0.1.12/0.3.19/0.6.6
1,OX824169.1,B.1.1.529,2021-12-19,complete,Homo sapiens,29879,4.3.4/1.37.1/v0.1.12/0.3.19/0.6.6
1,OY707012.1,B.1.1.529,2022-02-05,complete,Homo sapiens,29723,4.3.4/1.37.1/v0.1.12/0.3.19/0.6.6
1,OX478619.1,B.1.1.529,2021-12-17,complete,Homo sapiens,29906,4.3.4/1.37.1/v0.1.12/0.3.19/0.6.6
1,ON595324.1,B.1.1.529,2022-01-20,complete,Homo sapiens,29772,4.3.4/1.37.1/v0.1.12/0.3.19/0.6.6
1,OY714694.1,B.1.1.529,2022-02-05,complete,Homo sapiens,29772,4.3.4/1.37.1/v0.1.12/0.3.19/0.6.6
1,OM083912.1,B.1.1.529,2021-12-15,complete,Homo sapiens,29849,4.3.4/1.37.1/v0.1.12/0.3.19/0.6.6
1,ON313277.1,B.1.1.529,2022-02-07,complete,Homo sapiens,29681,4.3.4/1.37.1/v0.1.12/0.3.19/0.6.6
1,ON313018.1,B.1.1.529,2022-02-02,complete,Homo sapiens,29787,4.3.4/1.37.1/v0.1.12/0.3.19/0.6.6
1,OP359963.1,B.1.1.529,2022-07-09,complete,Homo sapiens,29718,4.3.4/1.37.1/v0.1.12/0.3.19/0.6.6
1,OY318728.1,B.1.1.529,2022-01-10,complete,Homo sapiens,29888,4.3.4/1.37.1/v0.1.12/0.3.19/0.6.6
1,OM245755.1,B.1.1.529,2021-12-21,complete,Homo sapiens,29762,4.3.4/1.37.1/v0.1.12/0.3.19/0.6.6
1,OY687243.1,B.1.1.529,2022-02-05,complete,Homo sapiens,29823,4.3.4/1.37.1/v0.1.12/0.3.19/0.6.6
1,ON230400.1,B.1.1.529,2022-01-25,complete,Homo sapiens,29779,4.3.4/1.37.1/v0.1.12/0.3.19/0.6.6
1,OX783180.1,B.1.1.529,2022-01-03,complete,Homo sapiens,29560,4.3.4/1.37.1/v0.1.12/0.3.19/0.6.6
1,OY932377.1,B.1.1.529,2021-12-26,complete,Homo sapiens,29903,4.3.4/1.37.1/v0.1.12/0.3.19/0.6.6
1,OM280982.1,B.1.1.529,2021-12-21,complete,Homo sapiens,29785,4.3.4/1.37.1/v0.1.12/0.3.19/0.6.6
1,OM280618.1,B.1.1.529,2021-12-21,complete,Homo sapiens,29783,4.3.4/1.37.1/v0.1.12/0.3.19/0.6.6
1,OY658469.1,B.1.1.529,2022-02-05,complete,Homo sapiens,29843,4.3.4/1.37.1/v0.1.12/0.3.19/0.6.6
1,ON800357.1,B.1.1.529,2022-05-27,complete,Homo sapiens,29723,4.3.4/1.37.1/v0.1.12/0.3.19/0.6.6
1,OY404345.1,B.1.1.529,2022-03-15,complete,Homo sapiens,29900,4.3.4/1.37.1/v0.1.12/0.3.19/0.6.6
1,OX935732.1,B.1.1.529,2022-01-05,complete,Homo sapiens,29884,4.3.4/1.37.1/v0.1.12/0.3.19/0.6.6
1,ON071246.1,B.1.1.529,2022-01-29,complete,Homo sapiens,29775,4.3.4/1.37.1/v0.1.12/0.3.19/0.6.6
1,OM308550.1,B.1.1.529,2021-12-28,complete,Homo sapiens,29814,4.3.4/1.37.1/v0.1.12/0.3.19/0.6.6
1,OM280664.1,B.1.1.529,2021-12-23,complete,Homo sapiens,29782,4.3.4/1.37.1/v0.1.12/0.3.19/0.6.6
1,OY680987.1,B.1.1.529,2022-02-05,complete,Homo sapiens,29832,4.3.4/1.37.1/v0.1.12/0.3.19/0.6.6
1,ON800450.1,B.1.1.529,2022-05-27,complete,Homo sapiens,29698,4.3.4/1.37.1/v0.1.12/0.3.19/0.6.6
1,OM280758.1,B.1.1.529,2021-12-22,complete,Homo sapiens,29785,4.3.4/1.37.1/v0.1.12/0.3.19/0.6.6
1,ON313160.1,B.1.1.529,2022-02-07,complete,Homo sapiens,29784,4.3.4/1.37.1/v0.1.12/0.3.19/0.6.6
1,OX310585.1,B.1.1.529,2022-02-06,complete,Homo sapiens,29903,4.3.4/1.37.1/v0.1.12/0.3.19/0.6.6
1,ON188755.1,B.1.1.529,2022-01-24,complete,Homo sapiens,29769,4.3.4/1.37.1/v0.1.12/0.3.19/0.6.6
1,OP880133.1,B.1.1.529,2022-10-17,complete,Homo sapiens,29804,4.3.4/1.37.1/v0.1.12/0.3.19/0.6.6
1,OY637554.1,B.1.1.529,2022-01-20,complete,Homo sapiens,29794,4.3.4/1.37.1/v0.1.12/0.3.19/0.6.6
1,OW120204.1,B.1.1.529,2022-01-15,complete,Homo sapiens,29885,4.3.4/1.37.1/v0.1.12/0.3.19/0.6.6
1,ON189456.1,B.1.1.529,2022-01-24,complete,Homo sapiens,29708,4.3.4/1.37.1/v0.1.12/0.3.19/0.6.6
1,ON230914.1,B.1.1.529,2022-01-25,complete,Homo sapiens,29777,4.3.4/1.37.1/v0.1.12/0.3.19/0.6.6
1,OM290929.1,B.1.1.529,2021-12-29,complete,Homo sapiens,29808,4.3.4/1.37.1/v0.1.12/0.3.19/0.6.6
1,OX711276.1,B.1.1.529,2021-12-27,complete,Homo sapiens,29767,4.3.4/1.37.1/v0.1.12/0.3.19/0.6.6
1,OP879948.1,B.1.1.529,2022-10-20,complete,Homo sapiens,29749,4.3.4/1.37.1/v0.1.12/0.3.19/0.6.6
1,OX852149.1,B.1.1.529,2020,complete,Homo sapiens,29749,4.3.4/1.37.1/v0.1.12/0.3.19/0.6.6
1,OY685406.1,B.1.1.529,2022-02-05,complete,Homo sapiens,29832,4.3.4/1.37.1/v0.1.12/0.3.19/0.6.6
1,ON004305.1,B.1.1.529,2021-12-30,complete,Homo sapiens,29752,4.3.4/1.37.1/v0.1.12/0.3.19/0.6.6
1,ON004448.1,B.1.1.529,2021-12-30,complete,Homo sapiens,29752,4.3.4/1.37.1/v0.1.12/0.3.19/0.6.6
1,OY693443.1,B.1.1.529,2022-02-05,complete,Homo sapiens,29733,4.3.4/1.37.1/v0.1.12/0.3.19/0.6.6
1,OQ760549.1,B.1.1.529,2022-01-04,complete,Homo sapiens,29749,4.3.4/1.37.1/v0.1.12/0.3.19/0.6.6
1,OP233891.1,B.1.1.529,2022-07-20,complete,Homo sapiens,29749,4.3.4/1.37.1/v0.1.12/0.3.19/0.6.6
1,OM260763.1,B.1.1.529,2021-12-26,complete,Homo sapiens,29805,4.3.4/1.37.1/v0.1.12/0.3.19/0.6.6
1,OR058457.1,B.1.1.529,2021-12-24,complete,Homo sapiens,29746,4.3.4/1.37.1/v0.1.12/0.3.19/0.6.6
1,OX930462.1,B.1.1.529,2022-01-01,complete,Homo sapiens,29472,4.3.4/1.37.1/v0.1.12/0.3.19/0.6.6
1,OY637482.1,B.1.1.529,2022-01-17,complete,Homo sapiens,29774,4.3.4/1.37.1/v0.1.12/0.3.19/0.6.6
1,ON071369.1,B.1.1.529,2022-02-07,complete,Homo sapiens,29675,4.3.4/1.37.1/v0.1.12/0.3.19/0.6.6
1,ON313484.1,B.1.1.529,2022-02-05,complete,Homo sapiens,29753,4.3.4/1.37.1/v0.1.12/0.3.19/0.6.6
1,OM199423.1,B.1.1.529,2021-12-23,complete,Homo sapiens,29817,4.3.4/1.37.1/v0.1.12/0.3.19/0.6.6
1,OM269193.1,B.1.1.529,2021-12-30,complete,Homo sapiens,29807,4.3.4/1.37.1/v0.1.12/0.3.19/0.6.6
1,OM245618.1,B.1.1.529,2021-12-21,complete,Homo sapiens,29622,4.3.4/1.37.1/v0.1.12/0.3.19/0.6.6
1,ON071304.1,B.1.1.529,2022-02-22,complete,Homo sapiens,29726,4.3.4/1.37.1/v0.1.12/0.3.19/0.6.6
1,ON966040.1,B.1.1.529,2022-06-14,complete,Homo sapiens,29811,4.3.4/1.37.1/v0.1.12/0.3.19/0.6.6
1,OX745810.1,B.1.1.529,2021-12-15,complete,Homo sapiens,29873,4.3.4/1.37.1/v0.1.12/0.3.19/0.6.6
1,ON004439.1,B.1.1.529,2021-12-30,complete,Homo sapiens,29743,4.3.4/1.37.1/v0.1.12/0.3.19/0.6.6
1,OW517674.1,B.1.1.529,2022-03-08,complete,Homo sapiens,29890,4.3.4/1.37.1/v0.1.12/0.3.19/0.6.6
1,OP419262.1,B.1.1.529,2022-07-02,complete,Homo sapiens,29773,4.3.4/1.37.1/v0.1.12/0.3.19/0.6.6
1,OM995575.2,B.1.1.529,2022-02-12,complete,Homo sapiens,29805,4.3.4/1.37.1/v0.1.12/0.3.19/0.6.6
1,OM364583.1,B.1.1.529,2022-01-02,complete,Homo sapiens,29793,4.3.4/1.37.1/v0.1.12/0.3.19/0.6.6
1,OW120033.1,B.1.1.529,2022-01-30,complete,Homo sapiens,29862,4.3.4/1.37.1/v0.1.12/0.3.19/0.6.6
1,OX305093.1,B.1.1.529,2021-12-17,complete,Homo sapiens,29903,4.3.4/1.37.1/v0.1.12/0.3.19/0.6.6
1,OX314103.1,B.1.1.529,2021-12-26,complete,Homo sapiens,29903,4.3.4/1.37.1/v0.1.12/0.3.19/0.6.6
1,OX838228.1,B.1.1.529,2022-01-12,complete,Homo sapiens,29761,4.3.4/1.37.1/v0.1.12/0.3.19/0.6.6
1,OY691112.1,B.1.1.529,2022-01-04,complete,Homo sapiens,29773,4.3.4/1.37.1/v0.1.12/0.3.19/0.6.6
1,OM261546.1,B.1.1.529,2021-12-27,complete,Homo sapiens,29804,4.3.4/1.37.1/v0.1.12/0.3.19/0.6.6
1,OM245426.1,B.1.1.529,2021-12-22,complete,Homo sapiens,29762,4.3.4/1.37.1/v0.1.12/0.3.19/0.6.6
1,OM336243.1,B.1.1.529,2021-12-30,complete,Homo sapiens,29797,4.3.4/1.37.1/v0.1.12/0.3.19/0.6.6
1,OP419221.1,B.1.1.529,2022-07-21,complete,Homo sapiens,29820,4.3.4/1.37.1/v0.1.12/0.3.19/0.6.6
1,OM324073.1,B.1.1.529,2022-01-03,complete,Homo sapiens,29740,4.3.4/1.37.1/v0.1.12/0.3.19/0.6.6
1,OY699229.1,B.1.1.529,2022-02-05,complete,Homo sapiens,29770,4.3.4/1.37.1/v0.1.12/0.3.19/0.6.6
1,OY651462.1,B.1.1.529,2022-02-05,complete,Homo sapiens,29770,4.3.4/1.37.1/v0.1.12/0.3.19/0.6.6
1,OX305805.1,B.1.1.529,2021-12-24,complete,Homo sapiens,29903,4.3.4/1.37.1/v0.1.12/0.3.19/0.6.6
1,OP051805.1,B.1.1.529,2022-06-26,complete,Homo sapiens,29540,4.3.4/1.37.1/v0.1.12/0.3.19/0.6.6
1,OM280614.1,B.1.1.529,2021-12-14,complete,Homo sapiens,29770,4.3.4/1.37.1/v0.1.12/0.3.19/0.6.6
1,OM099235.1,B.1.1.529,2021-12-19,complete,Homo sapiens,29808,4.3.4/1.37.1/v0.1.12/0.3.19/0.6.6
1,OM245387.1,B.1.1.529,2021-12-20,complete,Homo sapiens,29762,4.3.4/1.37.1/v0.1.12/0.3.19/0.6.6
1,OY680046.1,B.1.1.529,2022-01-07,complete,Homo sapiens,29800,4.3.4/1.37.1/v0.1.12/0.3.19/0.6.6
1,OP419220.1,B.1.1.529,2022-07-13,complete,Homo sapiens,29793,4.3.4/1.37.1/v0.1.12/0.3.19/0.6.6
1,OY698631.1,B.1.1.529,2022-02-01,complete,Homo sapiens,29785,4.3.4/1.37.1/v0.1.12/0.3.19/0.6.6
1,OM245632.1,B.1.1.529,2021-12-23,complete,Homo sapiens,29762,4.3.4/1.37.1/v0.1.12/0.3.19/0.6.6
1,OX897495.1,B.1.1.529,2021-12-27,complete,Homo sapiens,29882,4.3.4/1.37.1/v0.1.12/0.3.19/0.6.6
1,OY546959.1,B.1.1.529,2022-02-08,complete,Homo sapiens,29890,4.3.4/1.37.1/v0.1.12/0.3.19/0.6.6
1,OR054424.1,B.1.1.529,2021-12-31,complete,Homo sapiens,29746,4.3.4/1.37.1/v0.1.12/0.3.19/0.6.6
1,OY626169.1,B.1.1.529,2022-02-05,complete,Homo sapiens,29774,4.3.4/1.37.1/v0.1.12/0.3.19/0.6.6
1,ON052775.1,B.1.1.529,2021-12-23,complete,Homo sapiens,29733,4.3.4/1.37.1/v0.1.12/0.3.19/0.6.6
1,OM335012.1,B.1.1.529,2021-12-29,complete,Homo sapiens,29802,4.3.4/1.37.1/v0.1.12/0.3.19/0.6.6
1,OM261460.1,B.1.1.529,2021-12-27,complete,Homo sapiens,29811,4.3.4/1.37.1/v0.1.12/0.3.19/0.6.6
1,OM245847.1,B.1.1.529,2021-12-21,complete,Homo sapiens,29770,4.3.4/1.37.1/v0.1.12/0.3.19/0.6.6
1,OM245740.1,B.1.1.529,2021-12-21,complete,Homo sapiens,29768,4.3.4/1.37.1/v0.1.12/0.3.19/0.6.6
1,ON313093.1,B.1.1.529,2022-02-09,complete,Homo sapiens,29784,4.3.4/1.37.1/v0.1.12/0.3.19/0.6.6
1,ON313153.1,B.1.1.529,2022-02-17,complete,Homo sapiens,29774,4.3.4/1.37.1/v0.1.12/0.3.19/0.6.6
1,ON305445.1,B.1.1.529,2022-01-27,complete,Homo sapiens,29766,4.3.4/1.37.1/v0.1.12/0.3.19/0.6.6
1,OX796715.1,B.1.1.529,2022-01-25,complete,Homo sapiens,29866,4.3.4/1.37.1/v0.1.12/0.3.19/0.6.6
1,OY638782.1,B.1.1.529,2022-02-05,complete,Homo sapiens,29724,4.3.4/1.37.1/v0.1.12/0.3.19/0.6.6
1,ON595061.1,B.1.1.529,2022-01-20,complete,Homo sapiens,29790,4.3.4/1.37.1/v0.1.12/0.3.19/0.6.6
1,OM561962.1,B.1.1.529,2022-01-26,complete,Homo sapiens,29788,4.3.4/1.37.1/v0.1.12/0.3.19/0.6.6
1,ON306243.1,B.1.1.529,2022-02-02,complete,Homo sapiens,29770,4.3.4/1.37.1/v0.1.12/0.3.19/0.6.6
1,OM280667.1,B.1.1.529,2021-12-22,complete,Homo sapiens,29777,4.3.4/1.37.1/v0.1.12/0.3.19/0.6.6
1,OM245686.1,B.1.1.529,2021-12-22,complete,Homo sapiens,29769,4.3.4/1.37.1/v0.1.12/0.3.19/0.6.6
1,OM332107.1,B.1.1.529,2021-12-29,complete,Homo sapiens,29815,4.3.4/1.37.1/v0.1.12/0.3.19/0.6.6
1,OP052697.1,B.1.1.529,2022-07-01,complete,Homo sapiens,29708,4.3.4/1.37.1/v0.1.12/0.3.19/0.6.6
1,OY655669.1,B.1.1.529,2022-02-05,complete,Homo sapiens,29773,4.3.4/1.37.1/v0.1.12/0.3.19/0.6.6
1,ON313199.1,B.1.1.529,2022-02-18,complete,Homo sapiens,29811,4.3.4/1.37.1/v0.1.12/0.3.19/0.6.6
1,OM977268.1,B.1.1.529,2022-02-18,complete,Homo sapiens,29810,4.3.4/1.37.1/v0.1.12/0.3.19/0.6.6
1,OM005717.1,B.1.1.529,2021-12-08,complete,Homo sapiens,29795,4.3.4/1.37.1/v0.1.12/0.3.19/0.6.6
1,OW091862.1,B.1.1.529,2022-01-27,complete,Homo sapiens,29882,4.3.4/1.37.1/v0.1.12/0.3.19/0.6.6
1,OP880102.1,B.1.1.529,2022-10-19,complete,Homo sapiens,29796,4.3.4/1.37.1/v0.1.12/0.3.19/0.6.6
1,ON118577.1,B.1.1.529,2022-01-23,complete,Homo sapiens,29790,4.3.4/1.37.1/v0.1.12/0.3.19/0.6.6
1,OX309818.1,B.1.1.529,2021-12-29,complete,Homo sapiens,29903,4.3.4/1.37.1/v0.1.12/0.3.19/0.6.6
1,ON189826.1,B.1.1.529,2022-01-24,complete,Homo sapiens,29772,4.3.4/1.37.1/v0.1.12/0.3.19/0.6.6
1,OQ088793.1,B.1.1.529,2022-01-04,complete,Homo sapiens,29819,4.3.4/1.37.1/v0.1.12/0.3.19/0.6.6
1,ON648513.1,B.1.1.529,2022-04-04,complete,Homo sapiens,29772,4.3.4/1.37.1/v0.1.12/0.3.19/0.6.6
1,ON230468.1,B.1.1.529,2022-01-25,complete,Homo sapiens,29811,4.3.4/1.37.1/v0.1.12/0.3.19/0.6.6
1,ON208899.1,B.1.1.529,2022-01-24,complete,Homo sapiens,29775,4.3.4/1.37.1/v0.1.12/0.3.19/0.6.6
1,OP051836.1,B.1.1.529,2022-06-27,complete,Homo sapiens,29724,4.3.4/1.37.1/v0.1.12/0.3.19/0.6.6
1,OY674699.1,B.1.1.529,2022-02-05,complete,Homo sapiens,29773,4.3.4/1.37.1/v0.1.12/0.3.19/0.6.6
1,OM099777.1,B.1.1.529,2021-12-20,complete,Homo sapiens,29808,4.3.4/1.37.1/v0.1.12/0.3.19/0.6.6
1,OM156219.1,B.1.1.529,2021-12-22,complete,Homo sapiens,29808,4.3.4/1.37.1/v0.1.12/0.3.19/0.6.6
1,PQ281386.1,B.1.1.529,2023,complete,Homo sapiens,29867,4.3.4/1.37.1/v0.1.12/0.3.19/0.6.6
1,OY676795.1,B.1.1.529,2022-02-20,complete,Homo sapiens,29787,4.3.4/1.37.1/v0.1.12/0.3.19/0.6.6
1,ON118828.1,B.1.1.529,2022-01-23,complete,Homo sapiens,29775,4.3.4/1.37.1/v0.1.12/0.3.19/0.6.6
1,OM245429.1,B.1.1.529,2021-12-23,complete,Homo sapiens,29766,4.3.4/1.37.1/v0.1.12/0.3.19/0.6.6
1,OM272503.1,B.1.1.529,2021-12-28,complete,Homo sapiens,29799,4.3.4/1.37.1/v0.1.12/0.3.19/0.6.6
1,OX319042.1,B.1.1.529,2021-12-28,complete,Homo sapiens,29899,4.3.4/1.37.1/v0.1.12/0.3.19/0.6.6
1,OY636782.1,B.1.1.529,2022-02-03,complete,Homo sapiens,29878,4.3.4/1.37.1/v0.1.12/0.3.19/0.6.6
1,OM485935.1,B.1.1.529,2021-03-31,complete,Homo sapiens,29891,4.3.4/1.37.1/v0.1.12/0.3.19/0.6.6
1,OX874163.1,B.1.1.529,2021-12-15,complete,Homo sapiens,29873,4.3.4/1.37.1/v0.1.12/0.3.19/0.6.6
1,OM261970.1,B.1.1.529,2021-12-28,complete,Homo sapiens,29761,4.3.4/1.37.1/v0.1.12/0.3.19/0.6.6
1,OW120232.1,B.1.1.529,2021-12-04,complete,Homo sapiens,29894,4.3.4/1.37.1/v0.1.12/0.3.19/0.6.6
1,OM116848.1,B.1.1.529,2021-12-20,complete,Homo sapiens,29799,4.3.4/1.37.1/v0.1.12/0.3.19/0.6.6
1,ON071184.1,B.1.1.529,2022-02-28,complete,Homo sapiens,29765,4.3.4/1.37.1/v0.1.12/0.3.19/0.6.6
1,OM245734.1,B.1.1.529,2021-12-21,complete,Homo sapiens,29714,4.3.4/1.37.1/v0.1.12/0.3.19/0.6.6
1,OX309132.1,B.1.1.529,2021-12-17,complete,Homo sapiens,29903,4.3.4/1.37.1/v0.1.12/0.3.19/0.6.6
1,OP053028.1,B.1.1.529,2022-06-29,complete,Homo sapiens,29739,4.3.4/1.37.1/v0.1.12/0.3.19/0.6.6
1,OY680349.1,B.1.1.529,2022-02-25,complete,Homo sapiens,29800,4.3.4/1.37.1/v0.1.12/0.3.19/0.6.6
1,OM097665.1,B.1.1.529,2021-12-19,complete,Homo sapiens,29799,4.3.4/1.37.1/v0.1.12/0.3.19/0.6.6
1,OM459604.1,B.1.1.529,2022-01-15,complete,Homo sapiens,29736,4.3.4/1.37.1/v0.1.12/0.3.19/0.6.6
1,OM352638.1,B.1.1.529,2021-12-30,complete,Homo sapiens,29793,4.3.4/1.37.1/v0.1.12/0.3.19/0.6.6
1,ON226319.1,B.1.1.529,2022-01-26,complete,Homo sapiens,29759,4.3.4/1.37.1/v0.1.12/0.3.19/0.6.6
1,OX890217.1,B.1.1.529,2020,complete,Homo sapiens,29868,4.3.4/1.37.1/v0.1.12/0.3.19/0.6.6
1,OX784283.1,B.1.1.529,2020,complete,Homo sapiens,29887,4.3.4/1.37.1/v0.1.12/0.3.19/0.6.6
1,OX500401.1,B.1.1.529,2022-02-15,complete,Homo sapiens,29890,4.3.4/1.37.1/v0.1.12/0.3.19/0.6.6
1,ON118761.1,B.1.1.529,2022-01-22,complete,Homo sapiens,29784,4.3.4/1.37.1/v0.1.12/0.3.19/0.6.6
1,OM459298.1,B.1.1.529,2022-01-11,complete,Homo sapiens,29687,4.3.4/1.37.1/v0.1.12/0.3.19/0.6.6
1,OP053262.1,B.1.1.529,2022-07-01,complete,Homo sapiens,29749,4.3.4/1.37.1/v0.1.12/0.3.19/0.6.6
1,OY305496.1,B.1.1.529,2021-12-23,complete,Homo sapiens,29894,4.3.4/1.37.1/v0.1.12/0.3.19/0.6.6
1,OY695922.1,B.1.1.529,2022-02-05,complete,Homo sapiens,29774,4.3.4/1.37.1/v0.1.12/0.3.19/0.6.6
1,ON068785.1,B.1.1.529,2022-01-30,complete,Homo sapiens,29805,4.3.4/1.37.1/v0.1.12/0.3.19/0.6.6
1,OY512405.1,B.1.1.529,2022-03-18,complete,Homo sapiens,29890,4.3.4/1.37.1/v0.1.12/0.3.19/0.6.6
1,OM308300.1,B.1.1.529,2021-12-28,complete,Homo sapiens,29817,4.3.4/1.37.1/v0.1.12/0.3.19/0.6.6
1,OP880136.1,B.1.1.529,2022-10-20,complete,Homo sapiens,29725,4.3.4/1.37.1/v0.1.12/0.3.19/0.6.6
1,OM290891.1,B.1.1.529,2021-12-29,complete,Homo sapiens,29808,4.3.4/1.37.1/v0.1.12/0.3.19/0.6.6
1,OM245454.1,B.1.1.529,2021-12-23,complete,Homo sapiens,29697,4.3.4/1.37.1/v0.1.12/0.3.19/0.6.6
1,ON230660.1,B.1.1.529,2022-01-25,complete,Homo sapiens,29772,4.3.4/1.37.1/v0.1.12/0.3.19/0.6.6
1,OP435094.1,B.1.1.529,2022-07-11,complete,Homo sapiens,29734,4.3.4/1.37.1/v0.1.12/0.3.19/0.6.6
1,OY707068.1,B.1.1.529,2022-02-05,complete,Homo sapiens,29754,4.3.4/1.37.1/v0.1.12/0.3.19/0.6.6
1,OY975765.1,B.1.1.529,2021-12-12,complete,Homo sapiens,29891,4.3.4/1.37.1/v0.1.12/0.3.19/0.6.6
1,OX858907.1,B.1.1.529,2022-01-12,complete,Homo sapiens,29778,4.3.4/1.37.1/v0.1.12/0.3.19/0.6.6
1,OM459210.1,B.1.1.529,2022-01-15,complete,Homo sapiens,29753,4.3.4/1.37.1/v0.1.12/0.3.19/0.6.6
1,OP419340.1,B.1.1.529,2022-07-14,complete,Homo sapiens,29826,4.3.4/1.37.1/v0.1.12/0.3.19/0.6.6
1,OP879890.1,B.1.1.529,2022-10-17,complete,Homo sapiens,29782,4.3.4/1.37.1/v0.1.12/0.3.19/0.6.6
1,OV884156.1,B.1.1.529,2022-02-01,complete,Homo sapiens,29864,4.3.4/1.37.1/v0.1.12/0.3.19/0.6.6
1,OM245664.1,B.1.1.529,2021-12-20,complete,Homo sapiens,29770,4.3.4/1.37.1/v0.1.12/0.3.19/0.6.6
1,OX448258.1,B.1.1.529,2021-12-20,complete,Homo sapiens,29887,4.3.4/1.37.1/v0.1.12/0.3.19/0.6.6
1,OQ508376.1,B.1.1.529,2023-02-06,complete,Homo sapiens,29784,4.3.4/1.37.1/v0.1.12/0.3.19/0.6.6
1,OM056972.1,B.1.1.529,2021-12-07,complete,Homo sapiens,29807,4.3.4/1.37.1/v0.1.12/0.3.19/0.6.6
1,OY677373.1,B.1.1.529,2022-02-05,complete,Homo sapiens,29818,4.3.4/1.37.1/v0.1.12/0.3.19/0.6.6
1,OX894775.1,B.1.1.529,2020,complete,Homo sapiens,29896,4.3.4/1.37.1/v0.1.12/0.3.19/0.6.6
1,ON188692.1,B.1.1.529,2022-01-24,complete,Homo sapiens,29770,4.3.4/1.37.1/v0.1.12/0.3.19/0.6.6
1,OM245670.1,B.1.1.529,2021-12-22,complete,Homo sapiens,29763,4.3.4/1.37.1/v0.1.12/0.3.19/0.6.6
1,OM280541.1,B.1.1.529,2021-12-09,complete,Homo sapiens,29772,4.3.4/1.37.1/v0.1.12/0.3.19/0.6.6
1,OW108325.2,B.1.1.529,2021-12-28,complete,Homo sapiens,29876,4.3.4/1.37.1/v0.1.12/0.3.19/0.6.6
1,OM245716.1,B.1.1.529,2021-12-21,complete,Homo sapiens,29762,4.3.4/1.37.1/v0.1.12/0.3.19/0.6.6
1,OM135051.1,B.1.1.529,2021-12-21,complete,Homo sapiens,29792,4.3.4/1.37.1/v0.1.12/0.3.19/0.6.6
1,OM245822.1,B.1.1.529,2021-12-22,complete,Homo sapiens,29770,4.3.4/1.37.1/v0.1.12/0.3.19/0.6.6
1,OX073225.1,B.1.1.529,2021-12-28,complete,Homo sapiens,29903,4.3.4/1.37.1/v0.1.12/0.3.19/0.6.6
1,ON071103.1,B.1.1.529,2022-02-24,complete,Homo sapiens,29754,4.3.4/1.37.1/v0.1.12/0.3.19/0.6.6
1,OY655603.1,B.1.1.529,2022-02-03,complete,Homo sapiens,29887,4.3.4/1.37.1/v0.1.12/0.3.19/0.6.6
1,OP419374.1,B.1.1.529,2022-07-03,complete,Homo sapiens,29682,4.3.4/1.37.1/v0.1.12/0.3.19/0.6.6
1,ON118873.1,B.1.1.529,2022-01-23,complete,Homo sapiens,29787,4.3.4/1.37.1/v0.1.12/0.3.19/0.6.6
1,OX847262.1,B.1.1.529,2022-04-01,complete,Homo sapiens,29891,4.3.4/1.37.1/v0.1.12/0.3.19/0.6.6
1,OP983736.1,B.1.1.529,2022-11-22,complete,Homo sapiens,29820,4.3.4/1.37.1/v0.1.12/0.3.19/0.6.6
1,OM308527.1,B.1.1.529,2021-12-28,complete,Homo sapiens,29799,4.3.4/1.37.1/v0.1.12/0.3.19/0.6.6
1,OY627239.1,B.1.1.529,2022-02-05,complete,Homo sapiens,29622,4.3.4/1.37.1/v0.1.12/0.3.19/0.6.6
1,OY624026.1,B.1.1.529,2022-02-03,complete,Homo sapiens,29766,4.3.4/1.37.1/v0.1.12/0.3.19/0.6.6
1,OM459382.1,B.1.1.529,2022-01-15,complete,Homo sapiens,29798,4.3.4/1.37.1/v0.1.12/0.3.19/0.6.6
1,OM457459.1,B.1.1.529,2021-12-22,complete,Homo sapiens,29760,4.3.4/1.37.1/v0.1.12/0.3.19/0.6.6
1,OM245500.1,B.1.1.529,2021-12-22,complete,Homo sapiens,29770,4.3.4/1.37.1/v0.1.12/0.3.19/0.6.6
1,OM475290.1,B.1.1.529,2022-01-19,complete,Homo sapiens,29752,4.3.4/1.37.1/v0.1.12/0.3.19/0.6.6
1,OM099360.1,B.1.1.529,2021-12-19,complete,Homo sapiens,29799,4.3.4/1.37.1/v0.1.12/0.3.19/0.6.6
1,OM492368.1,B.1.1.529,2022-01-19,complete,Homo sapiens,29773,4.3.4/1.37.1/v0.1.12/0.3.19/0.6.6
1,OY704312.1,B.1.1.529,2022-02-05,complete,Homo sapiens,29743,4.3.4/1.37.1/v0.1.12/0.3.19/0.6.6
1,OY634401.1,B.1.1.529,2022-02-04,complete,Homo sapiens,29774,4.3.4/1.37.1/v0.1.12/0.3.19/0.6.6
1,ON003900.1,B.1.1.529,2022-02-03,complete,Homo sapiens,29768,4.3.4/1.37.1/v0.1.12/0.3.19/0.6.6
1,ON188723.1,B.1.1.529,2022-01-24,complete,Homo sapiens,29788,4.3.4/1.37.1/v0.1.12/0.3.19/0.6.6
1,OM245361.1,B.1.1.529,2021-12-20,complete,Homo sapiens,29726,4.3.4/1.37.1/v0.1.12/0.3.19/0.6.6
1,OY691677.1,B.1.1.529,2022-02-24,complete,Homo sapiens,29797,4.3.4/1.37.1/v0.1.12/0.3.19/0.6.6
1,OY642921.1,B.1.1.529,2022-02-05,complete,Homo sapiens,29773,4.3.4/1.37.1/v0.1.12/0.3.19/0.6.6
1,ON230772.1,B.1.1.529,2022-01-25,complete,Homo sapiens,29790,4.3.4/1.37.1/v0.1.12/0.3.19/0.6.6
1,OM308021.1,B.1.1.529,2021-12-27,complete,Homo sapiens,29798,4.3.4/1.37.1/v0.1.12/0.3.19/0.6.6
1,OP647491.1,B.1.1.529,2022-02-25,complete,Homo sapiens,29828,4.3.4/1.37.1/v0.1.12/0.3.19/0.6.6
1,OY648583.1,B.1.1.529,2022-02-05,complete,Homo sapiens,29856,4.3.4/1.37.1/v0.1.12/0.3.19/0.6.6
1,OX326682.1,B.1.1.529,2022-02-01,complete,Homo sapiens,29903,4.3.4/1.37.1/v0.1.12/0.3.19/0.6.6
1,OM098797.1,B.1.1.529,2021-12-19,complete,Homo sapiens,29808,4.3.4/1.37.1/v0.1.12/0.3.19/0.6.6
1,OP419369.1,B.1.1.529,2022-07-12,complete,Homo sapiens,29740,4.3.4/1.37.1/v0.1.12/0.3.19/0.6.6
1,OX318599.1,B.1.1.529,2021-12-27,complete,Homo sapiens,29903,4.3.4/1.37.1/v0.1.12/0.3.19/0.6.6
1,OM036966.1,B.1.1.529,2021-12-14,complete,Homo sapiens,29802,4.3.4/1.37.1/v0.1.12/0.3.19/0.6.6
1,ON003691.1,B.1.1.529,2022-02-03,complete,Homo sapiens,29772,4.3.4/1.37.1/v0.1.12/0.3.19/0.6.6
1,ON313438.1,B.1.1.529,2022-02-17,complete,Homo sapiens,29791,4.3.4/1.37.1/v0.1.12/0.3.19/0.6.6
1,OY675882.1,B.1.1.529,2022-02-05,complete,Homo sapiens,29773,4.3.4/1.37.1/v0.1.12/0.3.19/0.6.6
1,OP419235.1,B.1.1.529,2022-08-08,complete,Homo sapiens,29757,4.3.4/1.37.1/v0.1.12/0.3.19/0.6.6
1,OY701407.1,B.1.1.529,2021-12-18,complete,Homo sapiens,29793,4.3.4/1.37.1/v0.1.12/0.3.19/0.6.6
1,OM245391.1,B.1.1.529,2021-12-22,complete,Homo sapiens,29762,4.3.4/1.37.1/v0.1.12/0.3.19/0.6.6
1,OX714483.1,B.1.1.529,2022-01-07,complete,Homo sapiens,29885,4.3.4/1.37.1/v0.1.12/0.3.19/0.6.6
1,ON594736.1,B.1.1.529,2022-01-27,complete,Homo sapiens,29756,4.3.4/1.37.1/v0.1.12/0.3.19/0.6.6
1,OM396724.1,B.1.1.529,2022-01-10,complete,Homo sapiens,29794,4.3.4/1.37.1/v0.1.12/0.3.19/0.6.6
1,ON226473.1,B.1.1.529,2022-01-26,complete,Homo sapiens,29777,4.3.4/1.37.1/v0.1.12/0.3.19/0.6.6
1,OX937329.1,B.1.1.529,2020,complete,Homo sapiens,29875,4.3.4/1.37.1/v0.1.12/0.3.19/0.6.6
1,ON068942.1,B.1.1.529,2022-01-30,complete,Homo sapiens,29788,4.3.4/1.37.1/v0.1.12/0.3.19/0.6.6
1,OP920576.1,B.1.1.529,2022-01-12,complete,Homo sapiens,29777,4.3.4/1.37.1/v0.1.12/0.3.19/0.6.6
1,ON313171.1,B.1.1.529,2022-02-18,complete,Homo sapiens,29668,4.3.4/1.37.1/v0.1.12/0.3.19/0.6.6
1,OM365178.1,B.1.1.529,2022-01-03,complete,Homo sapiens,29766,4.3.4/1.37.1/v0.1.12/0.3.19/0.6.6
1,OQ760477.1,B.1.1.529,2022-01-04,complete,Homo sapiens,29758,4.3.4/1.37.1/v0.1.12/0.3.19/0.6.6
1,OM280505.1,B.1.1.529,2021-12-20,complete,Homo sapiens,29776,4.3.4/1.37.1/v0.1.12/0.3.19/0.6.6
1,OX448513.1,B.1.1.529,2022-01-11,complete,Homo sapiens,29878,4.3.4/1.37.1/v0.1.12/0.3.19/0.6.6
1,OY310025.1,B.1.1.529,2021-12-08,complete,Homo sapiens,29867,4.3.4/1.37.1/v0.1.12/0.3.19/0.6.6
1,OP419387.1,B.1.1.529,2022-07-02,complete,Homo sapiens,29783,4.3.4/1.37.1/v0.1.12/0.3.19/0.6.6
1,OL912745.1,B.1.1.529,2021-12-11,complete,Homo sapiens,29795,4.3.4/1.37.1/v0.1.12/0.3.19/0.6.6
1,OM335500.1,B.1.1.529,2021-12-30,complete,Homo sapiens,29820,4.3.4/1.37.1/v0.1.12/0.3.19/0.6.6
1,ON118926.1,B.1.1.529,2022-01-24,complete,Homo sapiens,29781,4.3.4/1.37.1/v0.1.12/0.3.19/0.6.6
1,OM459508.1,B.1.1.529,2022-01-14,complete,Homo sapiens,29711,4.3.4/1.37.1/v0.1.12/0.3.19/0.6.6
1,ON800468.1,B.1.1.529,2022-05-27,complete,Homo sapiens,29811,4.3.4/1.37.1/v0.1.12/0.3.19/0.6.6
1,OY658022.1,B.1.1.529,2022-02-05,complete,Homo sapiens,29764,4.3.4/1.37.1/v0.1.12/0.3.19/0.6.6
1,OX314720.1,B.1.1.529,2022-01-31,complete,Homo sapiens,29894,4.3.4/1.37.1/v0.1.12/0.3.19/0.6.6
1,OY693412.1,B.1.1.529,2022-01-29,complete,Homo sapiens,29786,4.3.4/1.37.1/v0.1.12/0.3.19/0.6.6
1,OY714644.1,B.1.1.529,2022-02-05,complete,Homo sapiens,29833,4.3.4/1.37.1/v0.1.12/0.3.19/0.6.6
1,ON189634.1,B.1.1.529,2022-01-23,complete,Homo sapiens,29804,4.3.4/1.37.1/v0.1.12/0.3.19/0.6.6
1,OY651341.1,B.1.1.529,2022-02-05,complete,Homo sapiens,29832,4.3.4/1.37.1/v0.1.12/0.3.19/0.6.6
1,OM272495.1,B.1.1.529,2021-12-28,complete,Homo sapiens,29799,4.3.4/1.37.1/v0.1.12/0.3.19/0.6.6
1,OY690854.1,B.1.1.529,2022-01-07,complete,Homo sapiens,29814,4.3.4/1.37.1/v0.1.12/0.3.19/0.6.6
1,OR357780.1,B.1.1.529,2022-01,complete,Homo sapiens,29813,4.3.4/1.37.1/v0.1.12/0.3.19/0.6.6
1,OP183425.1,B.1.1.529,2022-06-28,complete,Homo sapiens,29876,4.3.4/1.37.1/v0.1.12/0.3.19/0.6.6
1,OP879998.1,B.1.1.529,2022-10-22,complete,Homo sapiens,29778,4.3.4/1.37.1/v0.1.12/0.3.19/0.6.6
1,OM352488.1,B.1.1.529,2021-12-30,complete,Homo sapiens,29808,4.3.4/1.37.1/v0.1.12/0.3.19/0.6.6
1,OP879908.1,B.1.1.529,2022-10-27,complete,Homo sapiens,29784,4.3.4/1.37.1/v0.1.12/0.3.19/0.6.6
1,OY321148.1,B.1.1.529,2021-12-22,complete,Homo sapiens,29888,4.3.4/1.37.1/v0.1.12/0.3.19/0.6.6
1,ON071407.1,B.1.1.529,2022-02-23,complete,Homo sapiens,29768,4.3.4/1.37.1/v0.1.12/0.3.19/0.6.6
1,OX312152.1,B.1.1.529,2021-12-25,complete,Homo sapiens,29894,4.3.4/1.37.1/v0.1.12/0.3.19/0.6.6
1,OR055576.1,B.1.1.529,2022-01-28,complete,Homo sapiens,29707,4.3.4/1.37.1/v0.1.12/0.3.19/0.6.6
1,OY463377.1,B.1.1.529,2022-02-07,complete,Homo sapiens,29890,4.3.4/1.37.1/v0.1.12/0.3.19/0.6.6
1,ON188707.1,B.1.1.529,2022-01-24,complete,Homo sapiens,29781,4.3.4/1.37.1/v0.1.12/0.3.19/0.6.6
1,OP234021.1,B.1.1.529,2022-07-16,complete,Homo sapiens,29763,4.3.4/1.37.1/v0.1.12/0.3.19/0.6.6
1,OM245617.1,B.1.1.529,2021-12-17,complete,Homo sapiens,29763,4.3.4/1.37.1/v0.1.12/0.3.19/0.6.6
1,OM232855.1,B.1.1.529,2021-12-24,complete,Homo sapiens,29807,4.3.4/1.37.1/v0.1.12/0.3.19/0.6.6
1,OX859732.1,B.1.1.529,2020,complete,Homo sapiens,29866,4.3.4/1.37.1/v0.1.12/0.3.19/0.6.6
1,OM245495.1,B.1.1.529,2021-12-20,complete,Homo sapiens,29763,4.3.4/1.37.1/v0.1.12/0.3.19/0.6.6
1,ON231261.1,B.1.1.529,2022-01-25,complete,Homo sapiens,29764,4.3.4/1.37.1/v0.1.12/0.3.19/0.6.6
1,OP880087.1,B.1.1.529,2022-10-13,complete,Homo sapiens,29796,4.3.4/1.37.1/v0.1.12/0.3.19/0.6.6
1,ON208968.1,B.1.1.529,2022-01-24,complete,Homo sapiens,29780,4.3.4/1.37.1/v0.1.12/0.3.19/0.6.6
1,OM280946.1,B.1.1.529,2021-12-21,complete,Homo sapiens,29774,4.3.4/1.37.1/v0.1.12/0.3.19/0.6.6
1,OX314512.1,B.1.1.529,2022-01-29,complete,Homo sapiens,29894,4.3.4/1.37.1/v0.1.12/0.3.19/0.6.6
1,OY672740.1,B.1.1.529,2022-02-05,complete,Homo sapiens,29773,4.3.4/1.37.1/v0.1.12/0.3.19/0.6.6
1,OY687647.1,B.1.1.529,2022-02-05,complete,Homo sapiens,29773,4.3.4/1.37.1/v0.1.12/0.3.19/0.6.6
1,OP051825.1,B.1.1.529,2022-06-27,complete,Homo sapiens,29766,4.3.4/1.37.1/v0.1.12/0.3.19/0.6.6
1,ON071570.1,B.1.1.529,2022-02-23,complete,Homo sapiens,29754,4.3.4/1.37.1/v0.1.12/0.3.19/0.6.6
1,BS011164.1,B.1.1.529,2022-01-29,complete,Homo sapiens,29419,4.3.4/1.37.1/v0.1.12/0.3.19/0.6.6
1,OM298956.1,B.1.1.529,2021-12-30,complete,Homo sapiens,29799,4.3.4/1.37.1/v0.1.12/0.3.19/0.6.6
1,OY685537.1,B.1.1.529,2022-02-05,complete,Homo sapiens,29885,4.3.4/1.37.1/v0.1.12/0.3.19/0.6.6
1,ON189642.1,B.1.1.529,2022-01-24,complete,Homo sapiens,29772,4.3.4/1.37.1/v0.1.12/0.3.19/0.6.6
1,OX795526.1,B.1.1.529,2020,complete,Homo sapiens,29879,4.3.4/1.37.1/v0.1.12/0.3.19/0.6.6
1,OW468038.1,B.1.1.529,2021-12-26,complete,Homo sapiens,29903,4.3.4/1.37.1/v0.1.12/0.3.19/0.6.6
1,OX314555.1,B.1.1.529,2021-12-29,complete,Homo sapiens,29903,4.3.4/1.37.1/v0.1.12/0.3.19/0.6.6
1,ON071279.1,B.1.1.529,2022-01-29,complete,Homo sapiens,29769,4.3.4/1.37.1/v0.1.12/0.3.19/0.6.6
1,OM335086.1,B.1.1.529,2021-12-30,complete,Homo sapiens,29787,4.3.4/1.37.1/v0.1.12/0.3.19/0.6.6
1,OM459347.1,B.1.1.529,2022-01-15,complete,Homo sapiens,29808,4.3.4/1.37.1/v0.1.12/0.3.19/0.6.6
1,OY626693.1,B.1.1.529,2022-02-05,complete,Homo sapiens,29774,4.3.4/1.37.1/v0.1.12/0.3.19/0.6.6
1,OM290049.1,B.1.1.529,2021-12-27,complete,Homo sapiens,29820,4.3.4/1.37.1/v0.1.12/0.3.19/0.6.6
1,OW120217.1,B.1.1.529,2022-01-28,complete,Homo sapiens,29867,4.3.4/1.37.1/v0.1.12/0.3.19/0.6.6
1,OM245498.1,B.1.1.529,2021-12-22,complete,Homo sapiens,29762,4.3.4/1.37.1/v0.1.12/0.3.19/0.6.6
1,OY677780.1,B.1.1.529,2022-01-04,complete,Homo sapiens,29773,4.3.4/1.37.1/v0.1.12/0.3.19/0.6.6
1,OX688569.1,B.1.1.529,2022-01-23,complete,Homo sapiens,29882,4.3.4/1.37.1/v0.1.12/0.3.19/0.6.6
1,OQ059020.1,B.1.1.529,2022-09-02,complete,Homo sapiens,29822,4.3.4/1.37.1/v0.1.12/0.3.19/0.6.6
1,OX788839.1,B.1.1.529,2022-01-25,complete,Homo sapiens,29881,4.3.4/1.37.1/v0.1.12/0.3.19/0.6.6
1,OQ444321.1,B.1.1.529,2023-01-28,complete,Homo sapiens,29738,4.3.4/1.37.1/v0.1.12/0.3.19/0.6.6
1,OY635902.1,B.1.1.529,2022-02-13,complete,Homo sapiens,29784,4.3.4/1.37.1/v0.1.12/0.3.19/0.6.6
1,ON071267.1,B.1.1.529,2022-02-24,complete,Homo sapiens,29787,4.3.4/1.37.1/v0.1.12/0.3.19/0.6.6
1,OM280566.1,B.1.1.529,2021-12-22,complete,Homo sapiens,29776,4.3.4/1.37.1/v0.1.12/0.3.19/0.6.6
1,OM245844.1,B.1.1.529,2021-12-22,complete,Homo sapiens,29763,4.3.4/1.37.1/v0.1.12/0.3.19/0.6.6
1,ON189072.1,B.1.1.529,2022-01-23,complete,Homo sapiens,29778,4.3.4/1.37.1/v0.1.12/0.3.19/0.6.6
1,OW513989.1,B.1.1.529,2022-01-03,complete,Homo sapiens,29870,4.3.4/1.37.1/v0.1.12/0.3.19/0.6.6
1,OM197869.1,B.1.1.529,2021-12-26,complete,Homo sapiens,29805,4.3.4/1.37.1/v0.1.12/0.3.19/0.6.6
1,OY309920.1,B.1.1.529,2020,complete,Homo sapiens,29751,4.3.4/1.37.1/v0.1.12/0.3.19/0.6.6
1,OM332931.1,B.1.1.529,2021-12-29,complete,Homo sapiens,29799,4.3.4/1.37.1/v0.1.12/0.3.19/0.6.6
1,OY702164.1,B.1.1.529,2022-02-05,complete,Homo sapiens,29774,4.3.4/1.37.1/v0.1.12/0.3.19/0.6.6
1,OM272200.1,B.1.1.529,2021-12-28,complete,Homo sapiens,29799,4.3.4/1.37.1/v0.1.12/0.3.19/0.6.6
1,OY692958.1,B.1.1.529,2022-01-30,complete,Homo sapiens,29828,4.3.4/1.37.1/v0.1.12/0.3.19/0.6.6
1,OW105547.1,B.1.1.529,2021-12-17,complete,Homo sapiens,29912,4.3.4/1.37.1/v0.1.12/0.3.19/0.6.6
1,ON118718.1,B.1.1.529,2022-01-24,complete,Homo sapiens,29775,4.3.4/1.37.1/v0.1.12/0.3.19/0.6.6
1,OM389336.1,B.1.1.529,2021-12-22,complete,Homo sapiens,29746,4.3.4/1.37.1/v0.1.12/0.3.19/0.6.6
1,OM390489.1,B.1.1.529,2021-12-21,complete,Homo sapiens,29791,4.3.4/1.37.1/v0.1.12/0.3.19/0.6.6
1,ON208872.1,B.1.1.529,2022-01-24,complete,Homo sapiens,29767,4.3.4/1.37.1/v0.1.12/0.3.19/0.6.6
1,OX312905.1,B.1.1.529,2022-02-07,complete,Homo sapiens,29885,4.3.4/1.37.1/v0.1.12/0.3.19/0.6.6
1,OY658534.1,B.1.1.529,2022-02-03,complete,Homo sapiens,29841,4.3.4/1.37.1/v0.1.12/0.3.19/0.6.6
1,OY661033.1,B.1.1.529,2022-01-04,complete,Homo sapiens,29822,4.3.4/1.37.1/v0.1.12/0.3.19/0.6.6
1,OX314977.1,B.1.1.529,2022-02-07,complete,Homo sapiens,29903,4.3.4/1.37.1/v0.1.12/0.3.19/0.6.6
1,OM229960.1,B.1.1.529,2021-12-18,complete,Homo sapiens,29719,4.3.4/1.37.1/v0.1.12/0.3.19/0.6.6
1,OR054487.1,B.1.1.529,2022-01-04,complete,Homo sapiens,29746,4.3.4/1.37.1/v0.1.12/0.3.19/0.6.6
1,ON594997.1,B.1.1.529,2022-01-20,complete,Homo sapiens,29756,4.3.4/1.37.1/v0.1.12/0.3.19/0.6.6
1,OY688131.1,B.1.1.529,2021-12-27,complete,Homo sapiens,29788,4.3.4/1.37.1/v0.1.12/0.3.19/0.6.6
1,ON188697.1,B.1.1.529,2022-01-25,complete,Homo sapiens,29742,4.3.4/1.37.1/v0.1.12/0.3.19/0.6.6
1,ON305550.1,B.1.1.529,2022-02-02,complete,Homo sapiens,29771,4.3.4/1.37.1/v0.1.12/0.3.19/0.6.6
1,OY331477.1,B.1.1.529,2021-12-27,complete,Homo sapiens,29867,4.3.4/1.37.1/v0.1.12/0.3.19/0.6.6
1,OX309675.1,B.1.1.529,2021-12-28,complete,Homo sapiens,29903,4.3.4/1.37.1/v0.1.12/0.3.19/0.6.6
1,OY317240.1,B.1.1.529,2021-12-31,complete,Homo sapiens,29902,4.3.4/1.37.1/v0.1.12/0.3.19/0.6.6
1,OM280638.1,B.1.1.529,2021-12-23,complete,Homo sapiens,29759,4.3.4/1.37.1/v0.1.12/0.3.19/0.6.6
1,OM280828.1,B.1.1.529,2021-12-20,complete,Homo sapiens,29779,4.3.4/1.37.1/v0.1.12/0.3.19/0.6.6
1,OY685101.1,B.1.1.529,2022-02-03,complete,Homo sapiens,29856,4.3.4/1.37.1/v0.1.12/0.3.19/0.6.6
1,OP983397.1,B.1.1.529,2022-11-21,complete,Homo sapiens,29696,4.3.4/1.37.1/v0.1.12/0.3.19/0.6.6
1,ON004426.1,B.1.1.529,2021-12-30,complete,Homo sapiens,29752,4.3.4/1.37.1/v0.1.12/0.3.19/0.6.6
1,OX757915.1,B.1.1.529,2020,complete,Homo sapiens,29776,4.3.4/1.37.1/v0.1.12/0.3.19/0.6.6
1,OM134926.1,B.1.1.529,2021-12-21,complete,Homo sapiens,29811,4.3.4/1.37.1/v0.1.12/0.3.19/0.6.6
1,ON118724.1,B.1.1.529,2022-01-23,complete,Homo sapiens,29781,4.3.4/1.37.1/v0.1.12/0.3.19/0.6.6
1,OM364555.1,B.1.1.529,2022-01-02,complete,Homo sapiens,29808,4.3.4/1.37.1/v0.1.12/0.3.19/0.6.6
1,ON071260.1,B.1.1.529,2022-02-27,complete,Homo sapiens,29784,4.3.4/1.37.1/v0.1.12/0.3.19/0.6.6
1,OX516618.1,B.1.1.529,2022-01-23,complete,Homo sapiens,29890,4.3.4/1.37.1/v0.1.12/0.3.19/0.6.6
1,OX318998.1,B.1.1.529,2022-01-05,complete,Homo sapiens,29903,4.3.4/1.37.1/v0.1.12/0.3.19/0.6.6
1,OY676692.1,B.1.1.529,2021-12-28,complete,Homo sapiens,29766,4.3.4/1.37.1/v0.1.12/0.3.19/0.6.6
1,OM272606.1,B.1.1.529,2021-12-29,complete,Homo sapiens,29814,4.3.4/1.37.1/v0.1.12/0.3.19/0.6.6
1,OM280698.1,B.1.1.529,2021-12-22,complete,Homo sapiens,29776,4.3.4/1.37.1/v0.1.12/0.3.19/0.6.6
1,OY683885.1,B.1.1.529,2022-02-01,complete,Homo sapiens,29755,4.3.4/1.37.1/v0.1.12/0.3.19/0.6.6
1,OM280544.1,B.1.1.529,2021-12-22,complete,Homo sapiens,29788,4.3.4/1.37.1/v0.1.12/0.3.19/0.6.6
1,OX872003.1,B.1.1.529,2021-12-17,complete,Homo sapiens,29870,4.3.4/1.37.1/v0.1.12/0.3.19/0.6.6
1,OM245681.1,B.1.1.529,2021-12-21,complete,Homo sapiens,29770,4.3.4/1.37.1/v0.1.12/0.3.19/0.6.6
1,ON263675.1,B.1.1.529,2022-01-30,complete,Homo sapiens,29785,4.3.4/1.37.1/v0.1.12/0.3.19/0.6.6
1,OM156410.1,B.1.1.529,2021-12-22,complete,Homo sapiens,29817,4.3.4/1.37.1/v0.1.12/0.3.19/0.6.6
1,OX970329.1,B.1.1.529,2020,complete,Homo sapiens,29793,4.3.4/1.37.1/v0.1.12/0.3.19/0.6.6
1,ON003805.1,B.1.1.529,2022-02-04,complete,Homo sapiens,29778,4.3.4/1.37.1/v0.1.12/0.3.19/0.6.6
1,OM290941.1,B.1.1.529,2021-12-29,complete,Homo sapiens,29811,4.3.4/1.37.1/v0.1.12/0.3.19/0.6.6
1,OX945899.1,B.1.1.529,2021-12-10,complete,Homo sapiens,29791,4.3.4/1.37.1/v0.1.12/0.3.19/0.6.6
1,ON230777.1,B.1.1.529,2022-01-25,complete,Homo sapiens,29772,4.3.4/1.37.1/v0.1.12/0.3.19/0.6.6
1,OM561793.1,B.1.1.529,2022-01-25,complete,Homo sapiens,29793,4.3.4/1.37.1/v0.1.12/0.3.19/0.6.6
1,OW091866.1,B.1.1.529,2022-01-25,complete,Homo sapiens,29876,4.3.4/1.37.1/v0.1.12/0.3.19/0.6.6
1,OV340120.1,B.1.1.529,2021-12-15,complete,Homo sapiens,29873,4.3.4/1.37.1/v0.1.12/0.3.19/0.6.6
1,OX936238.1,B.1.1.529,2022-01-21,complete,Homo sapiens,29897,4.3.4/1.37.1/v0.1.12/0.3.19/0.6.6
1,OX528968.1,B.1.1.529,2022-01-18,complete,Homo sapiens,29899,4.3.4/1.37.1/v0.1.12/0.3.19/0.6.6
1,OM280820.1,B.1.1.529,2021-12-22,complete,Homo sapiens,29770,4.3.4/1.37.1/v0.1.12/0.3.19/0.6.6
1,ON068633.1,B.1.1.529,2022-02-20,complete,Homo sapiens,29790,4.3.4/1.37.1/v0.1.12/0.3.19/0.6.6
1,OX996400.1,B.1.1.529,2021-12-22,complete,Homo sapiens,29888,4.3.4/1.37.1/v0.1.12/0.3.19/0.6.6
1,OX636427.1,B.1.1.529,2022-01-05,complete,Homo sapiens,29903,4.3.4/1.37.1/v0.1.12/0.3.19/0.6.6
1,OM012508.1,B.1.1.529,2021-12-15,complete,Homo sapiens,29807,4.3.4/1.37.1/v0.1.12/0.3.19/0.6.6
1,OM126090.1,B.1.1.529,2021-12-15,complete,Homo sapiens,29793,4.3.4/1.37.1/v0.1.12/0.3.19/0.6.6
1,ON558823.1,B.1.1.529,2022-01-19,complete,Homo sapiens,29777,4.3.4/1.37.1/v0.1.12/0.3.19/0.6.6
1,OP359822.1,B.1.1.529,2022-07-11,complete,Homo sapiens,29770,4.3.4/1.37.1/v0.1.12/0.3.19/0.6.6
1,OR538902.1,B.1.1.529,2021-09-02,complete,Homo sapiens,29903,4.3.4/1.37.1/v0.1.12/0.3.19/0.6.6
1,OY298572.1,B.1.1.529,2022-02-16,complete,Homo sapiens,29870,4.3.4/1.37.1/v0.1.12/0.3.19/0.6.6
1,OX319261.1,B.1.1.529,2021-12-26,complete,Homo sapiens,29903,4.3.4/1.37.1/v0.1.12/0.3.19/0.6.6
1,OY657800.1,B.1.1.529,2022-01-12,complete,Homo sapiens,29783,4.3.4/1.37.1/v0.1.12/0.3.19/0.6.6
1,OL491030.1,B.1.1.529,2021-10-18,complete,Homo sapiens,29799,4.3.4/1.37.1/v0.1.12/0.3.19/0.6.6
1,OX898104.1,B.1.1.529,2022-01-06,complete,Homo sapiens,29902,4.3.4/1.37.1/v0.1.12/0.3.19/0.6.6
1,OP879996.1,B.1.1.529,2022-10-21,complete,Homo sapiens,29795,4.3.4/1.37.1/v0.1.12/0.3.19/0.6.6
1,ON208876.1,B.1.1.529,2022-01-25,complete,Homo sapiens,29775,4.3.4/1.37.1/v0.1.12/0.3.19/0.6.6
1,OX891542.1,B.1.1.529,2022-01-25,complete,Homo sapiens,29883,4.3.4/1.37.1/v0.1.12/0.3.19/0.6.6
1,ON230847.1,B.1.1.529,2022-01-24,complete,Homo sapiens,29784,4.3.4/1.37.1/v0.1.12/0.3.19/0.6.6
1,OM245828.1,B.1.1.529,2021-12-19,complete,Homo sapiens,29753,4.3.4/1.37.1/v0.1.12/0.3.19/0.6.6
1,OP879940.1,B.1.1.529,2022-10-15,complete,Homo sapiens,29769,4.3.4/1.37.1/v0.1.12/0.3.19/0.6.6
1,OP880131.1,B.1.1.529,2022-10-24,complete,Homo sapiens,29756,4.3.4/1.37.1/v0.1.12/0.3.19/0.6.6
1,ON189449.1,B.1.1.529,2022-01-24,complete,Homo sapiens,29745,4.3.4/1.37.1/v0.1.12/0.3.19/0.6.6
1,OM245485.1,B.1.1.529,2021-12-22,complete,Homo sapiens,29724,4.3.4/1.37.1/v0.1.12/0.3.19/0.6.6
1,ON312679.1,B.1.1.529,2022-03-30,complete,Homo sapiens,29784,4.3.4/1.37.1/v0.1.12/0.3.19/0.6.6
1,ON068683.1,B.1.1.529,2022-02-03,complete,Homo sapiens,29790,4.3.4/1.37.1/v0.1.12/0.3.19/0.6.6
1,OM459271.1,B.1.1.529,2022-01-14,complete,Homo sapiens,29766,4.3.4/1.37.1/v0.1.12/0.3.19/0.6.6
1,OM079811.1,B.1.1.529,2021-12-17,complete,Homo sapiens,29796,4.3.4/1.37.1/v0.1.12/0.3.19/0.6.6
1,OY700986.1,B.1.1.529,2022-02-05,complete,Homo sapiens,29773,4.3.4/1.37.1/v0.1.12/0.3.19/0.6.6
1,OY629766.1,B.1.1.529,2022-02-05,complete,Homo sapiens,29773,4.3.4/1.37.1/v0.1.12/0.3.19/0.6.6
1,OM280805.1,B.1.1.529,2021-12-20,complete,Homo sapiens,29776,4.3.4/1.37.1/v0.1.12/0.3.19/0.6.6
1,OX788891.1,B.1.1.529,2020,complete,Homo sapiens,29881,4.3.4/1.37.1/v0.1.12/0.3.19/0.6.6
1,OX959946.1,B.1.1.529,2022-01-06,complete,Homo sapiens,29777,4.3.4/1.37.1/v0.1.12/0.3.19/0.6.6
1,OY697992.1,B.1.1.529,2022-01-11,complete,Homo sapiens,29774,4.3.4/1.37.1/v0.1.12/0.3.19/0.6.6
1,OM229872.1,B.1.1.529,2021-12-18,complete,Homo sapiens,29771,4.3.4/1.37.1/v0.1.12/0.3.19/0.6.6
1,OY701475.1,B.1.1.529,2022-02-05,complete,Homo sapiens,29889,4.3.4/1.37.1/v0.1.12/0.3.19/0.6.6
1,OY675654.1,B.1.1.529,2022-02-05,complete,Homo sapiens,29842,4.3.4/1.37.1/v0.1.12/0.3.19/0.6.6
1,OM080680.1,B.1.1.529,2021-12-08,complete,Homo sapiens,29804,4.3.4/1.37.1/v0.1.12/0.3.19/0.6.6
1,OX819199.1,B.1.1.529,2020,complete,Homo sapiens,29866,4.3.4/1.37.1/v0.1.12/0.3.19/0.6.6
1,OM135154.1,B.1.1.529,2021-12-21,complete,Homo sapiens,29796,4.3.4/1.37.1/v0.1.12/0.3.19/0.6.6
1,OP879953.1,B.1.1.529,2022-10-19,complete,Homo sapiens,29729,4.3.4/1.37.1/v0.1.12/0.3.19/0.6.6
1,OM245573.1,B.1.1.529,2021-12-21,complete,Homo sapiens,29762,4.3.4/1.37.1/v0.1.12/0.3.19/0.6.6
1,OM245382.1,B.1.1.529,2021-12-21,complete,Homo sapiens,29763,4.3.4/1.37.1/v0.1.12/0.3.19/0.6.6
1,OM245767.1,B.1.1.529,2021-12-22,complete,Homo sapiens,29762,4.3.4/1.37.1/v0.1.12/0.3.19/0.6.6
1,OY579160.1,B.1.1.529,2021-12-07,complete,Homo sapiens,29897,4.3.4/1.37.1/v0.1.12/0.3.19/0.6.6
1,OP183419.1,B.1.1.529,2022-05-17,complete,Homo sapiens,29876,4.3.4/1.37.1/v0.1.12/0.3.19/0.6.6
1,OX310704.1,B.1.1.529,2022-02-05,complete,Homo sapiens,29894,4.3.4/1.37.1/v0.1.12/0.3.19/0.6.6
1,OM070097.1,B.1.1.529,2021-12-10,complete,Homo sapiens,29768,4.3.4/1.37.1/v0.1.12/0.3.19/0.6.6
1,OP419274.1,B.1.1.529,2022-07-18,complete,Homo sapiens,29811,4.3.4/1.37.1/v0.1.12/0.3.19/0.6.6
1,ON313057.1,B.1.1.529,2022-02-06,complete,Homo sapiens,29781,4.3.4/1.37.1/v0.1.12/0.3.19/0.6.6
1,OX747003.1,B.1.1.529,2022-02-16,complete,Homo sapiens,29866,4.3.4/1.37.1/v0.1.12/0.3.19/0.6.6
1,OM459061.1,B.1.1.529,2022-01-16,complete,Homo sapiens,29774,4.3.4/1.37.1/v0.1.12/0.3.19/0.6.6
1,OM080552.1,B.1.1.529,2021-12-07,complete,Homo sapiens,29820,4.3.4/1.37.1/v0.1.12/0.3.19/0.6.6
1,OM245543.1,B.1.1.529,2021-12-22,complete,Homo sapiens,29757,4.3.4/1.37.1/v0.1.12/0.3.19/0.6.6
1,OY634940.1,B.1.1.529,2022-02-05,complete,Homo sapiens,29797,4.3.4/1.37.1/v0.1.12/0.3.19/0.6.6
1,OY676786.1,B.1.1.529,2022-02-05,complete,Homo sapiens,29821,4.3.4/1.37.1/v0.1.12/0.3.19/0.6.6
1,ON231202.1,B.1.1.529,2022-01-25,complete,Homo sapiens,29794,4.3.4/1.37.1/v0.1.12/0.3.19/0.6.6
1,OP880114.1,B.1.1.529,2022-10-26,complete,Homo sapiens,29734,4.3.4/1.37.1/v0.1.12/0.3.19/0.6.6
1,OM097184.1,B.1.1.529,2021-12-18,complete,Homo sapiens,29789,4.3.4/1.37.1/v0.1.12/0.3.19/0.6.6
1,ON208926.1,B.1.1.529,2022-01-26,complete,Homo sapiens,29781,4.3.4/1.37.1/v0.1.12/0.3.19/0.6.6
1,OM332930.1,B.1.1.529,2021-12-29,complete,Homo sapiens,29808,4.3.4/1.37.1/v0.1.12/0.3.19/0.6.6
1,OP879955.1,B.1.1.529,2022-10-12,complete,Homo sapiens,29663,4.3.4/1.37.1/v0.1.12/0.3.19/0.6.6
1,OW120251.1,B.1.1.529,2022-01-28,complete,Homo sapiens,29885,4.3.4/1.37.1/v0.1.12/0.3.19/0.6.6
1,OP061274.1,B.1.1.529,2022-05-18,complete,Homo sapiens,29742,4.3.4/1.37.1/v0.1.12/0.3.19/0.6.6
1,ON118639.1,B.1.1.529,2022-02-12,complete,Homo sapiens,29775,4.3.4/1.37.1/v0.1.12/0.3.19/0.6.6
1,OQ094685.1,B.1.1.529,2022-11-24,complete,Homo sapiens,29663,4.3.4/1.37.1/v0.1.12/0.3.19/0.6.6
1,ON787235.1,B.1.1.529,2022-05-24,complete,Homo sapiens,29761,4.3.4/1.37.1/v0.1.12/0.3.19/0.6.6
1,OM459653.1,B.1.1.529,2022-01-10,complete,Homo sapiens,29740,4.3.4/1.37.1/v0.1.12/0.3.19/0.6.6
1,ON313494.1,B.1.1.529,2022-02-17,complete,Homo sapiens,29770,4.3.4/1.37.1/v0.1.12/0.3.19/0.6.6
1,OP061306.1,B.1.1.529,2022-05-23,complete,Homo sapiens,29744,4.3.4/1.37.1/v0.1.12/0.3.19/0.6.6
1,OP419411.1,B.1.1.529,2022-07-21,complete,Homo sapiens,29785,4.3.4/1.37.1/v0.1.12/0.3.19/0.6.6
1,OX785091.1,B.1.1.529,2022-01-05,complete,Homo sapiens,29879,4.3.4/1.37.1/v0.1.12/0.3.19/0.6.6
1,ON313333.1,B.1.1.529,2022-02-10,complete,Homo sapiens,29778,4.3.4/1.37.1/v0.1.12/0.3.19/0.6.6
1,ON188726.1,B.1.1.529,2022-01-23,complete,Homo sapiens,29809,4.3.4/1.37.1/v0.1.12/0.3.19/0.6.6
1,OM280597.1,B.1.1.529,2021-12-22,complete,Homo sapiens,29773,4.3.4/1.37.1/v0.1.12/0.3.19/0.6.6
1,OP053254.1,B.1.1.529,2022-07-01,complete,Homo sapiens,29766,4.3.4/1.37.1/v0.1.12/0.3.19/0.6.6
1,OM245600.1,B.1.1.529,2021-12-22,complete,Homo sapiens,29769,4.3.4/1.37.1/v0.1.12/0.3.19/0.6.6
1,OP419254.1,B.1.1.529,2022-07-18,complete,Homo sapiens,29663,4.3.4/1.37.1/v0.1.12/0.3.19/0.6.6
1,ON226445.1,B.1.1.529,2022-01-26,complete,Homo sapiens,29732,4.3.4/1.37.1/v0.1.12/0.3.19/0.6.6
1,OX326877.1,B.1.1.529,2022-01-30,complete,Homo sapiens,29903,4.3.4/1.37.1/v0.1.12/0.3.19/0.6.6
1,OM018600.1,B.1.1.529,2021-12-18,complete,Homo sapiens,29807,4.3.4/1.37.1/v0.1.12/0.3.19/0.6.6
1,OY684345.1,B.1.1.529,2022-02-05,complete,Homo sapiens,29835,4.3.4/1.37.1/v0.1.12/0.3.19/0.6.6
1,OX311038.1,B.1.1.529,2021-12-21,complete,Homo sapiens,29903,4.3.4/1.37.1/v0.1.12/0.3.19/0.6.6
1,OX085088.1,B.1.1.529,2022-03-30,complete,Homo sapiens,29890,4.3.4/1.37.1/v0.1.12/0.3.19/0.6.6
1,OP879976.1,B.1.1.529,2022-10-19,complete,Homo sapiens,29727,4.3.4/1.37.1/v0.1.12/0.3.19/0.6.6
1,OX628943.1,B.1.1.529,2020,complete,Homo sapiens,29884,4.3.4/1.37.1/v0.1.12/0.3.19/0.6.6
1,OM097558.1,B.1.1.529,2021-12-18,complete,Homo sapiens,29808,4.3.4/1.37.1/v0.1.12/0.3.19/0.6.6
1,OM280750.1,B.1.1.529,2021-12-22,complete,Homo sapiens,29764,4.3.4/1.37.1/v0.1.12/0.3.19/0.6.6
1,OW091787.1,B.1.1.529,2022-01-24,complete,Homo sapiens,29897,4.3.4/1.37.1/v0.1.12/0.3.19/0.6.6
1,OP419317.1,B.1.1.529,2022-07-21,complete,Homo sapiens,29820,4.3.4/1.37.1/v0.1.12/0.3.19/0.6.6
1,OM261200.1,B.1.1.529,2021-12-27,complete,Homo sapiens,29808,4.3.4/1.37.1/v0.1.12/0.3.19/0.6.6
1,PQ567389.1,B.1.1.529,2023-01-01,complete,Homo sapiens,29888,4.3.4/1.37.1/v0.1.12/0.3.19/0.6.6
1,ON306280.1,B.1.1.529,2022-02-01,complete,Homo sapiens,29782,4.3.4/1.37.1/v0.1.12/0.3.19/0.6.6
1,OP419363.1,B.1.1.529,2022-07-20,complete,Homo sapiens,29817,4.3.4/1.37.1/v0.1.12/0.3.19/0.6.6
1,OM272704.1,B.1.1.529,2021-12-29,complete,Homo sapiens,29799,4.3.4/1.37.1/v0.1.12/0.3.19/0.6.6
1,OY637619.1,B.1.1.529,2022-01-23,complete,Homo sapiens,29778,4.3.4/1.37.1/v0.1.12/0.3.19/0.6.6
1,ON071107.1,B.1.1.529,2022-01-29,complete,Homo sapiens,29776,4.3.4/1.37.1/v0.1.12/0.3.19/0.6.6
1,ON264354.1,B.1.1.529,2022-01-25,complete,Homo sapiens,29784,4.3.4/1.37.1/v0.1.12/0.3.19/0.6.6
1,ON313329.1,B.1.1.529,2022-02-07,complete,Homo sapiens,29784,4.3.4/1.37.1/v0.1.12/0.3.19/0.6.6
1,OM298891.1,B.1.1.529,2021-12-29,complete,Homo sapiens,29796,4.3.4/1.37.1/v0.1.12/0.3.19/0.6.6
1,OM229180.1,B.1.1.529,2021-12-17,complete,Homo sapiens,29762,4.3.4/1.37.1/v0.1.12/0.3.19/0.6.6
1,ON003826.1,B.1.1.529,2022-02-04,complete,Homo sapiens,29727,4.3.4/1.37.1/v0.1.12/0.3.19/0.6.6
1,ON230656.1,B.1.1.529,2022-01-25,complete,Homo sapiens,29676,4.3.4/1.37.1/v0.1.12/0.3.19/0.6.6
1,OP061324.1,B.1.1.529,2022-05-16,complete,Homo sapiens,29733,4.3.4/1.37.1/v0.1.12/0.3.19/0.6.6
1,OV702601.1,B.1.1.529,2021-12-21,complete,Homo sapiens,29870,4.3.4/1.37.1/v0.1.12/0.3.19/0.6.6
1,ON208910.1,B.1.1.529,2022-01-25,complete,Homo sapiens,29790,4.3.4/1.37.1/v0.1.12/0.3.19/0.6.6
1,OX312653.1,B.1.1.529,2021-12-31,complete,Homo sapiens,29903,4.3.4/1.37.1/v0.1.12/0.3.19/0.6.6
1,OM399607.1,B.1.1.529,2022-01-13,complete,Homo sapiens,29793,4.3.4/1.37.1/v0.1.12/0.3.19/0.6.6
1,OM261295.1,B.1.1.529,2021-12-27,complete,Homo sapiens,29802,4.3.4/1.37.1/v0.1.12/0.3.19/0.6.6
1,OY632834.1,B.1.1.529,2022-02-05,complete,Homo sapiens,29773,4.3.4/1.37.1/v0.1.12/0.3.19/0.6.6
1,OW516670.1,B.1.1.529,2022-03-17,complete,Homo sapiens,29891,4.3.4/1.37.1/v0.1.12/0.3.19/0.6.6
1,OY634078.1,B.1.1.529,2022-01-27,complete,Homo sapiens,29788,4.3.4/1.37.1/v0.1.12/0.3.19/0.6.6
1,ON226365.1,B.1.1.529,2022-03-18,complete,Homo sapiens,29780,4.3.4/1.37.1/v0.1.12/0.3.19/0.6.6
1,OM332188.1,B.1.1.529,2021-12-29,complete,Homo sapiens,29799,4.3.4/1.37.1/v0.1.12/0.3.19/0.6.6
1,ON264038.1,B.1.1.529,2022-01-26,complete,Homo sapiens,29772,4.3.4/1.37.1/v0.1.12/0.3.19/0.6.6
1,OY647558.1,B.1.1.529,2022-01-08,complete,Homo sapiens,29793,4.3.4/1.37.1/v0.1.12/0.3.19/0.6.6
1,OP419404.1,B.1.1.529,2022-07-18,complete,Homo sapiens,29778,4.3.4/1.37.1/v0.1.12/0.3.19/0.6.6
1,ON071585.1,B.1.1.529,2022-01-28,complete,Homo sapiens,29741,4.3.4/1.37.1/v0.1.12/0.3.19/0.6.6
1,OM308119.1,B.1.1.529,2021-12-27,complete,Homo sapiens,29823,4.3.4/1.37.1/v0.1.12/0.3.19/0.6.6
1,OP419434.1,B.1.1.529,2022-07-18,complete,Homo sapiens,29802,4.3.4/1.37.1/v0.1.12/0.3.19/0.6.6
1,ON189200.1,B.1.1.529,2022-01-24,complete,Homo sapiens,29808,4.3.4/1.37.1/v0.1.12/0.3.19/0.6.6
1,BS010673.1,B.1.1.529,2021-03-01,complete,Homo sapiens,29795,4.3.4/1.37.1/v0.1.12/0.3.19/0.6.6
1,OP419293.1,B.1.1.529,2022-07-18,complete,Homo sapiens,29775,4.3.4/1.37.1/v0.1.12/0.3.19/0.6.6
1,OX969345.1,B.1.1.529,2022-02-16,complete,Homo sapiens,29866,4.3.4/1.37.1/v0.1.12/0.3.19/0.6.6
1,OX613854.1,B.1.1.529,2022-02-16,complete,Homo sapiens,29866,4.3.4/1.37.1/v0.1.12/0.3.19/0.6.6
1,OM291254.1,B.1.1.529,2021-12-30,complete,Homo sapiens,29799,4.3.4/1.37.1/v0.1.12/0.3.19/0.6.6
1,OM895771.1,B.1.1.529,2021-12-09,complete,Homo sapiens,29806,4.3.4/1.37.1/v0.1.12/0.3.19/0.6.6
1,ON188724.1,B.1.1.529,2022-01-24,complete,Homo sapiens,29687,4.3.4/1.37.1/v0.1.12/0.3.19/0.6.6
1,OY672198.1,B.1.1.529,2021-12-21,complete,Homo sapiens,29773,4.3.4/1.37.1/v0.1.12/0.3.19/0.6.6
1,OV391581.1,B.1.1.529,2021-12-22,complete,Homo sapiens,29867,4.3.4/1.37.1/v0.1.12/0.3.19/0.6.6
1,OX318522.1,B.1.1.529,2022-01-14,complete,Homo sapiens,29894,4.3.4/1.37.1/v0.1.12/0.3.19/0.6.6
1,OY642123.1,B.1.1.529,2022-02-05,complete,Homo sapiens,29774,4.3.4/1.37.1/v0.1.12/0.3.19/0.6.6
1,OM245544.1,B.1.1.529,2021-12-22,complete,Homo sapiens,29762,4.3.4/1.37.1/v0.1.12/0.3.19/0.6.6
1,OW091869.1,B.1.1.529,2022-01-23,complete,Homo sapiens,29894,4.3.4/1.37.1/v0.1.12/0.3.19/0.6.6
1,OY681485.1,B.1.1.529,2022-02-05,complete,Homo sapiens,29773,4.3.4/1.37.1/v0.1.12/0.3.19/0.6.6
1,OP234260.1,B.1.1.529,2022-07-14,complete,Homo sapiens,29673,4.3.4/1.37.1/v0.1.12/0.3.19/0.6.6
1,OX769796.1,B.1.1.529,2020,complete,Homo sapiens,29882,4.3.4/1.37.1/v0.1.12/0.3.19/0.6.6
1,OY662602.1,B.1.1.529,2022-01-03,complete,Homo sapiens,29794,4.3.4/1.37.1/v0.1.12/0.3.19/0.6.6
1,OP879891.1,B.1.1.529,2022-10-18,complete,Homo sapiens,29738,4.3.4/1.37.1/v0.1.12/0.3.19/0.6.6
1,OY631983.1,B.1.1.529,2022-02-24,complete,Homo sapiens,29774,4.3.4/1.37.1/v0.1.12/0.3.19/0.6.6
1,OY684643.1,B.1.1.529,2022-01-02,complete,Homo sapiens,29773,4.3.4/1.37.1/v0.1.12/0.3.19/0.6.6
1,OM457430.1,B.1.1.529,2021-12-23,complete,Homo sapiens,29792,4.3.4/1.37.1/v0.1.12/0.3.19/0.6.6
1,OQ094380.1,B.1.1.529,2022-11-25,complete,Homo sapiens,29743,4.3.4/1.37.1/v0.1.12/0.3.19/0.6.6
1,OM400041.1,B.1.1.529,2022-01-14,complete,Homo sapiens,29796,4.3.4/1.37.1/v0.1.12/0.3.19/0.6.6
1,ON800239.1,B.1.1.529,2022-05-27,complete,Homo sapiens,29743,4.3.4/1.37.1/v0.1.12/0.3.19/0.6.6
1,OM080723.1,B.1.1.529,2021-12-08,complete,Homo sapiens,29817,4.3.4/1.37.1/v0.1.12/0.3.19/0.6.6
1,OX678574.1,B.1.1.529,2022-03-18,complete,Homo sapiens,29890,4.3.4/1.37.1/v0.1.12/0.3.19/0.6.6
1,ON263721.1,B.1.1.529,2022-01-29,complete,Homo sapiens,29745,4.3.4/1.37.1/v0.1.12/0.3.19/0.6.6
1,OM245710.1,B.1.1.529,2021-12-14,complete,Homo sapiens,29762,4.3.4/1.37.1/v0.1.12/0.3.19/0.6.6
1,OP880002.1,B.1.1.529,2022-10-18,complete,Homo sapiens,29783,4.3.4/1.37.1/v0.1.12/0.3.19/0.6.6
1,OW091731.1,B.1.1.529,2022-01-24,complete,Homo sapiens,29885,4.3.4/1.37.1/v0.1.12/0.3.19/0.6.6
1,OY661024.1,B.1.1.529,2022-02-08,complete,Homo sapiens,29782,4.3.4/1.37.1/v0.1.12/0.3.19/0.6.6
1,OY685096.1,B.1.1.529,2022-01-08,complete,Homo sapiens,29770,4.3.4/1.37.1/v0.1.12/0.3.19/0.6.6
1,OP880138.1,B.1.1.529,2022-10-11,complete,Homo sapiens,29787,4.3.4/1.37.1/v0.1.12/0.3.19/0.6.6
1,ON188745.1,B.1.1.529,2022-01-25,complete,Homo sapiens,29787,4.3.4/1.37.1/v0.1.12/0.3.19/0.6.6
1,OM017250.1,B.1.1.529,2021-12-14,complete,Homo sapiens,29807,4.3.4/1.37.1/v0.1.12/0.3.19/0.6.6
1,ON264094.1,B.1.1.529,2022-01-27,complete,Homo sapiens,29793,4.3.4/1.37.1/v0.1.12/0.3.19/0.6.6
1,OM228931.1,B.1.1.529,2021-12-17,complete,Homo sapiens,29761,4.3.4/1.37.1/v0.1.12/0.3.19/0.6.6
1,OY630015.1,B.1.1.529,2021-12-19,complete,Homo sapiens,29794,4.3.4/1.37.1/v0.1.12/0.3.19/0.6.6
1,OY966514.1,B.1.1.529,2022-01-03,complete,Homo sapiens,29903,4.3.4/1.37.1/v0.1.12/0.3.19/0.6.6
1,OP419403.1,B.1.1.529,2022-07-13,complete,Homo sapiens,29764,4.3.4/1.37.1/v0.1.12/0.3.19/0.6.6
1,OP879898.1,B.1.1.529,2022-10-22,complete,Homo sapiens,29769,4.3.4/1.37.1/v0.1.12/0.3.19/0.6.6
1,OM245480.1,B.1.1.529,2021-12-19,complete,Homo sapiens,29611,4.3.4/1.37.1/v0.1.12/0.3.19/0.6.6
1,OX070432.1,B.1.1.529,2022-01-04,complete,Homo sapiens,29870,4.3.4/1.37.1/v0.1.12/0.3.19/0.6.6
1,ON230486.1,B.1.1.529,2022-01-25,complete,Homo sapiens,29780,4.3.4/1.37.1/v0.1.12/0.3.19/0.6.6
1,ON118948.1,B.1.1.529,2022-01-22,complete,Homo sapiens,29774,4.3.4/1.37.1/v0.1.12/0.3.19/0.6.6
1,ON230335.1,B.1.1.529,2022-01-25,complete,Homo sapiens,29784,4.3.4/1.37.1/v0.1.12/0.3.19/0.6.6
1,OM332180.1,B.1.1.529,2021-12-29,complete,Homo sapiens,29817,4.3.4/1.37.1/v0.1.12/0.3.19/0.6.6
1,OX305557.1,B.1.1.529,2022-01-12,complete,Homo sapiens,29894,4.3.4/1.37.1/v0.1.12/0.3.19/0.6.6
1,ON888104.1,B.1.1.529,2022-05-28,complete,Homo sapiens,29769,4.3.4/1.37.1/v0.1.12/0.3.19/0.6.6
1,OX791883.1,B.1.1.529,2021-12-29,complete,Homo sapiens,29903,4.3.4/1.37.1/v0.1.12/0.3.19/0.6.6
1,OM364801.1,B.1.1.529,2022-01-03,complete,Homo sapiens,29792,4.3.4/1.37.1/v0.1.12/0.3.19/0.6.6
1,OX315172.1,B.1.1.529,2021-12-25,complete,Homo sapiens,29903,4.3.4/1.37.1/v0.1.12/0.3.19/0.6.6
1,OX850112.1,B.1.1.529,2020,complete,Homo sapiens,29861,4.3.4/1.37.1/v0.1.12/0.3.19/0.6.6
1,OM245821.1,B.1.1.529,2021-12-22,complete,Homo sapiens,29770,4.3.4/1.37.1/v0.1.12/0.3.19/0.6.6
1,OX072025.1,B.1.1.529,2022-01-06,complete,Homo sapiens,29882,4.3.4/1.37.1/v0.1.12/0.3.19/0.6.6
1,ON787489.1,B.1.1.529,2022-05-26,complete,Homo sapiens,29772,4.3.4/1.37.1/v0.1.12/0.3.19/0.6.6
1,OM324065.1,B.1.1.529,2022-01-07,complete,Homo sapiens,29740,4.3.4/1.37.1/v0.1.12/0.3.19/0.6.6
1,OX802723.1,B.1.1.529,2022-02-16,complete,Homo sapiens,29881,4.3.4/1.37.1/v0.1.12/0.3.19/0.6.6
1,OM245615.1,B.1.1.529,2021-12-22,complete,Homo sapiens,29763,4.3.4/1.37.1/v0.1.12/0.3.19/0.6.6
1,OY017403.1,B.1.1.529,2022-02-16,complete,Homo sapiens,29866,4.3.4/1.37.1/v0.1.12/0.3.19/0.6.6
1,OP419453.1,B.1.1.529,2022-07-18,complete,Homo sapiens,29773,4.3.4/1.37.1/v0.1.12/0.3.19/0.6.6
1,OM370014.1,B.1.1.529,2022-01-04,complete,Homo sapiens,29794,4.3.4/1.37.1/v0.1.12/0.3.19/0.6.6
1,ON230570.1,B.1.1.529,2022-01-25,complete,Homo sapiens,29784,4.3.4/1.37.1/v0.1.12/0.3.19/0.6.6
1,OY624534.1,B.1.1.529,2022-02-05,complete,Homo sapiens,29814,4.3.4/1.37.1/v0.1.12/0.3.19/0.6.6
1,OM272387.1,B.1.1.529,2021-12-28,complete,Homo sapiens,29808,4.3.4/1.37.1/v0.1.12/0.3.19/0.6.6
1,OM280651.1,B.1.1.529,2021-12-19,complete,Homo sapiens,29766,4.3.4/1.37.1/v0.1.12/0.3.19/0.6.6
1,OY657053.1,B.1.1.529,2022-01-04,complete,Homo sapiens,29773,4.3.4/1.37.1/v0.1.12/0.3.19/0.6.6
1,OM459152.1,B.1.1.529,2022-01-15,complete,Homo sapiens,29753,4.3.4/1.37.1/v0.1.12/0.3.19/0.6.6
1,OQ508692.1,B.1.1.529,2023-02-07,complete,Homo sapiens,29805,4.3.4/1.37.1/v0.1.12/0.3.19/0.6.6
1,OP419433.1,B.1.1.529,2022-08-09,complete,Homo sapiens,29756,4.3.4/1.37.1/v0.1.12/0.3.19/0.6.6
1,OM245702.1,B.1.1.529,2021-12-20,complete,Homo sapiens,29739,4.3.4/1.37.1/v0.1.12/0.3.19/0.6.6
1,OM353500.1,B.1.1.529,2021-12-30,complete,Homo sapiens,29808,4.3.4/1.37.1/v0.1.12/0.3.19/0.6.6
1,ON208917.1,B.1.1.529,2022-01-24,complete,Homo sapiens,29782,4.3.4/1.37.1/v0.1.12/0.3.19/0.6.6
1,OX831755.1,B.1.1.529,2020,complete,Homo sapiens,29782,4.3.4/1.37.1/v0.1.12/0.3.19/0.6.6
1,OX315852.1,B.1.1.529,2021-12-27,complete,Homo sapiens,29891,4.3.4/1.37.1/v0.1.12/0.3.19/0.6.6
1,ON118767.1,B.1.1.529,2022-01-23,complete,Homo sapiens,29765,4.3.4/1.37.1/v0.1.12/0.3.19/0.6.6
1,OP359915.1,B.1.1.529,2022-07-08,complete,Homo sapiens,29767,4.3.4/1.37.1/v0.1.12/0.3.19/0.6.6
1,OY688660.1,B.1.1.529,2022-02-03,complete,Homo sapiens,29795,4.3.4/1.37.1/v0.1.12/0.3.19/0.6.6
1,OX314294.1,B.1.1.529,2022-01-30,complete,Homo sapiens,29900,4.3.4/1.37.1/v0.1.12/0.3.19/0.6.6
1,OX448671.1,B.1.1.529,2022-02-11,complete,Homo sapiens,29885,4.3.4/1.37.1/v0.1.12/0.3.19/0.6.6
1,OX939766.1,B.1.1.529,2022-01-16,complete,Homo sapiens,29873,4.3.4/1.37.1/v0.1.12/0.3.19/0.6.6
1,OM353660.1,B.1.1.529,2021-12-30,complete,Homo sapiens,29811,4.3.4/1.37.1/v0.1.12/0.3.19/0.6.6
1,OM724030.1,B.1.1.529,2022-01-28,complete,Homo sapiens,29672,4.3.4/1.37.1/v0.1.12/0.3.19/0.6.6
1,OQ508655.1,B.1.1.529,2023-01-31,complete,Homo sapiens,29677,4.3.4/1.37.1/v0.1.12/0.3.19/0.6.6
1,OM261954.1,B.1.1.529,2021-12-28,complete,Homo sapiens,29802,4.3.4/1.37.1/v0.1.12/0.3.19/0.6.6
1,OX448626.1,B.1.1.529,2022-01-25,complete,Homo sapiens,29891,4.3.4/1.37.1/v0.1.12/0.3.19/0.6.6
1,OP880112.1,B.1.1.529,2022-10-26,complete,Homo sapiens,29775,4.3.4/1.37.1/v0.1.12/0.3.19/0.6.6
1,OP052828.1,B.1.1.529,2022-07-02,complete,Homo sapiens,29778,4.3.4/1.37.1/v0.1.12/0.3.19/0.6.6
1,OM218438.1,B.1.1.529,2021-12-30,complete,Homo sapiens,29804,4.3.4/1.37.1/v0.1.12/0.3.19/0.6.6
1,OW111853.1,B.1.1.529,2022-01-24,complete,Homo sapiens,29864,4.3.4/1.37.1/v0.1.12/0.3.19/0.6.6
1,ON071371.1,B.1.1.529,2022-01-30,complete,Homo sapiens,29772,4.3.4/1.37.1/v0.1.12/0.3.19/0.6.6
1,OY658541.1,B.1.1.529,2022-02-03,complete,Homo sapiens,29834,4.3.4/1.37.1/v0.1.12/0.3.19/0.6.6
1,OX310215.1,B.1.1.529,2021-12-20,complete,Homo sapiens,29894,4.3.4/1.37.1/v0.1.12/0.3.19/0.6.6
1,OP234147.1,B.1.1.529,2022-07-14,complete,Homo sapiens,29739,4.3.4/1.37.1/v0.1.12/0.3.19/0.6.6
1,OM334633.1,B.1.1.529,2022-01-05,complete,Homo sapiens,29782,4.3.4/1.37.1/v0.1.12/0.3.19/0.6.6
1,ON071594.1,B.1.1.529,2022-02-22,complete,Homo sapiens,29784,4.3.4/1.37.1/v0.1.12/0.3.19/0.6.6
1,OM245863.1,B.1.1.529,2021-12-23,complete,Homo sapiens,29762,4.3.4/1.37.1/v0.1.12/0.3.19/0.6.6
1,OY643273.1,B.1.1.529,2022-02-05,complete,Homo sapiens,29860,4.3.4/1.37.1/v0.1.12/0.3.19/0.6.6
1,ON305405.1,B.1.1.529,2022-01-27,complete,Homo sapiens,29808,4.3.4/1.37.1/v0.1.12/0.3.19/0.6.6
1,ON313273.1,B.1.1.529,2022-02-07,complete,Homo sapiens,29770,4.3.4/1.37.1/v0.1.12/0.3.19/0.6.6
1,OP879987.1,B.1.1.529,2022-10-21,complete,Homo sapiens,29811,4.3.4/1.37.1/v0.1.12/0.3.19/0.6.6
1,ON118738.1,B.1.1.529,2022-02-12,complete,Homo sapiens,29776,4.3.4/1.37.1/v0.1.12/0.3.19/0.6.6
1,OY478624.1,B.1.1.529,2022-02-08,complete,Homo sapiens,29890,4.3.4/1.37.1/v0.1.12/0.3.19/0.6.6
1,OQ760689.1,B.1.1.529,2022-01-11,complete,Homo sapiens,29755,4.3.4/1.37.1/v0.1.12/0.3.19/0.6.6
1,OM298334.1,B.1.1.529,2021-12-29,complete,Homo sapiens,29808,4.3.4/1.37.1/v0.1.12/0.3.19/0.6.6
1,OP879936.1,B.1.1.529,2022-10-12,complete,Homo sapiens,29784,4.3.4/1.37.1/v0.1.12/0.3.19/0.6.6
1,OM261968.1,B.1.1.529,2021-12-28,complete,Homo sapiens,29791,4.3.4/1.37.1/v0.1.12/0.3.19/0.6.6
1,OY317474.1,B.1.1.529,2020,complete,Homo sapiens,29781,4.3.4/1.37.1/v0.1.12/0.3.19/0.6.6
1,OY718456.1,B.1.1.529,2022-02-05,complete,Homo sapiens,29727,4.3.4/1.37.1/v0.1.12/0.3.19/0.6.6
1,OX628061.1,B.1.1.529,2021-12-06,complete,Homo sapiens,29628,4.3.4/1.37.1/v0.1.12/0.3.19/0.6.6
1,OY941572.1,B.1.1.529,2021-12-20,complete,Homo sapiens,29885,4.3.4/1.37.1/v0.1.12/0.3.19/0.6.6
1,OM570262.1,B.1.1.529,2021-12-14,complete,Homo sapiens,29743,4.3.4/1.37.1/v0.1.12/0.3.19/0.6.6
1,ON118901.1,B.1.1.529,2022-01-24,complete,Homo sapiens,29790,4.3.4/1.37.1/v0.1.12/0.3.19/0.6.6
1,ON118678.1,B.1.1.529,2022-02-12,complete,Homo sapiens,29778,4.3.4/1.37.1/v0.1.12/0.3.19/0.6.6
1,OW500783.1,B.1.1.529,2022-01-03,complete,Homo sapiens,29881,4.3.4/1.37.1/v0.1.12/0.3.19/0.6.6
1,OM262009.1,B.1.1.529,2021-12-28,complete,Homo sapiens,29790,4.3.4/1.37.1/v0.1.12/0.3.19/0.6.6
1,ON263797.1,B.1.1.529,2022-01-27,complete,Homo sapiens,29777,4.3.4/1.37.1/v0.1.12/0.3.19/0.6.6
1,OY543072.1,B.1.1.529,2022-03-21,complete,Homo sapiens,29890,4.3.4/1.37.1/v0.1.12/0.3.19/0.6.6
1,OM353016.1,B.1.1.529,2021-12-30,complete,Homo sapiens,29799,4.3.4/1.37.1/v0.1.12/0.3.19/0.6.6
1,OY645785.1,B.1.1.529,2022-02-05,complete,Homo sapiens,29805,4.3.4/1.37.1/v0.1.12/0.3.19/0.6.6
1,OP234131.1,B.1.1.529,2022-07-15,complete,Homo sapiens,29756,4.3.4/1.37.1/v0.1.12/0.3.19/0.6.6
1,OM339684.1,B.1.1.529,2021-12-29,complete,Homo sapiens,29705,4.3.4/1.37.1/v0.1.12/0.3.19/0.6.6
1,OQ508236.1,B.1.1.529,2023-01-25,complete,Homo sapiens,29793,4.3.4/1.37.1/v0.1.12/0.3.19/0.6.6
1,ON230386.1,B.1.1.529,2022-01-25,complete,Homo sapiens,29781,4.3.4/1.37.1/v0.1.12/0.3.19/0.6.6
1,OM308885.1,B.1.1.529,2021-12-28,complete,Homo sapiens,29795,4.3.4/1.37.1/v0.1.12/0.3.19/0.6.6
1,OX852985.1,B.1.1.529,2022-01-07,complete,Homo sapiens,29762,4.3.4/1.37.1/v0.1.12/0.3.19/0.6.6
1,ON208923.1,B.1.1.529,2022-01-25,complete,Homo sapiens,29649,4.3.4/1.37.1/v0.1.12/0.3.19/0.6.6
1,OW091671.1,B.1.1.529,2022-01-24,complete,Homo sapiens,29885,4.3.4/1.37.1/v0.1.12/0.3.19/0.6.6
1,OY498885.1,B.1.1.529,2022-03-12,complete,Homo sapiens,29890,4.3.4/1.37.1/v0.1.12/0.3.19/0.6.6
1,OY680885.1,B.1.1.529,2022-02-05,complete,Homo sapiens,29774,4.3.4/1.37.1/v0.1.12/0.3.19/0.6.6
1,OM196622.1,B.1.1.529,2021-12-21,complete,Homo sapiens,29815,4.3.4/1.37.1/v0.1.12/0.3.19/0.6.6
1,OM178162.1,B.1.1.529,2021-12-20,complete,Homo sapiens,29807,4.3.4/1.37.1/v0.1.12/0.3.19/0.6.6
1,OP879950.1,B.1.1.529,2022-10-17,complete,Homo sapiens,29805,4.3.4/1.37.1/v0.1.12/0.3.19/0.6.6
1,ON595133.1,B.1.1.529,2022-01-18,complete,Homo sapiens,29684,4.3.4/1.37.1/v0.1.12/0.3.19/0.6.6
1,OM245432.1,B.1.1.529,2021-12-21,complete,Homo sapiens,29761,4.3.4/1.37.1/v0.1.12/0.3.19/0.6.6
1,OY701845.1,B.1.1.529,2022-02-09,complete,Homo sapiens,29800,4.3.4/1.37.1/v0.1.12/0.3.19/0.6.6
1,ON787513.1,B.1.1.529,2022-05-06,complete,Homo sapiens,29790,4.3.4/1.37.1/v0.1.12/0.3.19/0.6.6
1,OY017619.1,B.1.1.529,2021-12-23,complete,Homo sapiens,29885,4.3.4/1.37.1/v0.1.12/0.3.19/0.6.6
1,ON305490.1,B.1.1.529,2022-01-26,complete,Homo sapiens,29781,4.3.4/1.37.1/v0.1.12/0.3.19/0.6.6
1,ON071303.1,B.1.1.529,2022-03-01,complete,Homo sapiens,29791,4.3.4/1.37.1/v0.1.12/0.3.19/0.6.6
1,OR725982.1,B.1.1.529,2022-10-15,complete,Homo sapiens,29876,4.3.4/1.37.1/v0.1.12/0.3.19/0.6.6
1,ON375774.1,B.1.1.529,2022-01-09,complete,Homo sapiens,29869,4.3.4/1.37.1/v0.1.12/0.3.19/0.6.6
1,OP053306.1,B.1.1.529,2022-07-02,complete,Homo sapiens,29683,4.3.4/1.37.1/v0.1.12/0.3.19/0.6.6
1,OY576903.1,B.1.1.529,2022-02-19,complete,Homo sapiens,29890,4.3.4/1.37.1/v0.1.12/0.3.19/0.6.6
1,OM396518.1,B.1.1.529,2022-01-09,complete,Homo sapiens,29805,4.3.4/1.37.1/v0.1.12/0.3.19/0.6.6
1,OX842695.1,B.1.1.529,2022-01-11,complete,Homo sapiens,29872,4.3.4/1.37.1/v0.1.12/0.3.19/0.6.6
1,OQ094535.1,B.1.1.529,2022-11-22,complete,Homo sapiens,29769,4.3.4/1.37.1/v0.1.12/0.3.19/0.6.6
1,OY676089.1,B.1.1.529,2022-02-05,complete,Homo sapiens,29773,4.3.4/1.37.1/v0.1.12/0.3.19/0.6.6
1,ON068669.1,B.1.1.529,2022-02-20,complete,Homo sapiens,29791,4.3.4/1.37.1/v0.1.12/0.3.19/0.6.6
1,OM245530.1,B.1.1.529,2021-12-22,complete,Homo sapiens,29763,4.3.4/1.37.1/v0.1.12/0.3.19/0.6.6
1,ON071421.1,B.1.1.529,2022-02-21,complete,Homo sapiens,29731,4.3.4/1.37.1/v0.1.12/0.3.19/0.6.6
1,ON071235.1,B.1.1.529,2022-01-28,complete,Homo sapiens,29718,4.3.4/1.37.1/v0.1.12/0.3.19/0.6.6
1,OM245717.1,B.1.1.529,2021-12-22,complete,Homo sapiens,29751,4.3.4/1.37.1/v0.1.12/0.3.19/0.6.6
1,OQ508523.1,B.1.1.529,2023-02-09,complete,Homo sapiens,29728,4.3.4/1.37.1/v0.1.12/0.3.19/0.6.6
1,OP313203.1,B.1.1.529,2022-08-03,complete,Homo sapiens,29724,4.3.4/1.37.1/v0.1.12/0.3.19/0.6.6
1,OM245842.1,B.1.1.529,2021-12-21,complete,Homo sapiens,29763,4.3.4/1.37.1/v0.1.12/0.3.19/0.6.6
1,OP359828.1,B.1.1.529,2022-07-07,complete,Homo sapiens,29672,4.3.4/1.37.1/v0.1.12/0.3.19/0.6.6
1,OM458985.1,B.1.1.529,2022-01-13,complete,Homo sapiens,29781,4.3.4/1.37.1/v0.1.12/0.3.19/0.6.6
1,ON305526.1,B.1.1.529,2022-02-02,complete,Homo sapiens,29787,4.3.4/1.37.1/v0.1.12/0.3.19/0.6.6
1,OM080718.1,B.1.1.529,2021-12-08,complete,Homo sapiens,29805,4.3.4/1.37.1/v0.1.12/0.3.19/0.6.6
1,OM178000.1,B.1.1.529,2021-12-20,complete,Homo sapiens,29798,4.3.4/1.37.1/v0.1.12/0.3.19/0.6.6
1,ON189849.1,B.1.1.529,2022-01-24,complete,Homo sapiens,29805,4.3.4/1.37.1/v0.1.12/0.3.19/0.6.6
1,ON188740.1,B.1.1.529,2022-01-23,complete,Homo sapiens,29771,4.3.4/1.37.1/v0.1.12/0.3.19/0.6.6
1,OY304693.1,B.1.1.529,2020,complete,Homo sapiens,29903,4.3.4/1.37.1/v0.1.12/0.3.19/0.6.6
1,OP419457.1,B.1.1.529,2022-07-18,complete,Homo sapiens,29765,4.3.4/1.37.1/v0.1.12/0.3.19/0.6.6
1,OX448674.1,B.1.1.529,2021-11-23,complete,Homo sapiens,29734,4.3.4/1.37.1/v0.1.12/0.3.19/0.6.6
1,OM280466.1,B.1.1.529,2021-12-21,complete,Homo sapiens,29762,4.3.4/1.37.1/v0.1.12/0.3.19/0.6.6
1,OM229419.1,B.1.1.529,2021-12-17,complete,Homo sapiens,29806,4.3.4/1.37.1/v0.1.12/0.3.19/0.6.6
1,OM036870.1,B.1.1.529,2021-12-14,complete,Homo sapiens,29799,4.3.4/1.37.1/v0.1.12/0.3.19/0.6.6
1,OM352562.1,B.1.1.529,2021-12-30,complete,Homo sapiens,29799,4.3.4/1.37.1/v0.1.12/0.3.19/0.6.6
1,OM245553.1,B.1.1.529,2021-12-22,complete,Homo sapiens,29754,4.3.4/1.37.1/v0.1.12/0.3.19/0.6.6
1,OY627815.1,B.1.1.529,2022-02-05,complete,Homo sapiens,29832,4.3.4/1.37.1/v0.1.12/0.3.19/0.6.6
1,ON208953.1,B.1.1.529,2022-01-26,complete,Homo sapiens,29808,4.3.4/1.37.1/v0.1.12/0.3.19/0.6.6
1,OM280511.1,B.1.1.529,2021-12-18,complete,Homo sapiens,29773,4.3.4/1.37.1/v0.1.12/0.3.19/0.6.6
1,OM332964.1,B.1.1.529,2021-12-29,complete,Homo sapiens,29799,4.3.4/1.37.1/v0.1.12/0.3.19/0.6.6
1,OX310178.1,B.1.1.529,2022-01-19,complete,Homo sapiens,29903,4.3.4/1.37.1/v0.1.12/0.3.19/0.6.6
1,OP359728.1,B.1.1.529,2022-07-07,complete,Homo sapiens,29800,4.3.4/1.37.1/v0.1.12/0.3.19/0.6.6
1,OW474287.1,B.1.1.529,2022-01-15,complete,Homo sapiens,29882,4.3.4/1.37.1/v0.1.12/0.3.19/0.6.6
1,OM396318.1,B.1.1.529,2022-01-07,complete,Homo sapiens,29799,4.3.4/1.37.1/v0.1.12/0.3.19/0.6.6
1,OM096902.1,B.1.1.529,2021-12-18,complete,Homo sapiens,29799,4.3.4/1.37.1/v0.1.12/0.3.19/0.6.6
1,OM197156.1,B.1.1.529,2021-12-26,complete,Homo sapiens,29799,4.3.4/1.37.1/v0.1.12/0.3.19/0.6.6
1,OY708863.1,B.1.1.529,2022-02-05,complete,Homo sapiens,29782,4.3.4/1.37.1/v0.1.12/0.3.19/0.6.6
1,ON313038.1,B.1.1.529,2022-02-10,complete,Homo sapiens,29772,4.3.4/1.37.1/v0.1.12/0.3.19/0.6.6
1,OZ303185.1,B.1.1.529,2021-12-21,complete,Homo sapiens,29903,4.3.4/1.37.1/v0.1.12/0.3.19/0.6.6
1,OM038373.1,B.1.1.529,2021-12-16,complete,Homo sapiens,29804,4.3.4/1.37.1/v0.1.12/0.3.19/0.6.6
1,OQ508190.1,B.1.1.529,2023-02-07,complete,Homo sapiens,29794,4.3.4/1.37.1/v0.1.12/0.3.19/0.6.6
1,ON068835.1,B.1.1.529,2022-01-31,complete,Homo sapiens,29793,4.3.4/1.37.1/v0.1.12/0.3.19/0.6.6
1,OY454566.1,B.1.1.529,2021-12-28,complete,Homo sapiens,29904,4.3.4/1.37.1/v0.1.12/0.3.19/0.6.6
1,OM236175.1,B.1.1.529,2021-12-27,complete,Homo sapiens,29793,4.3.4/1.37.1/v0.1.12/0.3.19/0.6.6
1,OM173036.1,B.1.1.529,2021-12-22,complete,Homo sapiens,29808,4.3.4/1.37.1/v0.1.12/0.3.19/0.6.6
1,OM324088.1,B.1.1.529,2022-01-02,complete,Homo sapiens,29752,4.3.4/1.37.1/v0.1.12/0.3.19/0.6.6
1,OW476976.1,B.1.1.529,2022-01-01,complete,Homo sapiens,29882,4.3.4/1.37.1/v0.1.12/0.3.19/0.6.6
1,OY655749.1,B.1.1.529,2021-12-19,complete,Homo sapiens,29800,4.3.4/1.37.1/v0.1.12/0.3.19/0.6.6
1,OM352552.1,B.1.1.529,2021-12-30,complete,Homo sapiens,29811,4.3.4/1.37.1/v0.1.12/0.3.19/0.6.6
1,ON306169.1,B.1.1.529,2022-02-06,complete,Homo sapiens,29791,4.3.4/1.37.1/v0.1.12/0.3.19/0.6.6
1,OM308604.1,B.1.1.529,2021-12-28,complete,Homo sapiens,29799,4.3.4/1.37.1/v0.1.12/0.3.19/0.6.6
1,ON226421.1,B.1.1.529,2022-01-26,complete,Homo sapiens,29835,4.3.4/1.37.1/v0.1.12/0.3.19/0.6.6
1,OW107862.2,B.1.1.529,2021-12-24,complete,Homo sapiens,29888,4.3.4/1.37.1/v0.1.12/0.3.19/0.6.6
1,OM332565.1,B.1.1.529,2021-12-29,complete,Homo sapiens,29802,4.3.4/1.37.1/v0.1.12/0.3.19/0.6.6
1,ON071170.1,B.1.1.529,2022-01-29,complete,Homo sapiens,29784,4.3.4/1.37.1/v0.1.12/0.3.19/0.6.6
1,OX304478.1,B.1.1.529,2021-12-23,complete,Homo sapiens,29903,4.3.4/1.37.1/v0.1.12/0.3.19/0.6.6
1,ON208870.1,B.1.1.529,2022-01-24,complete,Homo sapiens,29784,4.3.4/1.37.1/v0.1.12/0.3.19/0.6.6
1,OY469637.1,B.1.1.529,2021-12-30,complete,Homo sapiens,29886,4.3.4/1.37.1/v0.1.12/0.3.19/0.6.6
1,OX912386.1,B.1.1.529,2022-01-31,complete,Homo sapiens,29866,4.3.4/1.37.1/v0.1.12/0.3.19/0.6.6
1,OQ508635.1,B.1.1.529,2023-01-24,complete,Homo sapiens,29767,4.3.4/1.37.1/v0.1.12/0.3.19/0.6.6
1,OP183433.1,B.1.1.529,2022-07-01,complete,Homo sapiens,29876,4.3.4/1.37.1/v0.1.12/0.3.19/0.6.6
1,ON870239.1,B.1.1.529,2022-06-01,complete,Homo sapiens,29793,4.3.4/1.37.1/v0.1.12/0.3.19/0.6.6
1,OM393168.1,B.1.1.529,2022-01-05,complete,Homo sapiens,29802,4.3.4/1.37.1/v0.1.12/0.3.19/0.6.6
1,ON833876.1,B.1.1.529,2022-01,complete,Homo sapiens,29812,4.3.4/1.37.1/v0.1.12/0.3.19/0.6.6
1,ON188749.1,B.1.1.529,2022-01-27,complete,Homo sapiens,29817,4.3.4/1.37.1/v0.1.12/0.3.19/0.6.6
1,OV340182.1,B.1.1.529,2021-12-21,complete,Homo sapiens,29870,4.3.4/1.37.1/v0.1.12/0.3.19/0.6.6
1,OY593129.1,B.1.1.529,2022-01-03,complete,Homo sapiens,29895,4.3.4/1.37.1/v0.1.12/0.3.19/0.6.6
1,OP234076.1,B.1.1.529,2022-07-13,complete,Homo sapiens,29673,4.3.4/1.37.1/v0.1.12/0.3.19/0.6.6
1,OY664342.1,B.1.1.529,2022-01-05,complete,Homo sapiens,29774,4.3.4/1.37.1/v0.1.12/0.3.19/0.6.6
1,ON188712.1,B.1.1.529,2022-01-24,complete,Homo sapiens,29811,4.3.4/1.37.1/v0.1.12/0.3.19/0.6.6
1,OX312014.1,B.1.1.529,2022-01-30,complete,Homo sapiens,29903,4.3.4/1.37.1/v0.1.12/0.3.19/0.6.6
1,OX786121.1,B.1.1.529,2022-01-01,complete,Homo sapiens,29867,4.3.4/1.37.1/v0.1.12/0.3.19/0.6.6
1,OM099898.1,B.1.1.529,2021-12-20,complete,Homo sapiens,29799,4.3.4/1.37.1/v0.1.12/0.3.19/0.6.6
1,OM245363.1,B.1.1.529,2021-12-18,complete,Homo sapiens,29764,4.3.4/1.37.1/v0.1.12/0.3.19/0.6.6
1,OM245514.1,B.1.1.529,2021-12-21,complete,Homo sapiens,29753,4.3.4/1.37.1/v0.1.12/0.3.19/0.6.6
1,OP419299.1,B.1.1.529,2022-07-18,complete,Homo sapiens,29811,4.3.4/1.37.1/v0.1.12/0.3.19/0.6.6
1,OY648050.1,B.1.1.529,2022-02-05,complete,Homo sapiens,29809,4.3.4/1.37.1/v0.1.12/0.3.19/0.6.6
1,OW120546.1,B.1.1.529,2022-01-04,complete,Homo sapiens,29885,4.3.4/1.37.1/v0.1.12/0.3.19/0.6.6
1,OM245441.1,B.1.1.529,2021-12-22,complete,Homo sapiens,29761,4.3.4/1.37.1/v0.1.12/0.3.19/0.6.6
1,OY695531.1,B.1.1.529,2021-12-29,complete,Homo sapiens,29775,4.3.4/1.37.1/v0.1.12/0.3.19/0.6.6
1,OX944412.1,B.1.1.529,2022-01-25,complete,Homo sapiens,29881,4.3.4/1.37.1/v0.1.12/0.3.19/0.6.6
1,ON118586.1,B.1.1.529,2022-01-24,complete,Homo sapiens,29775,4.3.4/1.37.1/v0.1.12/0.3.19/0.6.6
1,OM466694.1,B.1.1.529,2021-12-26,complete,Homo sapiens,29781,4.3.4/1.37.1/v0.1.12/0.3.19/0.6.6
1,OP052848.1,B.1.1.529,2022-07-01,complete,Homo sapiens,29783,4.3.4/1.37.1/v0.1.12/0.3.19/0.6.6
1,OY694726.1,B.1.1.529,2022-01-20,complete,Homo sapiens,29773,4.3.4/1.37.1/v0.1.12/0.3.19/0.6.6
1,OP359819.1,B.1.1.529,2022-07-08,complete,Homo sapiens,29748,4.3.4/1.37.1/v0.1.12/0.3.19/0.6.6
1,OM245516.1,B.1.1.529,2021-12-18,complete,Homo sapiens,29763,4.3.4/1.37.1/v0.1.12/0.3.19/0.6.6
1,ON071526.1,B.1.1.529,2022-01-29,complete,Homo sapiens,29772,4.3.4/1.37.1/v0.1.12/0.3.19/0.6.6
1,OX314492.1,B.1.1.529,2021-12-26,complete,Homo sapiens,29903,4.3.4/1.37.1/v0.1.12/0.3.19/0.6.6
1,OP419438.1,B.1.1.529,2022-07-03,complete,Homo sapiens,29822,4.3.4/1.37.1/v0.1.12/0.3.19/0.6.6
1,OQ059027.1,B.1.1.529,2022-11-25,complete,Homo sapiens,29836,4.3.4/1.37.1/v0.1.12/0.3.19/0.6.6
1,OX949057.1,B.1.1.529,2020,complete,Homo sapiens,29878,4.3.4/1.37.1/v0.1.12/0.3.19/0.6.6
1,OY645379.1,B.1.1.529,2022-02-05,complete,Homo sapiens,29783,4.3.4/1.37.1/v0.1.12/0.3.19/0.6.6
1,OX961692.1,B.1.1.529,2021-12-18,complete,Homo sapiens,29765,4.3.4/1.37.1/v0.1.12/0.3.19/0.6.6
1,OW408650.1,B.1.1.529,2022-02-13,complete,Homo sapiens,29881,4.3.4/1.37.1/v0.1.12/0.3.19/0.6.6
1,ON071549.1,B.1.1.529,2022-02-28,complete,Homo sapiens,29806,4.3.4/1.37.1/v0.1.12/0.3.19/0.6.6
1,OX815371.1,B.1.1.529,2021-12-22,complete,Homo sapiens,29894,4.3.4/1.37.1/v0.1.12/0.3.19/0.6.6
1,OY647903.1,B.1.1.529,2022-01-10,complete,Homo sapiens,29809,4.3.4/1.37.1/v0.1.12/0.3.19/0.6.6
1,OM057160.1,B.1.1.529,2021-12-09,complete,Homo sapiens,29807,4.3.4/1.37.1/v0.1.12/0.3.19/0.6.6
1,ON208928.1,B.1.1.529,2022-01-24,complete,Homo sapiens,29773,4.3.4/1.37.1/v0.1.12/0.3.19/0.6.6
1,OM229672.1,B.1.1.529,2021-12-18,complete,Homo sapiens,29761,4.3.4/1.37.1/v0.1.12/0.3.19/0.6.6
1,OX313959.1,B.1.1.529,2021-12-25,complete,Homo sapiens,29901,4.3.4/1.37.1/v0.1.12/0.3.19/0.6.6
1,OX312409.1,B.1.1.529,2021-12-05,complete,Homo sapiens,29900,4.3.4/1.37.1/v0.1.12/0.3.19/0.6.6
1,OM245483.1,B.1.1.529,2021-12-23,complete,Homo sapiens,29762,4.3.4/1.37.1/v0.1.12/0.3.19/0.6.6
1,OY707854.1,B.1.1.529,2022-02-03,complete,Homo sapiens,29796,4.3.4/1.37.1/v0.1.12/0.3.19/0.6.6
1,OX769337.1,B.1.1.529,2020,complete,Homo sapiens,29881,4.3.4/1.37.1/v0.1.12/0.3.19/0.6.6
1,OP218873.1,B.1.1.529,2021-09-01,complete,Homo sapiens,29824,4.3.4/1.37.1/v0.1.12/0.3.19/0.6.6
1,OY514931.1,B.1.1.529,2022-03-01,complete,Homo sapiens,29899,4.3.4/1.37.1/v0.1.12/0.3.19/0.6.6
1,OY647905.1,B.1.1.529,2022-01-04,complete,Homo sapiens,29773,4.3.4/1.37.1/v0.1.12/0.3.19/0.6.6
1,OP879877.1,B.1.1.529,2022-10-18,complete,Homo sapiens,29759,4.3.4/1.37.1/v0.1.12/0.3.19/0.6.6
1,OM261214.1,B.1.1.529,2021-12-27,complete,Homo sapiens,29808,4.3.4/1.37.1/v0.1.12/0.3.19/0.6.6
1,ON595182.1,B.1.1.529,2022-01-20,complete,Homo sapiens,29817,4.3.4/1.37.1/v0.1.12/0.3.19/0.6.6
1,OW509954.1,B.1.1.529,2022-03-08,complete,Homo sapiens,29884,4.3.4/1.37.1/v0.1.12/0.3.19/0.6.6
1,OY315884.1,B.1.1.529,2022-01-01,complete,Homo sapiens,29885,4.3.4/1.37.1/v0.1.12/0.3.19/0.6.6
1,OY688961.1,B.1.1.529,2022-01-08,complete,Homo sapiens,29809,4.3.4/1.37.1/v0.1.12/0.3.19/0.6.6
1,OQ315448.1,B.1.1.529,2020-10-26,complete,Homo sapiens,29872,4.3.4/1.37.1/v0.1.12/0.3.19/0.6.6
1,OY674850.1,B.1.1.529,2022-02-05,complete,Homo sapiens,29732,4.3.4/1.37.1/v0.1.12/0.3.19/0.6.6
1,ON094090.1,B.1.1.529,2022-03-02,complete,Homo sapiens,29775,4.3.4/1.37.1/v0.1.12/0.3.19/0.6.6
1,OM318448.1,B.1.1.529,2022-01-04,complete,Homo sapiens,29844,4.3.4/1.37.1/v0.1.12/0.3.19/0.6.6
1,OY680031.1,B.1.1.529,2022-02-03,complete,Homo sapiens,29814,4.3.4/1.37.1/v0.1.12/0.3.19/0.6.6
1,OP879894.1,B.1.1.529,2022-10-17,complete,Homo sapiens,29743,4.3.4/1.37.1/v0.1.12/0.3.19/0.6.6
1,OY711732.1,B.1.1.529,2022-02-05,complete,Homo sapiens,29779,4.3.4/1.37.1/v0.1.12/0.3.19/0.6.6
1,OY671441.1,B.1.1.529,2021-12-31,complete,Homo sapiens,29772,4.3.4/1.37.1/v0.1.12/0.3.19/0.6.6
1,OP052736.1,B.1.1.529,2022-07-01,complete,Homo sapiens,29722,4.3.4/1.37.1/v0.1.12/0.3.19/0.6.6
1,OM310688.1,B.1.1.529,2022-01-01,complete,Homo sapiens,29740,4.3.4/1.37.1/v0.1.12/0.3.19/0.6.6
1,OY489913.1,B.1.1.529,2022-03-12,complete,Homo sapiens,29890,4.3.4/1.37.1/v0.1.12/0.3.19/0.6.6
1,OM291250.1,B.1.1.529,2021-12-30,complete,Homo sapiens,29802,4.3.4/1.37.1/v0.1.12/0.3.19/0.6.6
1,OP359829.1,B.1.1.529,2022-07-08,complete,Homo sapiens,29743,4.3.4/1.37.1/v0.1.12/0.3.19/0.6.6
1,OR086132.1,B.1.1.529,2022-01-27,complete,Homo sapiens,29708,4.3.4/1.37.1/v0.1.12/0.3.19/0.6.6
1,OM288635.1,B.1.1.529,2021-12-28,complete,Homo sapiens,29752,4.3.4/1.37.1/v0.1.12/0.3.19/0.6.6
1,OP010321.1,B.1.1.529,2022-06-28,complete,Homo sapiens,29749,4.3.4/1.37.1/v0.1.12/0.3.19/0.6.6
1,OY677295.1,B.1.1.529,2022-02-05,complete,Homo sapiens,29713,4.3.4/1.37.1/v0.1.12/0.3.19/0.6.6
1,ON118906.1,B.1.1.529,2022-01-24,complete,Homo sapiens,29793,4.3.4/1.37.1/v0.1.12/0.3.19/0.6.6
1,ON313361.1,B.1.1.529,2022-02-18,complete,Homo sapiens,29770,4.3.4/1.37.1/v0.1.12/0.3.19/0.6.6
1,OM353701.1,B.1.1.529,2021-12-30,complete,Homo sapiens,29802,4.3.4/1.37.1/v0.1.12/0.3.19/0.6.6
1,OM562159.1,B.1.1.529,2022-01-26,complete,Homo sapiens,29792,4.3.4/1.37.1/v0.1.12/0.3.19/0.6.6
1,ON306277.1,B.1.1.529,2022-02-05,complete,Homo sapiens,29772,4.3.4/1.37.1/v0.1.12/0.3.19/0.6.6
1,OQ444322.1,B.1.1.529,2023-01-28,complete,Homo sapiens,29811,4.3.4/1.37.1/v0.1.12/0.3.19/0.6.6
1,ON226447.1,B.1.1.529,2022-01-26,complete,Homo sapiens,29787,4.3.4/1.37.1/v0.1.12/0.3.19/0.6.6
1,OM364841.1,B.1.1.529,2022-01-03,complete,Homo sapiens,29799,4.3.4/1.37.1/v0.1.12/0.3.19/0.6.6
1,OM335662.1,B.1.1.529,2021-12-30,complete,Homo sapiens,29820,4.3.4/1.37.1/v0.1.12/0.3.19/0.6.6
1,OX860407.1,B.1.1.529,2020,complete,Homo sapiens,29886,4.3.4/1.37.1/v0.1.12/0.3.19/0.6.6
1,ON313288.1,B.1.1.529,2022-02-10,complete,Homo sapiens,29775,4.3.4/1.37.1/v0.1.12/0.3.19/0.6.6
1,OY682273.1,B.1.1.529,2021-12-29,complete,Homo sapiens,29768,4.3.4/1.37.1/v0.1.12/0.3.19/0.6.6
1,OM618887.1,B.1.1.529,2022-01-24,complete,Homo sapiens,29794,4.3.4/1.37.1/v0.1.12/0.3.19/0.6.6
1,ON071418.1,B.1.1.529,2022-02-22,complete,Homo sapiens,29687,4.3.4/1.37.1/v0.1.12/0.3.19/0.6.6
1,ON188710.1,B.1.1.529,2022-01-26,complete,Homo sapiens,29784,4.3.4/1.37.1/v0.1.12/0.3.19/0.6.6
1,ON071598.1,B.1.1.529,2022-02-03,complete,Homo sapiens,29781,4.3.4/1.37.1/v0.1.12/0.3.19/0.6.6
1,ON313474.1,B.1.1.529,2022-02-07,complete,Homo sapiens,29779,4.3.4/1.37.1/v0.1.12/0.3.19/0.6.6
1,OY654221.1,B.1.1.529,2022-02-03,complete,Homo sapiens,29841,4.3.4/1.37.1/v0.1.12/0.3.19/0.6.6
1,OM352758.1,B.1.1.529,2021-12-30,complete,Homo sapiens,29820,4.3.4/1.37.1/v0.1.12/0.3.19/0.6.6
1,OM272714.1,B.1.1.529,2021-12-29,complete,Homo sapiens,29799,4.3.4/1.37.1/v0.1.12/0.3.19/0.6.6
1,OM245694.1,B.1.1.529,2021-12-20,complete,Homo sapiens,29770,4.3.4/1.37.1/v0.1.12/0.3.19/0.6.6
1,OX448661.1,B.1.1.529,2022-01-24,complete,Homo sapiens,29903,4.3.4/1.37.1/v0.1.12/0.3.19/0.6.6
1,OP880032.1,B.1.1.529,2022-10-21,complete,Homo sapiens,29750,4.3.4/1.37.1/v0.1.12/0.3.19/0.6.6
1,OP234120.1,B.1.1.529,2022-07-13,complete,Homo sapiens,29784,4.3.4/1.37.1/v0.1.12/0.3.19/0.6.6
1,OX318571.1,B.1.1.529,2021-12-27,complete,Homo sapiens,29903,4.3.4/1.37.1/v0.1.12/0.3.19/0.6.6
1,OM261823.1,B.1.1.529,2021-12-28,complete,Homo sapiens,29799,4.3.4/1.37.1/v0.1.12/0.3.19/0.6.6
1,OM566129.1,B.1.1.529,2022-01-19,complete,Homo sapiens,29793,4.3.4/1.37.1/v0.1.12/0.3.19/0.6.6
1,OM308834.1,B.1.1.529,2021-12-28,complete,Homo sapiens,29796,4.3.4/1.37.1/v0.1.12/0.3.19/0.6.6
1,OM335488.1,B.1.1.529,2021-12-30,complete,Homo sapiens,29826,4.3.4/1.37.1/v0.1.12/0.3.19/0.6.6
1,ON384194.1,B.1.1.529,2022-03-24,complete,Homo sapiens,29819,4.3.4/1.37.1/v0.1.12/0.3.19/0.6.6
1,OP419266.1,B.1.1.529,2022-07-20,complete,Homo sapiens,29743,4.3.4/1.37.1/v0.1.12/0.3.19/0.6.6
1,PQ281303.1,B.1.1.529,2023,complete,Homo sapiens,29750,4.3.4/1.37.1/v0.1.12/0.3.19/0.6.6
1,OM280590.1,B.1.1.529,2021-12-23,complete,Homo sapiens,29765,4.3.4/1.37.1/v0.1.12/0.3.19/0.6.6
1,OM570264.1,B.1.1.529,2021-12-19,complete,Homo sapiens,29740,4.3.4/1.37.1/v0.1.12/0.3.19/0.6.6
1,OM245684.1,B.1.1.529,2021-12-22,complete,Homo sapiens,29732,4.3.4/1.37.1/v0.1.12/0.3.19/0.6.6
1,ON375763.1,B.1.1.529,2022-01-09,complete,Homo sapiens,29865,4.3.4/1.37.1/v0.1.12/0.3.19/0.6.6
1,OP234047.1,B.1.1.529,2022-07-14,complete,Homo sapiens,29787,4.3.4/1.37.1/v0.1.12/0.3.19/0.6.6
1,OP419271.1,B.1.1.529,2022-07-10,complete,Homo sapiens,29751,4.3.4/1.37.1/v0.1.12/0.3.19/0.6.6
1,OY638186.1,B.1.1.529,2021-12-22,complete,Homo sapiens,29766,4.3.4/1.37.1/v0.1.12/0.3.19/0.6.6
1,OX717831.1,B.1.1.529,2022-01-02,complete,Homo sapiens,29879,4.3.4/1.37.1/v0.1.12/0.3.19/0.6.6
1,ON208874.1,B.1.1.529,2022-01-24,complete,Homo sapiens,29787,4.3.4/1.37.1/v0.1.12/0.3.19/0.6.6
1,OX717092.1,B.1.1.529,2021-12-30,complete,Homo sapiens,29867,4.3.4/1.37.1/v0.1.12/0.3.19/0.6.6
1,OM005489.1,B.1.1.529,2021-12-06,complete,Homo sapiens,29819,4.3.4/1.37.1/v0.1.12/0.3.19/0.6.6
1,OX315700.1,B.1.1.529,2021-12-26,complete,Homo sapiens,29894,4.3.4/1.37.1/v0.1.12/0.3.19/0.6.6
1,OM896188.1,B.1.1.529,2022-01-10,complete,Homo sapiens,29690,4.3.4/1.37.1/v0.1.12/0.3.19/0.6.6
1,ON313237.1,B.1.1.529,2022-02-10,complete,Homo sapiens,29767,4.3.4/1.37.1/v0.1.12/0.3.19/0.6.6
1,ON313073.1,B.1.1.529,2022-02-16,complete,Homo sapiens,29781,4.3.4/1.37.1/v0.1.12/0.3.19/0.6.6
1,OW503219.1,B.1.1.529,2021-12-27,complete,Homo sapiens,29887,4.3.4/1.37.1/v0.1.12/0.3.19/0.6.6
1,ON208924.1,B.1.1.529,2022-01-25,complete,Homo sapiens,29788,4.3.4/1.37.1/v0.1.12/0.3.19/0.6.6
1,OY648190.1,B.1.1.529,2022-02-05,complete,Homo sapiens,29773,4.3.4/1.37.1/v0.1.12/0.3.19/0.6.6
1,OV391574.1,B.1.1.529,2021-12-27,complete,Homo sapiens,29867,4.3.4/1.37.1/v0.1.12/0.3.19/0.6.6
1,OY714787.1,B.1.1.529,2022-01-01,complete,Homo sapiens,29828,4.3.4/1.37.1/v0.1.12/0.3.19/0.6.6
1,ON264084.1,B.1.1.529,2022-01-26,complete,Homo sapiens,29793,4.3.4/1.37.1/v0.1.12/0.3.19/0.6.6
1,ON069019.1,B.1.1.529,2022-02-03,complete,Homo sapiens,29775,4.3.4/1.37.1/v0.1.12/0.3.19/0.6.6
1,ON230500.1,B.1.1.529,2022-01-25,complete,Homo sapiens,29784,4.3.4/1.37.1/v0.1.12/0.3.19/0.6.6
1,OY698293.1,B.1.1.529,2022-02-03,complete,Homo sapiens,29714,4.3.4/1.37.1/v0.1.12/0.3.19/0.6.6
1,ON787331.1,B.1.1.529,2022-05-26,complete,Homo sapiens,29791,4.3.4/1.37.1/v0.1.12/0.3.19/0.6.6
1,OM245504.1,B.1.1.529,2021-12-15,complete,Homo sapiens,29762,4.3.4/1.37.1/v0.1.12/0.3.19/0.6.6
1,OM245513.1,B.1.1.529,2021-12-20,complete,Homo sapiens,29612,4.3.4/1.37.1/v0.1.12/0.3.19/0.6.6
1,OM245608.1,B.1.1.529,2021-12-23,complete,Homo sapiens,29762,4.3.4/1.37.1/v0.1.12/0.3.19/0.6.6
1,OX083744.1,B.1.1.529,2022-01-09,complete,Homo sapiens,29882,4.3.4/1.37.1/v0.1.12/0.3.19/0.6.6
1,OX310786.1,B.1.1.529,2022-02-05,complete,Homo sapiens,29894,4.3.4/1.37.1/v0.1.12/0.3.19/0.6.6
1,OX314931.1,B.1.1.529,2022-01-12,complete,Homo sapiens,29900,4.3.4/1.37.1/v0.1.12/0.3.19/0.6.6
1,OY623760.1,B.1.1.529,2021-12-20,complete,Homo sapiens,29778,4.3.4/1.37.1/v0.1.12/0.3.19/0.6.6
1,OY663426.1,B.1.1.529,2022-02-05,complete,Homo sapiens,29782,4.3.4/1.37.1/v0.1.12/0.3.19/0.6.6
1,OY689687.1,B.1.1.529,2021-12-20,complete,Homo sapiens,29379,4.3.4/1.37.1/v0.1.12/0.3.19/0.6.6
1,OP419365.1,B.1.1.529,2022-07-18,complete,Homo sapiens,29769,4.3.4/1.37.1/v0.1.12/0.3.19/0.6.6
1,OX314241.1,B.1.1.529,2022-01-30,complete,Homo sapiens,29903,4.3.4/1.37.1/v0.1.12/0.3.19/0.6.6
1,OM245725.1,B.1.1.529,2021-12-23,complete,Homo sapiens,29773,4.3.4/1.37.1/v0.1.12/0.3.19/0.6.6
1,ON230809.1,B.1.1.529,2022-01-24,complete,Homo sapiens,29807,4.3.4/1.37.1/v0.1.12/0.3.19/0.6.6
1,ON004330.1,B.1.1.529,2021-12-30,complete,Homo sapiens,29752,4.3.4/1.37.1/v0.1.12/0.3.19/0.6.6
1,OM280984.1,B.1.1.529,2021-12-21,complete,Homo sapiens,29779,4.3.4/1.37.1/v0.1.12/0.3.19/0.6.6
1,OY666142.1,B.1.1.529,2022-02-03,complete,Homo sapiens,29874,4.3.4/1.37.1/v0.1.12/0.3.19/0.6.6
1,OM098649.1,B.1.1.529,2021-12-19,complete,Homo sapiens,29792,4.3.4/1.37.1/v0.1.12/0.3.19/0.6.6
1,OX929155.1,B.1.1.529,2022-02-24,complete,Homo sapiens,29884,4.3.4/1.37.1/v0.1.12/0.3.19/0.6.6
1,ON313342.1,B.1.1.529,2022-02-09,complete,Homo sapiens,29780,4.3.4/1.37.1/v0.1.12/0.3.19/0.6.6
1,ON069001.1,B.1.1.529,2022-01-31,complete,Homo sapiens,29796,4.3.4/1.37.1/v0.1.12/0.3.19/0.6.6
1,ON208936.1,B.1.1.529,2022-01-24,complete,Homo sapiens,29808,4.3.4/1.37.1/v0.1.12/0.3.19/0.6.6
1,ON231021.1,B.1.1.529,2022-01-25,complete,Homo sapiens,29732,4.3.4/1.37.1/v0.1.12/0.3.19/0.6.6
1,OM245518.1,B.1.1.529,2021-12-22,complete,Homo sapiens,29770,4.3.4/1.37.1/v0.1.12/0.3.19/0.6.6
1,ON313296.1,B.1.1.529,2022-02-10,complete,Homo sapiens,29696,4.3.4/1.37.1/v0.1.12/0.3.19/0.6.6
1,ON188715.1,B.1.1.529,2022-01-28,complete,Homo sapiens,29798,4.3.4/1.37.1/v0.1.12/0.3.19/0.6.6
1,OM006206.1,B.1.1.529,2021-12-13,complete,Homo sapiens,29804,4.3.4/1.37.1/v0.1.12/0.3.19/0.6.6
1,OW110962.2,B.1.1.529,2021-12-21,complete,Homo sapiens,29875,4.3.4/1.37.1/v0.1.12/0.3.19/0.6.6
1,OM457602.1,B.1.1.529,2021-12-22,complete,Homo sapiens,29757,4.3.4/1.37.1/v0.1.12/0.3.19/0.6.6
1,ON263939.1,B.1.1.529,2022-01-26,complete,Homo sapiens,29736,4.3.4/1.37.1/v0.1.12/0.3.19/0.6.6
1,OM335557.1,B.1.1.529,2021-12-30,complete,Homo sapiens,29799,4.3.4/1.37.1/v0.1.12/0.3.19/0.6.6
1,OW120272.1,B.1.1.529,2022-01-23,complete,Homo sapiens,29888,4.3.4/1.37.1/v0.1.12/0.3.19/0.6.6
1,OM254637.1,B.1.1.529,2022-01-03,complete,Homo sapiens,29777,4.3.4/1.37.1/v0.1.12/0.3.19/0.6.6
1,ON069000.1,B.1.1.529,2022-02-25,complete,Homo sapiens,29771,4.3.4/1.37.1/v0.1.12/0.3.19/0.6.6
1,OM353648.1,B.1.1.529,2021-12-30,complete,Homo sapiens,29808,4.3.4/1.37.1/v0.1.12/0.3.19/0.6.6
1,OX895652.1,B.1.1.529,2021-12-15,complete,Homo sapiens,29870,4.3.4/1.37.1/v0.1.12/0.3.19/0.6.6
1,ON094517.1,B.1.1.529,2022-03-03,complete,Homo sapiens,29734,4.3.4/1.37.1/v0.1.12/0.3.19/0.6.6
1,OX744364.1,B.1.1.529,2022-01-01,complete,Homo sapiens,29891,4.3.4/1.37.1/v0.1.12/0.3.19/0.6.6
1,ON313150.1,B.1.1.529,2022-02-05,complete,Homo sapiens,29792,4.3.4/1.37.1/v0.1.12/0.3.19/0.6.6
1,ON594884.1,B.1.1.529,2022-01-27,complete,Homo sapiens,29759,4.3.4/1.37.1/v0.1.12/0.3.19/0.6.6
1,ON273857.1,B.1.1.529,2021-12-23,complete,Homo sapiens,29669,4.3.4/1.37.1/v0.1.12/0.3.19/0.6.6
1,OP419380.1,B.1.1.529,2022-07-18,complete,Homo sapiens,29779,4.3.4/1.37.1/v0.1.12/0.3.19/0.6.6
1,OM245784.1,B.1.1.529,2021-12-21,complete,Homo sapiens,29785,4.3.4/1.37.1/v0.1.12/0.3.19/0.6.6
1,OM245386.1,B.1.1.529,2021-12-21,complete,Homo sapiens,29763,4.3.4/1.37.1/v0.1.12/0.3.19/0.6.6
1,OY674685.1,B.1.1.529,2022-02-12,complete,Homo sapiens,29797,4.3.4/1.37.1/v0.1.12/0.3.19/0.6.6
1,OP419318.1,B.1.1.529,2022-07-18,complete,Homo sapiens,29796,4.3.4/1.37.1/v0.1.12/0.3.19/0.6.6
1,ON204637.1,B.1.1.529,2022-01-26,complete,Homo sapiens,29748,4.3.4/1.37.1/v0.1.12/0.3.19/0.6.6
1,OY654137.1,B.1.1.529,2022-02-05,complete,Homo sapiens,29788,4.3.4/1.37.1/v0.1.12/0.3.19/0.6.6
1,OM229101.1,B.1.1.529,2021-12-18,complete,Homo sapiens,29753,4.3.4/1.37.1/v0.1.12/0.3.19/0.6.6
1,OP419239.1,B.1.1.529,2022-07-18,complete,Homo sapiens,29772,4.3.4/1.37.1/v0.1.12/0.3.19/0.6.6
1,OW407105.1,B.1.1.529,2022-03-08,complete,Homo sapiens,29899,4.3.4/1.37.1/v0.1.12/0.3.19/0.6.6
1,OP231854.1,B.1.1.529,2022-07-13,complete,Homo sapiens,29764,4.3.4/1.37.1/v0.1.12/0.3.19/0.6.6
1,ON068815.1,B.1.1.529,2022-02-23,complete,Homo sapiens,29784,4.3.4/1.37.1/v0.1.12/0.3.19/0.6.6
1,ON071109.1,B.1.1.529,2022-01-28,complete,Homo sapiens,29808,4.3.4/1.37.1/v0.1.12/0.3.19/0.6.6
1,OX305543.1,B.1.1.529,2021-12-17,complete,Homo sapiens,29903,4.3.4/1.37.1/v0.1.12/0.3.19/0.6.6
1,OM459616.1,B.1.1.529,2022-01-15,complete,Homo sapiens,29784,4.3.4/1.37.1/v0.1.12/0.3.19/0.6.6
1,OP435044.1,B.1.1.529,2022-07-11,complete,Homo sapiens,29749,4.3.4/1.37.1/v0.1.12/0.3.19/0.6.6
1,OX315131.1,B.1.1.529,2022-01-30,complete,Homo sapiens,29894,4.3.4/1.37.1/v0.1.12/0.3.19/0.6.6
1,OP419244.1,B.1.1.529,2022-07-15,complete,Homo sapiens,29743,4.3.4/1.37.1/v0.1.12/0.3.19/0.6.6
1,ON305679.1,B.1.1.529,2022-02-02,complete,Homo sapiens,29778,4.3.4/1.37.1/v0.1.12/0.3.19/0.6.6
1,OM098592.1,B.1.1.529,2021-12-19,complete,Homo sapiens,29817,4.3.4/1.37.1/v0.1.12/0.3.19/0.6.6
1,ON306109.1,B.1.1.529,2022-01-28,complete,Homo sapiens,29779,4.3.4/1.37.1/v0.1.12/0.3.19/0.6.6
1,OX449037.1,B.1.1.529,2022-01-24,complete,Homo sapiens,29896,4.3.4/1.37.1/v0.1.12/0.3.19/0.6.6
1,OQ760849.1,B.1.1.529,2022-01-10,complete,Homo sapiens,29758,4.3.4/1.37.1/v0.1.12/0.3.19/0.6.6
1,ON305911.1,B.1.1.529,2022-02-06,complete,Homo sapiens,29817,4.3.4/1.37.1/v0.1.12/0.3.19/0.6.6
1,ON004297.1,B.1.1.529,2021-12-30,complete,Homo sapiens,29752,4.3.4/1.37.1/v0.1.12/0.3.19/0.6.6
1,OM280900.1,B.1.1.529,2021-12-20,complete,Homo sapiens,29772,4.3.4/1.37.1/v0.1.12/0.3.19/0.6.6
1,OY710889.1,B.1.1.529,2022-02-03,complete,Homo sapiens,29884,4.3.4/1.37.1/v0.1.12/0.3.19/0.6.6
1,OP052605.1,B.1.1.529,2022-07-04,complete,Homo sapiens,29758,4.3.4/1.37.1/v0.1.12/0.3.19/0.6.6
1,OM245814.1,B.1.1.529,2021-12-19,complete,Homo sapiens,29767,4.3.4/1.37.1/v0.1.12/0.3.19/0.6.6
1,ON313368.1,B.1.1.529,2022-02-18,complete,Homo sapiens,29799,4.3.4/1.37.1/v0.1.12/0.3.19/0.6.6
1,OY655675.1,B.1.1.529,2022-02-05,complete,Homo sapiens,29862,4.3.4/1.37.1/v0.1.12/0.3.19/0.6.6
1,ON208954.1,B.1.1.529,2022-01-24,complete,Homo sapiens,29793,4.3.4/1.37.1/v0.1.12/0.3.19/0.6.6
1,OM525464.1,B.1.1.529,2021-12-09,complete,Homo sapiens,29807,4.3.4/1.37.1/v0.1.12/0.3.19/0.6.6
1,OM229233.1,B.1.1.529,2021-12-17,complete,Homo sapiens,29764,4.3.4/1.37.1/v0.1.12/0.3.19/0.6.6
1,ON313177.1,B.1.1.529,2022-02-09,complete,Homo sapiens,29779,4.3.4/1.37.1/v0.1.12/0.3.19/0.6.6
1,OM245572.1,B.1.1.529,2021-12-18,complete,Homo sapiens,29762,4.3.4/1.37.1/v0.1.12/0.3.19/0.6.6
1,OX710107.1,B.1.1.529,2020,complete,Homo sapiens,29763,4.3.4/1.37.1/v0.1.12/0.3.19/0.6.6
1,OM390337.1,B.1.1.529,2021-12-22,complete,Homo sapiens,29799,4.3.4/1.37.1/v0.1.12/0.3.19/0.6.6
1,OY649688.1,B.1.1.529,2022-02-05,complete,Homo sapiens,29767,4.3.4/1.37.1/v0.1.12/0.3.19/0.6.6
1,ON068750.1,B.1.1.529,2022-01-31,complete,Homo sapiens,29772,4.3.4/1.37.1/v0.1.12/0.3.19/0.6.6
1,ON263982.1,B.1.1.529,2022-01-26,complete,Homo sapiens,29779,4.3.4/1.37.1/v0.1.12/0.3.19/0.6.6
1,ON071395.1,B.1.1.529,2022-02-23,complete,Homo sapiens,29772,4.3.4/1.37.1/v0.1.12/0.3.19/0.6.6
1,ON118616.1,B.1.1.529,2022-01-24,complete,Homo sapiens,29790,4.3.4/1.37.1/v0.1.12/0.3.19/0.6.6
1,ON313287.1,B.1.1.529,2022-02-07,complete,Homo sapiens,29841,4.3.4/1.37.1/v0.1.12/0.3.19/0.6.6
1,ON313193.1,B.1.1.529,2022-02-06,complete,Homo sapiens,29778,4.3.4/1.37.1/v0.1.12/0.3.19/0.6.6
1,ON118857.1,B.1.1.529,2022-01-22,complete,Homo sapiens,29793,4.3.4/1.37.1/v0.1.12/0.3.19/0.6.6
1,OP983388.1,B.1.1.529,2022-11-21,complete,Homo sapiens,29783,4.3.4/1.37.1/v0.1.12/0.3.19/0.6.6
1,OM245558.1,B.1.1.529,2021-12-22,complete,Homo sapiens,29756,4.3.4/1.37.1/v0.1.12/0.3.19/0.6.6
1,OM977290.1,B.1.1.529,2022-02-23,complete,Homo sapiens,29808,4.3.4/1.37.1/v0.1.12/0.3.19/0.6.6
1,OM229895.1,B.1.1.529,2021-12-17,complete,Homo sapiens,29770,4.3.4/1.37.1/v0.1.12/0.3.19/0.6.6
1,MZ690385.1,B.1.1.529,2021-07-06,complete,Homo sapiens,29770,4.3.4/1.37.1/v0.1.12/0.3.19/0.6.6
1,ON800361.1,B.1.1.529,2022-05-27,complete,Homo sapiens,29768,4.3.4/1.37.1/v0.1.12/0.3.19/0.6.6
1,ON052756.1,B.1.1.529,2021-12-23,complete,Homo sapiens,29738,4.3.4/1.37.1/v0.1.12/0.3.19/0.6.6
1,ON305472.1,B.1.1.529,2022-01-27,complete,Homo sapiens,29797,4.3.4/1.37.1/v0.1.12/0.3.19/0.6.6
1,OR717328.1,B.1.1.529,2022-10-15,complete,Homo sapiens,29876,4.3.4/1.37.1/v0.1.12/0.3.19/0.6.6
1,OM297021.1,B.1.1.529,2021-12-26,complete,Homo sapiens,29808,4.3.4/1.37.1/v0.1.12/0.3.19/0.6.6
1,OM245417.1,B.1.1.529,2021-12-23,complete,Homo sapiens,29767,4.3.4/1.37.1/v0.1.12/0.3.19/0.6.6
1,ON313115.1,B.1.1.529,2022-02-07,complete,Homo sapiens,29804,4.3.4/1.37.1/v0.1.12/0.3.19/0.6.6
1,OX307476.1,B.1.1.529,2021-12-19,complete,Homo sapiens,29900,4.3.4/1.37.1/v0.1.12/0.3.19/0.6.6
1,OP879932.1,B.1.1.529,2022-10-20,complete,Homo sapiens,29761,4.3.4/1.37.1/v0.1.12/0.3.19/0.6.6
1,OQ089024.1,B.1.1.529,2022-01-07,complete,Homo sapiens,29802,4.3.4/1.37.1/v0.1.12/0.3.19/0.6.6
1,OM280930.1,B.1.1.529,2021-12-19,complete,Homo sapiens,29769,4.3.4/1.37.1/v0.1.12/0.3.19/0.6.6
1,OX964478.1,B.1.1.529,2021-12-02,complete,Homo sapiens,29759,4.3.4/1.37.1/v0.1.12/0.3.19/0.6.6
1,OX740755.1,B.1.1.529,2020,complete,Homo sapiens,29773,4.3.4/1.37.1/v0.1.12/0.3.19/0.6.6
1,OM561667.1,B.1.1.529,2022-01-25,complete,Homo sapiens,29794,4.3.4/1.37.1/v0.1.12/0.3.19/0.6.6
1,OM261331.1,B.1.1.529,2021-12-27,complete,Homo sapiens,29811,4.3.4/1.37.1/v0.1.12/0.3.19/0.6.6
1,OP218769.1,B.1.1.529,2021-09-01,complete,Homo sapiens,29824,4.3.4/1.37.1/v0.1.12/0.3.19/0.6.6
1,ON118843.1,B.1.1.529,2022-01-24,complete,Homo sapiens,29781,4.3.4/1.37.1/v0.1.12/0.3.19/0.6.6
1,OM245414.1,B.1.1.529,2021-12-20,complete,Homo sapiens,29762,4.3.4/1.37.1/v0.1.12/0.3.19/0.6.6
1,OX305382.1,B.1.1.529,2021-12-23,complete,Homo sapiens,29900,4.3.4/1.37.1/v0.1.12/0.3.19/0.6.6
1,OP419329.1,B.1.1.529,2022-07-15,complete,Homo sapiens,29774,4.3.4/1.37.1/v0.1.12/0.3.19/0.6.6
1,OY629017.1,B.1.1.529,2022-02-01,complete,Homo sapiens,29798,4.3.4/1.37.1/v0.1.12/0.3.19/0.6.6
1,OP879943.1,B.1.1.529,2022-10-06,complete,Homo sapiens,29758,4.3.4/1.37.1/v0.1.12/0.3.19/0.6.6
1,OM229683.1,B.1.1.529,2021-12-17,complete,Homo sapiens,29770,4.3.4/1.37.1/v0.1.12/0.3.19/0.6.6
1,OM324054.1,B.1.1.529,2022-01-07,complete,Homo sapiens,29752,4.3.4/1.37.1/v0.1.12/0.3.19/0.6.6
1,OQ444332.1,B.1.1.529,2023-01-29,complete,Homo sapiens,29789,4.3.4/1.37.1/v0.1.12/0.3.19/0.6.6
1,OM083952.1,B.1.1.529,2021-12-15,complete,Homo sapiens,29800,4.3.4/1.37.1/v0.1.12/0.3.19/0.6.6
1,OY303049.1,B.1.1.529,2022-01-16,complete,Homo sapiens,29882,4.3.4/1.37.1/v0.1.12/0.3.19/0.6.6
1,OM280887.1,B.1.1.529,2021-12-20,complete,Homo sapiens,29776,4.3.4/1.37.1/v0.1.12/0.3.19/0.6.6
1,OM245643.1,B.1.1.529,2021-12-20,complete,Homo sapiens,29761,4.3.4/1.37.1/v0.1.12/0.3.19/0.6.6
1,OY684911.1,B.1.1.529,2022-01-06,complete,Homo sapiens,29774,4.3.4/1.37.1/v0.1.12/0.3.19/0.6.6
1,OM353037.1,B.1.1.529,2021-12-30,complete,Homo sapiens,29796,4.3.4/1.37.1/v0.1.12/0.3.19/0.6.6
1,OX308042.1,B.1.1.529,2022-02-06,complete,Homo sapiens,29894,4.3.4/1.37.1/v0.1.12/0.3.19/0.6.6
1,OP419295.1,B.1.1.529,2022-07-02,complete,Homo sapiens,29808,4.3.4/1.37.1/v0.1.12/0.3.19/0.6.6
1,ON003875.1,B.1.1.529,2022-02-03,complete,Homo sapiens,29781,4.3.4/1.37.1/v0.1.12/0.3.19/0.6.6
1,OM261782.1,B.1.1.529,2021-12-28,complete,Homo sapiens,29792,4.3.4/1.37.1/v0.1.12/0.3.19/0.6.6
1,OM245536.1,B.1.1.529,2021-12-21,complete,Homo sapiens,29756,4.3.4/1.37.1/v0.1.12/0.3.19/0.6.6
1,OP419406.1,B.1.1.529,2022-07-17,complete,Homo sapiens,29805,4.3.4/1.37.1/v0.1.12/0.3.19/0.6.6
1,OM126592.1,B.1.1.529,2021-12-16,complete,Homo sapiens,29820,4.3.4/1.37.1/v0.1.12/0.3.19/0.6.6
1,OY330465.1,B.1.1.529,2022-01-08,complete,Homo sapiens,29879,4.3.4/1.37.1/v0.1.12/0.3.19/0.6.6
1,ON118754.1,B.1.1.529,2022-01-24,complete,Homo sapiens,29796,4.3.4/1.37.1/v0.1.12/0.3.19/0.6.6
1,OY692623.1,B.1.1.529,2022-02-05,complete,Homo sapiens,29781,4.3.4/1.37.1/v0.1.12/0.3.19/0.6.6
1,OM261313.1,B.1.1.529,2021-12-27,complete,Homo sapiens,29799,4.3.4/1.37.1/v0.1.12/0.3.19/0.6.6
1,OX478396.1,B.1.1.529,2022-02-22,complete,Homo sapiens,29890,4.3.4/1.37.1/v0.1.12/0.3.19/0.6.6
1,OX778269.1,B.1.1.529,2020,complete,Homo sapiens,29763,4.3.4/1.37.1/v0.1.12/0.3.19/0.6.6
1,OM263440.1,B.1.1.529,2021-12-15,complete,Homo sapiens,29808,4.3.4/1.37.1/v0.1.12/0.3.19/0.6.6
1,OM260423.1,B.1.1.529,2021-12-23,complete,Homo sapiens,29802,4.3.4/1.37.1/v0.1.12/0.3.19/0.6.6
1,ON313281.1,B.1.1.529,2022-02-18,complete,Homo sapiens,29796,4.3.4/1.37.1/v0.1.12/0.3.19/0.6.6
1,OM006040.1,B.1.1.529,2021-12-10,complete,Homo sapiens,29807,4.3.4/1.37.1/v0.1.12/0.3.19/0.6.6
1,OP879975.1,B.1.1.529,2022-10-27,complete,Homo sapiens,29766,4.3.4/1.37.1/v0.1.12/0.3.19/0.6.6
1,OX802536.1,B.1.1.529,2021-12-24,complete,Homo sapiens,29882,4.3.4/1.37.1/v0.1.12/0.3.19/0.6.6
1,OM280819.1,B.1.1.529,2021-12-22,complete,Homo sapiens,29764,4.3.4/1.37.1/v0.1.12/0.3.19/0.6.6
1,OM459652.1,B.1.1.529,2022-01-11,complete,Homo sapiens,29781,4.3.4/1.37.1/v0.1.12/0.3.19/0.6.6
1,ON068964.1,B.1.1.529,2022-01-30,complete,Homo sapiens,29790,4.3.4/1.37.1/v0.1.12/0.3.19/0.6.6
1,OM261247.1,B.1.1.529,2021-12-27,complete,Homo sapiens,29799,4.3.4/1.37.1/v0.1.12/0.3.19/0.6.6
1,OP419315.1,B.1.1.529,2022-07-17,complete,Homo sapiens,29805,4.3.4/1.37.1/v0.1.12/0.3.19/0.6.6
1,ON226430.1,B.1.1.529,2022-01-26,complete,Homo sapiens,29782,4.3.4/1.37.1/v0.1.12/0.3.19/0.6.6
1,OX313760.1,B.1.1.529,2022-01-29,complete,Homo sapiens,29903,4.3.4/1.37.1/v0.1.12/0.3.19/0.6.6
1,OY661396.1,B.1.1.529,2022-02-05,complete,Homo sapiens,29773,4.3.4/1.37.1/v0.1.12/0.3.19/0.6.6
1,ON069037.1,B.1.1.529,2022-01-31,complete,Homo sapiens,29780,4.3.4/1.37.1/v0.1.12/0.3.19/0.6.6
1,OM261471.1,B.1.1.529,2021-12-27,complete,Homo sapiens,29799,4.3.4/1.37.1/v0.1.12/0.3.19/0.6.6
1,OX307981.1,B.1.1.529,2022-01-19,complete,Homo sapiens,29894,4.3.4/1.37.1/v0.1.12/0.3.19/0.6.6
1,OM245586.1,B.1.1.529,2021-12-22,complete,Homo sapiens,29770,4.3.4/1.37.1/v0.1.12/0.3.19/0.6.6
1,ON637175.1,B.1.1.529,2022-01,complete,Homo sapiens,29814,4.3.4/1.37.1/v0.1.12/0.3.19/0.6.6
1,OW120545.1,B.1.1.529,2022-01-28,complete,Homo sapiens,29876,4.3.4/1.37.1/v0.1.12/0.3.19/0.6.6
1,OM331931.1,B.1.1.529,2021-12-28,complete,Homo sapiens,29799,4.3.4/1.37.1/v0.1.12/0.3.19/0.6.6
1,OX310272.1,B.1.1.529,2021-12-20,complete,Homo sapiens,29903,4.3.4/1.37.1/v0.1.12/0.3.19/0.6.6
1,ON208918.1,B.1.1.529,2022-01-25,complete,Homo sapiens,29808,4.3.4/1.37.1/v0.1.12/0.3.19/0.6.6
1,ON208965.1,B.1.1.529,2022-01-24,complete,Homo sapiens,29802,4.3.4/1.37.1/v0.1.12/0.3.19/0.6.6
1,OM288269.1,B.1.1.529,2021-12-30,complete,Homo sapiens,29752,4.3.4/1.37.1/v0.1.12/0.3.19/0.6.6
1,OX804640.1,B.1.1.529,2021-12-24,complete,Homo sapiens,29861,4.3.4/1.37.1/v0.1.12/0.3.19/0.6.6
1,OY659833.1,B.1.1.529,2022-01-01,complete,Homo sapiens,29797,4.3.4/1.37.1/v0.1.12/0.3.19/0.6.6
1,OP419358.1,B.1.1.529,2022-07-03,complete,Homo sapiens,29802,4.3.4/1.37.1/v0.1.12/0.3.19/0.6.6
1,OM245453.1,B.1.1.529,2021-12-23,complete,Homo sapiens,29762,4.3.4/1.37.1/v0.1.12/0.3.19/0.6.6
1,ON525749.1,B.1.1.529,2022-01-12,complete,Homo sapiens,29740,4.3.4/1.37.1/v0.1.12/0.3.19/0.6.6
1,ON208869.1,B.1.1.529,2022-01-25,complete,Homo sapiens,29782,4.3.4/1.37.1/v0.1.12/0.3.19/0.6.6
1,OM763980.1,B.1.1.529,2021-12-22,complete,Homo sapiens,29779,4.3.4/1.37.1/v0.1.12/0.3.19/0.6.6
1,OM459533.1,B.1.1.529,2022-01-13,complete,Homo sapiens,29728,4.3.4/1.37.1/v0.1.12/0.3.19/0.6.6
1,OM290297.1,B.1.1.529,2021-12-28,complete,Homo sapiens,29802,4.3.4/1.37.1/v0.1.12/0.3.19/0.6.6
1,OQ508377.1,B.1.1.529,2023-01-26,complete,Homo sapiens,29729,4.3.4/1.37.1/v0.1.12/0.3.19/0.6.6
1,OY694788.1,B.1.1.529,2022-02-05,complete,Homo sapiens,29621,4.3.4/1.37.1/v0.1.12/0.3.19/0.6.6
1,OM294238.1,B.1.1.529,2021-12-20,complete,Homo sapiens,29806,4.3.4/1.37.1/v0.1.12/0.3.19/0.6.6
1,OX307524.1,B.1.1.529,2022-01-24,complete,Homo sapiens,29903,4.3.4/1.37.1/v0.1.12/0.3.19/0.6.6
1,OM280878.1,B.1.1.529,2021-12-22,complete,Homo sapiens,29770,4.3.4/1.37.1/v0.1.12/0.3.19/0.6.6
1,OX792854.1,B.1.1.529,2022-01-07,complete,Homo sapiens,29902,4.3.4/1.37.1/v0.1.12/0.3.19/0.6.6
2,OX561489.1,B.1.1.7,2021-04-14,complete,Homo sapiens,29828,4.3.4/1.37.1/v0.1.12/0.3.19/0.6.6
2,MZ009435.1,B.1.1.7,2021-04-01,complete,Homo sapiens,29805,4.3.4/1.37.1/v0.1.12/0.3.19/0.6.6
2,OX660204.1,B.1.1.7,2021-03-31,complete,Homo sapiens,29884,4.3.4/1.37.1/v0.1.12/0.3.19/0.6.6
2,OX468677.1,B.1.1.7,2021-01-01,complete,Homo sapiens,29886,4.3.4/1.37.1/v0.1.12/0.3.19/0.6.6
2,OY619713.1,B.1.1.7,2021-02-15,complete,Homo sapiens,29884,4.3.4/1.37.1/v0.1.12/0.3.19/0.6.6
2,OX560953.1,B.1.1.7,2021-02-09,complete,Homo sapiens,29884,4.3.4/1.37.1/v0.1.12/0.3.19/0.6.6
2,OD976919.1,B.1.1.7,2021-01-21,complete,Homo sapiens,29884,4.3.4/1.37.1/v0.1.12/0.3.19/0.6.6
2,MZ414561.1,B.1.1.7,2021-04-01,complete,Homo sapiens,29868,4.3.4/1.37.1/v0.1.12/0.3.19/0.6.6
2,MZ279287.1,B.1.1.7,2021-05-04,complete,Homo sapiens,29808,4.3.4/1.37.1/v0.1.12/0.3.19/0.6.6
2,OX559342.1,B.1.1.7,2021-01-30,complete,Homo sapiens,29884,4.3.4/1.37.1/v0.1.12/0.3.19/0.6.6
2,MZ056482.1,B.1.1.7,2021-04-11,complete,Homo sapiens,29763,4.3.4/1.37.1/v0.1.12/0.3.19/0.6.6
2,OU443499.1,B.1.1.7,2021-05-19,complete,Homo sapiens,29884,4.3.4/1.37.1/v0.1.12/0.3.19/0.6.6
2,OY602261.1,B.1.1.7,2020,complete,Homo sapiens,29884,4.3.4/1.37.1/v0.1.12/0.3.19/0.6.6
2,OU012846.1,B.1.1.7,2021-02-16,complete,Homo sapiens,29884,4.3.4/1.37.1/v0.1.12/0.3.19/0.6.6
2,OD989279.1,B.1.1.7,2021-02-02,complete,Homo sapiens,29884,4.3.4/1.37.1/v0.1.12/0.3.19/0.6.6
2,OX552767.1,B.1.1.7,2021-01-12,complete,Homo sapiens,29885,4.3.4/1.37.1/v0.1.12/0.3.19/0.6.6
2,OK219790.1,B.1.1.7,2021-04-03,complete,Homo sapiens,29843,4.3.4/1.37.1/v0.1.12/0.3.19/0.6.6
2,MZ001898.1,B.1.1.7,2021-03-31,complete,Homo sapiens,29694,4.3.4/1.37.1/v0.1.12/0.3.19/0.6.6
2,MZ500850.1,B.1.1.7,2021-04-27,complete,Homo sapiens,29832,4.3.4/1.37.1/v0.1.12/0.3.19/0.6.6
2,OY367447.1,B.1.1.7,2021-01-29,complete,Homo sapiens,29884,4.3.4/1.37.1/v0.1.12/0.3.19/0.6.6
2,OD942912.1,B.1.1.7,2021-01-14,complete,Homo sapiens,29884,4.3.4/1.37.1/v0.1.12/0.3.19/0.6.6
2,OX648601.1,B.1.1.7,2021-01-31,complete,Homo sapiens,29891,4.3.4/1.37.1/v0.1.12/0.3.19/0.6.6
2,OY859662.1,B.1.1.7,2020,complete,Homo sapiens,29884,4.3.4/1.37.1/v0.1.12/0.3.19/0.6.6
2,MZ037554.1,B.1.1.7,2021-04-03,complete,Homo sapiens,29694,4.3.4/1.37.1/v0.1.12/0.3.19/0.6.6
2,MW990686.1,B.1.1.7,2021-04-13,complete,Homo sapiens,29881,4.3.4/1.37.1/v0.1.12/0.3.19/0.6.6
2,MZ280239.1,B.1.1.7,2021-04-30,complete,Homo sapiens,29847,4.3.4/1.37.1/v0.1.12/0.3.19/0.6.6
2,OD946615.1,B.1.1.7,2021-01-14,complete,Homo sapiens,29827,4.3.4/1.37.1/v0.1.12/0.3.19/0.6.6
2,OD979828.1,B.1.1.7,2021-02-04,complete,Homo sapiens,29884,4.3.4/1.37.1/v0.1.12/0.3.19/0.6.6
2,OX470647.1,B.1.1.7,2020-12-28,complete,Homo sapiens,29886,4.3.4/1.37.1/v0.1.12/0.3.19/0.6.6
2,OD989752.1,B.1.1.7,2021-02-04,complete,Homo sapiens,29884,4.3.4/1.37.1/v0.1.12/0.3.19/0.6.6
2,MZ003511.1,B.1.1.7,2021-03-29,complete,Homo sapiens,29694,4.3.4/1.37.1/v0.1.12/0.3.19/0.6.6
2,OD932584.1,B.1.1.7,2021-01-05,complete,Homo sapiens,29884,4.3.4/1.37.1/v0.1.12/0.3.19/0.6.6
2,OZ289242.1,B.1.1.7,2021-02-24,complete,Homo sapiens,29884,4.3.4/1.37.1/v0.1.12/0.3.19/0.6.6
2,OX548527.1,B.1.1.7,2021-01-12,complete,Homo sapiens,29884,4.3.4/1.37.1/v0.1.12/0.3.19/0.6.6
2,OD965108.1,B.1.1.7,2021-01-28,complete,Homo sapiens,29884,4.3.4/1.37.1/v0.1.12/0.3.19/0.6.6
2,MZ255804.1,B.1.1.7,2021-03-12,complete,Homo sapiens,29845,4.3.4/1.37.1/v0.1.12/0.3.19/0.6.6
2,MZ414850.1,B.1.1.7,2021-05-06,complete,Homo sapiens,29807,4.3.4/1.37.1/v0.1.12/0.3.19/0.6.6
2,OD932242.1,B.1.1.7,2021-01-04,complete,Homo sapiens,29884,4.3.4/1.37.1/v0.1.12/0.3.19/0.6.6
2,OU804940.1,B.1.1.7,2020-12-07,complete,Homo sapiens,29884,4.3.4/1.37.1/v0.1.12/0.3.19/0.6.6
2,OZ292554.1,B.1.1.7,2021-05-07,complete,Homo sapiens,29884,4.3.4/1.37.1/v0.1.12/0.3.19/0.6.6
2,OX638534.1,B.1.1.7,2021-04-28,complete,Homo sapiens,29884,4.3.4/1.37.1/v0.1.12/0.3.19/0.6.6
2,OY609375.1,B.1.1.7,2021-01-31,complete,Homo sapiens,29884,4.3.4/1.37.1/v0.1.12/0.3.19/0.6.6
2,OD978745.1,B.1.1.7,2021-01-15,complete,Homo sapiens,29884,4.3.4/1.37.1/v0.1.12/0.3.19/0.6.6
2,OY312582.1,B.1.1.7,2020-11-13,complete,Homo sapiens,29884,4.3.4/1.37.1/v0.1.12/0.3.19/0.6.6
2,OL461522.1,B.1.1.7,2021-06-08,complete,Homo sapiens,29812,4.3.4/1.37.1/v0.1.12/0.3.19/0.6.6
2,OU396835.1,B.1.1.7,2021-05-04,complete,Homo sapiens,29884,4.3.4/1.37.1/v0.1.12/0.3.19/0.6.6
2,OD951152.1,B.1.1.7,2021-01-22,complete,Homo sapiens,29884,4.3.4/1.37.1/v0.1.12/0.3.19/0.6.6
2,MZ101514.1,B.1.1.7,2021-04-13,complete,Homo sapiens,29763,4.3.4/1.37.1/v0.1.12/0.3.19/0.6.6
2,MZ455607.1,B.1.1.7,2021-05-03,complete,Homo sapiens,29763,4.3.4/1.37.1/v0.1.12/0.3.19/0.6.6
2,OU386939.1,B.1.1.7,2021-05-19,complete,Homo sapiens,29884,4.3.4/1.37.1/v0.1.12/0.3.19/0.6.6
2,MZ354819.1,B.1.1.7,2021-05-15,complete,Homo sapiens,29782,4.3.4/1.37.1/v0.1.12/0.3.19/0.6.6
2,MW938552.1,B.1.1.7,2021-03-08,complete,Homo sapiens,29706,4.3.4/1.37.1/v0.1.12/0.3.19/0.6.6
2,OD929319.1,B.1.1.7,2021-01-06,complete,Homo sapiens,29884,4.3.4/1.37.1/v0.1.12/0.3.19/0.6.6
2,OX885162.1,B.1.1.7,2020,complete,Homo sapiens,29883,4.3.4/1.37.1/v0.1.12/0.3.19/0.6.6
2,OX605517.1,B.1.1.7,2021-01-15,complete,Homo sapiens,29884,4.3.4/1.37.1/v0.1.12/0.3.19/0.6.6
2,MZ163677.1,B.1.1.7,2021-04-22,complete,Homo sapiens,29810,4.3.4/1.37.1/v0.1.12/0.3.19/0.6.6
2,MZ295437.1,B.1.1.7,2021-05-06,complete,Homo sapiens,29805,4.3.4/1.37.1/v0.1.12/0.3.19/0.6.6
2,MZ378676.1,B.1.1.7,2021-04-23,complete,Homo sapiens,29853,4.3.4/1.37.1/v0.1.12/0.3.19/0.6.6
2,OX746530.1,B.1.1.7,2020,complete,Homo sapiens,29883,4.3.4/1.37.1/v0.1.12/0.3.19/0.6.6
2,OY613361.1,B.1.1.7,2021-01-14,complete,Homo sapiens,29884,4.3.4/1.37.1/v0.1.12/0.3.19/0.6.6
2,OY618997.1,B.1.1.7,2021-04-05,complete,Homo sapiens,29884,4.3.4/1.37.1/v0.1.12/0.3.19/0.6.6
2,OX581993.1,B.1.1.7,2021-02-14,complete,Homo sapiens,29827,4.3.4/1.37.1/v0.1.12/0.3.19/0.6.6
2,MZ170135.1,B.1.1.7,2021-04-12,complete,Homo sapiens,29829,4.3.4/1.37.1/v0.1.12/0.3.19/0.6.6
2,OY609137.1,B.1.1.7,2020,complete,Homo sapiens,29884,4.3.4/1.37.1/v0.1.12/0.3.19/0.6.6
2,MZ664627.1,B.1.1.7,2021-07-08,complete,Homo sapiens,29781,4.3.4/1.37.1/v0.1.12/0.3.19/0.6.6
2,OY715753.1,B.1.1.7,2021-01-15,complete,Homo sapiens,29884,4.3.4/1.37.1/v0.1.12/0.3.19/0.6.6
2,MZ163368.1,B.1.1.7,2021-04-21,complete,Homo sapiens,29806,4.3.4/1.37.1/v0.1.12/0.3.19/0.6.6
2,MZ009960.1,B.1.1.7,2021-04-03,complete,Homo sapiens,29811,4.3.4/1.37.1/v0.1.12/0.3.19/0.6.6
2,OD911011.1,B.1.1.7,2020-12-13,complete,Homo sapiens,29884,4.3.4/1.37.1/v0.1.12/0.3.19/0.6.6
2,OU792536.1,B.1.1.7,2020,complete,Homo sapiens,29884,4.3.4/1.37.1/v0.1.12/0.3.19/0.6.6
2,OY368706.1,B.1.1.7,2020-12-28,complete,Homo sapiens,29884,4.3.4/1.37.1/v0.1.12/0.3.19/0.6.6
2,MZ500911.1,B.1.1.7,2021-05-13,complete,Homo sapiens,29797,4.3.4/1.37.1/v0.1.12/0.3.19/0.6.6
2,MZ083410.1,B.1.1.7,2021-03-31,complete,Homo sapiens,29848,4.3.4/1.37.1/v0.1.12/0.3.19/0.6.6
2,OY899463.1,B.1.1.7,2021-02-23,complete,Homo sapiens,29884,4.3.4/1.37.1/v0.1.12/0.3.19/0.6.6
2,MW877066.1,B.1.1.7,2021-03-02,complete,Homo sapiens,29885,4.3.4/1.37.1/v0.1.12/0.3.19/0.6.6
2,OU389900.1,B.1.1.7,2021-05-03,complete,Homo sapiens,29884,4.3.4/1.37.1/v0.1.12/0.3.19/0.6.6
2,OX586942.1,B.1.1.7,2021-03-06,complete,Homo sapiens,29884,4.3.4/1.37.1/v0.1.12/0.3.19/0.6.6
2,MZ059031.1,B.1.1.7,2021-04-10,complete,Homo sapiens,29812,4.3.4/1.37.1/v0.1.12/0.3.19/0.6.6
2,OX661375.1,B.1.1.7,2021-02-02,complete,Homo sapiens,29884,4.3.4/1.37.1/v0.1.12/0.3.19/0.6.6
2,OX510905.1,B.1.1.7,2021-03-18,complete,Homo sapiens,29885,4.3.4/1.37.1/v0.1.12/0.3.19/0.6.6
2,OY860962.1,B.1.1.7,2021-02-06,complete,Homo sapiens,29884,4.3.4/1.37.1/v0.1.12/0.3.19/0.6.6
2,MZ013767.1,B.1.1.7,2021-04-03,complete,Homo sapiens,29852,4.3.4/1.37.1/v0.1.12/0.3.19/0.6.6
2,OU392209.1,B.1.1.7,2021-02-28,complete,Homo sapiens,29886,4.3.4/1.37.1/v0.1.12/0.3.19/0.6.6
2,OD968343.1,B.1.1.7,2021-01-30,complete,Homo sapiens,29884,4.3.4/1.37.1/v0.1.12/0.3.19/0.6.6
2,OX529172.1,B.1.1.7,2021-05-11,complete,Homo sapiens,29884,4.3.4/1.37.1/v0.1.12/0.3.19/0.6.6
2,MZ252539.1,B.1.1.7,2021-05-07,complete,Homo sapiens,29760,4.3.4/1.37.1/v0.1.12/0.3.19/0.6.6
2,OD910483.1,B.1.1.7,2020-12-07,complete,Homo sapiens,29867,4.3.4/1.37.1/v0.1.12/0.3.19/0.6.6
2,OX920732.1,B.1.1.7,2020,complete,Homo sapiens,29903,4.3.4/1.37.1/v0.1.12/0.3.19/0.6.6
2,OD987583.1,B.1.1.7,2021-02-12,complete,Homo sapiens,29884,4.3.4/1.37.1/v0.1.12/0.3.19/0.6.6
2,OX567113.1,B.1.1.7,2021-01-16,complete,Homo sapiens,29884,4.3.4/1.37.1/v0.1.12/0.3.19/0.6.6
2,MZ132644.1,B.1.1.7,2021-04-17,complete,Homo sapiens,29805,4.3.4/1.37.1/v0.1.12/0.3.19/0.6.6
2,MZ471773.1,B.1.1.7,2021-03-27,complete,Homo sapiens,29805,4.3.4/1.37.1/v0.1.12/0.3.19/0.6.6
2,OY619191.1,B.1.1.7,2021-05-04,complete,Homo sapiens,29884,4.3.4/1.37.1/v0.1.12/0.3.19/0.6.6
2,OX676448.1,B.1.1.7,2021-04-24,complete,Homo sapiens,29806,4.3.4/1.37.1/v0.1.12/0.3.19/0.6.6
2,OU392777.1,B.1.1.7,2021-03-02,complete,Homo sapiens,29884,4.3.4/1.37.1/v0.1.12/0.3.19/0.6.6
2,MZ191432.1,B.1.1.7,2021-04-19,complete,Homo sapiens,29763,4.3.4/1.37.1/v0.1.12/0.3.19/0.6.6
2,MW905879.1,B.1.1.7,2021-03-19,complete,Homo sapiens,29763,4.3.4/1.37.1/v0.1.12/0.3.19/0.6.6
2,OX671291.1,B.1.1.7,2021-01-15,complete,Homo sapiens,29884,4.3.4/1.37.1/v0.1.12/0.3.19/0.6.6
2,OU012563.1,B.1.1.7,2021-02-15,complete,Homo sapiens,29884,4.3.4/1.37.1/v0.1.12/0.3.19/0.6.6
2,OD963106.1,B.1.1.7,2021-01-24,complete,Homo sapiens,29886,4.3.4/1.37.1/v0.1.12/0.3.19/0.6.6
2,OU393725.1,B.1.1.7,2021-05-10,complete,Homo sapiens,29884,4.3.4/1.37.1/v0.1.12/0.3.19/0.6.6
2,OD928417.1,B.1.1.7,2021-01-02,complete,Homo sapiens,29884,4.3.4/1.37.1/v0.1.12/0.3.19/0.6.6
2,MZ213702.1,B.1.1.7,2021-04-13,complete,Homo sapiens,29880,4.3.4/1.37.1/v0.1.12/0.3.19/0.6.6
2,OD961686.1,B.1.1.7,2021-01-26,complete,Homo sapiens,29884,4.3.4/1.37.1/v0.1.12/0.3.19/0.6.6
2,OX699131.1,B.1.1.7,2020,complete,Homo sapiens,29883,4.3.4/1.37.1/v0.1.12/0.3.19/0.6.6
2,OU388475.1,B.1.1.7,2021-05-15,complete,Homo sapiens,29884,4.3.4/1.37.1/v0.1.12/0.3.19/0.6.6
2,MZ059873.1,B.1.1.7,2021-04-10,complete,Homo sapiens,29812,4.3.4/1.37.1/v0.1.12/0.3.19/0.6.6
2,MZ291171.1,B.1.1.7,2021-05-07,complete,Homo sapiens,29807,4.3.4/1.37.1/v0.1.12/0.3.19/0.6.6
2,OY913150.1,B.1.1.7,2021-01-31,complete,Homo sapiens,29884,4.3.4/1.37.1/v0.1.12/0.3.19/0.6.6
2,OX606553.1,B.1.1.7,2021-01-27,complete,Homo sapiens,29886,4.3.4/1.37.1/v0.1.12/0.3.19/0.6.6
2,OY618379.1,B.1.1.7,2021-01-15,complete,Homo sapiens,29884,4.3.4/1.37.1/v0.1.12/0.3.19/0.6.6
2,OD990740.1,B.1.1.7,2021-02-12,complete,Homo sapiens,29884,4.3.4/1.37.1/v0.1.12/0.3.19/0.6.6
2,OD921708.1,B.1.1.7,2020-12-30,complete,Homo sapiens,29884,4.3.4/1.37.1/v0.1.12/0.3.19/0.6.6
2,MZ070869.1,B.1.1.7,2021-04-10,complete,Homo sapiens,29695,4.3.4/1.37.1/v0.1.12/0.3.19/0.6.6
2,OU395408.1,B.1.1.7,2021-02-11,complete,Homo sapiens,29886,4.3.4/1.37.1/v0.1.12/0.3.19/0.6.6
2,OX596637.1,B.1.1.7,2020-12-17,complete,Homo sapiens,29884,4.3.4/1.37.1/v0.1.12/0.3.19/0.6.6
2,OD934076.1,B.1.1.7,2021-01-08,complete,Homo sapiens,29884,4.3.4/1.37.1/v0.1.12/0.3.19/0.6.6
2,OY934571.1,B.1.1.7,2021-01-05,complete,Homo sapiens,29886,4.3.4/1.37.1/v0.1.12/0.3.19/0.6.6
2,OD936956.1,B.1.1.7,2021-01-11,complete,Homo sapiens,29827,4.3.4/1.37.1/v0.1.12/0.3.19/0.6.6
2,OX554928.1,B.1.1.7,2021-02-22,complete,Homo sapiens,29884,4.3.4/1.37.1/v0.1.12/0.3.19/0.6.6
2,OY960238.1,B.1.1.7,2020-11-12,complete,Homo sapiens,29884,4.3.4/1.37.1/v0.1.12/0.3.19/0.6.6
2,OD984602.1,B.1.1.7,2021-02-04,complete,Homo sapiens,29884,4.3.4/1.37.1/v0.1.12/0.3.19/0.6.6
2,OY604592.1,B.1.1.7,2021-01-29,complete,Homo sapiens,29884,4.3.4/1.37.1/v0.1.12/0.3.19/0.6.6
2,OD990462.1,B.1.1.7,2021-01-30,complete,Homo sapiens,29884,4.3.4/1.37.1/v0.1.12/0.3.19/0.6.6
2,MZ061500.1,B.1.1.7,2021-04-12,complete,Homo sapiens,29811,4.3.4/1.37.1/v0.1.12/0.3.19/0.6.6
2,OD965662.1,B.1.1.7,2021-01-28,complete,Homo sapiens,29884,4.3.4/1.37.1/v0.1.12/0.3.19/0.6.6
2,OX978714.1,B.1.1.7,2020,complete,Homo sapiens,29883,4.3.4/1.37.1/v0.1.12/0.3.19/0.6.6
2,MZ340734.1,B.1.1.7,2021-05-01,complete,Homo sapiens,29775,4.3.4/1.37.1/v0.1.12/0.3.19/0.6.6
2,MZ270427.1,B.1.1.7,2021-04-30,complete,Homo sapiens,29763,4.3.4/1.37.1/v0.1.12/0.3.19/0.6.6
2,OD975223.1,B.1.1.7,2021-01-27,complete,Homo sapiens,29884,4.3.4/1.37.1/v0.1.12/0.3.19/0.6.6
2,OD996754.1,B.1.1.7,2021-02-13,complete,Homo sapiens,29884,4.3.4/1.37.1/v0.1.12/0.3.19/0.6.6
2,OU422577.1,B.1.1.7,2020-12-22,complete,Homo sapiens,29885,4.3.4/1.37.1/v0.1.12/0.3.19/0.6.6
2,OD916243.1,B.1.1.7,2020-12-18,complete,Homo sapiens,29884,4.3.4/1.37.1/v0.1.12/0.3.19/0.6.6
2,MZ849250.1,B.1.1.7,2021-07-08,complete,Homo sapiens,29727,4.3.4/1.37.1/v0.1.12/0.3.19/0.6.6
2,OK290174.1,B.1.1.7,2021-05-29,complete,Homo sapiens,29777,4.3.4/1.37.1/v0.1.12/0.3.19/0.6.6
2,OD954479.1,B.1.1.7,2021-01-22,complete,Homo sapiens,29884,4.3.4/1.37.1/v0.1.12/0.3.19/0.6.6
2,MZ320851.1,B.1.1.7,2021-05-22,complete,Homo sapiens,29877,4.3.4/1.37.1/v0.1.12/0.3.19/0.6.6
2,MZ390423.1,B.1.1.7,2021-05-21,complete,Homo sapiens,29763,4.3.4/1.37.1/v0.1.12/0.3.19/0.6.6
2,MW931274.1,B.1.1.7,2021-03-29,complete,Homo sapiens,29817,4.3.4/1.37.1/v0.1.12/0.3.19/0.6.6
2,MZ058148.1,B.1.1.7,2021-04-05,complete,Homo sapiens,29853,4.3.4/1.37.1/v0.1.12/0.3.19/0.6.6
2,OK231596.1,B.1.1.7,2021-06-08,complete,Homo sapiens,29548,4.3.4/1.37.1/v0.1.12/0.3.19/0.6.6
2,MZ342726.1,B.1.1.7,2021-04-16,complete,Homo sapiens,29795,4.3.4/1.37.1/v0.1.12/0.3.19/0.6.6
2,MZ007084.1,B.1.1.7,2021-04-01,complete,Homo sapiens,29811,4.3.4/1.37.1/v0.1.12/0.3.19/0.6.6
2,OD953216.1,B.1.1.7,2021-01-23,complete,Homo sapiens,29884,4.3.4/1.37.1/v0.1.12/0.3.19/0.6.6
2,OY870737.1,B.1.1.7,2021-02-11,complete,Homo sapiens,29886,4.3.4/1.37.1/v0.1.12/0.3.19/0.6.6
2,MZ786088.1,B.1.1.7,2021-07-12,complete,Homo sapiens,29665,4.3.4/1.37.1/v0.1.12/0.3.19/0.6.6
2,MZ011085.1,B.1.1.7,2021-04-01,complete,Homo sapiens,29847,4.3.4/1.37.1/v0.1.12/0.3.19/0.6.6
2,OD926622.1,B.1.1.7,2021-01-02,complete,Homo sapiens,29884,4.3.4/1.37.1/v0.1.12/0.3.19/0.6.6
2,OY610173.1,B.1.1.7,2021-01-13,complete,Homo sapiens,29883,4.3.4/1.37.1/v0.1.12/0.3.19/0.6.6
2,OU396296.1,B.1.1.7,2021-01-25,complete,Homo sapiens,29884,4.3.4/1.37.1/v0.1.12/0.3.19/0.6.6
2,OY860018.1,B.1.1.7,2021-01-21,complete,Homo sapiens,29885,4.3.4/1.37.1/v0.1.12/0.3.19/0.6.6
2,OY351736.1,B.1.1.7,2021-02-11,complete,Homo sapiens,29893,4.3.4/1.37.1/v0.1.12/0.3.19/0.6.6
2,OX549338.1,B.1.1.7,2021-01-25,complete,Homo sapiens,29884,4.3.4/1.37.1/v0.1.12/0.3.19/0.6.6
2,MZ084999.1,B.1.1.7,2021-04-09,complete,Homo sapiens,29884,4.3.4/1.37.1/v0.1.12/0.3.19/0.6.6
2,MZ555161.1,B.1.1.7,2021-06-21,complete,Homo sapiens,29695,4.3.4/1.37.1/v0.1.12/0.3.19/0.6.6
2,OD984047.1,B.1.1.7,2021-01-19,complete,Homo sapiens,29884,4.3.4/1.37.1/v0.1.12/0.3.19/0.6.6
2,OX672413.1,B.1.1.7,2021-02-21,complete,Homo sapiens,29884,4.3.4/1.37.1/v0.1.12/0.3.19/0.6.6
2,OD981199.1,B.1.1.7,2021-02-01,complete,Homo sapiens,29884,4.3.4/1.37.1/v0.1.12/0.3.19/0.6.6
2,MZ064836.1,B.1.1.7,2021-04-12,complete,Homo sapiens,29763,4.3.4/1.37.1/v0.1.12/0.3.19/0.6.6
2,OD950347.1,B.1.1.7,2021-01-12,complete,Homo sapiens,29884,4.3.4/1.37.1/v0.1.12/0.3.19/0.6.6
2,OU419398.1,B.1.1.7,2021-05-11,complete,Homo sapiens,29884,4.3.4/1.37.1/v0.1.12/0.3.19/0.6.6
2,OD982964.1,B.1.1.7,2021-02-10,complete,Homo sapiens,29884,4.3.4/1.37.1/v0.1.12/0.3.19/0.6.6
2,MZ217479.1,B.1.1.7,2021-04-25,complete,Homo sapiens,29763,4.3.4/1.37.1/v0.1.12/0.3.19/0.6.6
2,HG998590.1,B.1.1.7,2021-01-05,complete,Homo sapiens,29884,4.3.4/1.37.1/v0.1.12/0.3.19/0.6.6
2,OK586292.1,B.1.1.7,2021-07-13,complete,Homo sapiens,29800,4.3.4/1.37.1/v0.1.12/0.3.19/0.6.6
2,OY363705.1,B.1.1.7,2021-04-29,complete,Homo sapiens,29870,4.3.4/1.37.1/v0.1.12/0.3.19/0.6.6
2,OD990573.1,B.1.1.7,2021-01-30,complete,Homo sapiens,29884,4.3.4/1.37.1/v0.1.12/0.3.19/0.6.6
2,OD921996.1,B.1.1.7,2020-12-28,complete,Homo sapiens,29884,4.3.4/1.37.1/v0.1.12/0.3.19/0.6.6
2,OD968674.1,B.1.1.7,2021-01-30,complete,Homo sapiens,29884,4.3.4/1.37.1/v0.1.12/0.3.19/0.6.6
2,OB995528.1,B.1.1.7,2020-11-02,complete,Homo sapiens,29884,4.3.4/1.37.1/v0.1.12/0.3.19/0.6.6
2,OD944453.1,B.1.1.7,2020-12-31,complete,Homo sapiens,29884,4.3.4/1.37.1/v0.1.12/0.3.19/0.6.6
2,OK147529.1,B.1.1.7,2021-04-30,complete,Homo sapiens,29761,4.3.4/1.37.1/v0.1.12/0.3.19/0.6.6
2,MZ082182.1,B.1.1.7,2021-04-07,complete,Homo sapiens,29796,4.3.4/1.37.1/v0.1.12/0.3.19/0.6.6
2,OD931259.1,B.1.1.7,2021-01-03,complete,Homo sapiens,29884,4.3.4/1.37.1/v0.1.12/0.3.19/0.6.6
2,OX672043.1,B.1.1.7,2021-04-15,complete,Homo sapiens,29884,4.3.4/1.37.1/v0.1.12/0.3.19/0.6.6
2,OX789913.1,B.1.1.7,2020-10-23,complete,Homo sapiens,29886,4.3.4/1.37.1/v0.1.12/0.3.19/0.6.6
2,MZ045370.1,B.1.1.7,2021-04-09,complete,Homo sapiens,29763,4.3.4/1.37.1/v0.1.12/0.3.19/0.6.6
2,OU475381.1,B.1.1.7,2021-05-11,complete,Homo sapiens,29890,4.3.4/1.37.1/v0.1.12/0.3.19/0.6.6
2,OD934881.1,B.1.1.7,2021-01-08,complete,Homo sapiens,29884,4.3.4/1.37.1/v0.1.12/0.3.19/0.6.6
2,MZ390646.1,B.1.1.7,2021-05-18,complete,Homo sapiens,29763,4.3.4/1.37.1/v0.1.12/0.3.19/0.6.6
2,OD944629.1,B.1.1.7,2021-01-01,complete,Homo sapiens,29884,4.3.4/1.37.1/v0.1.12/0.3.19/0.6.6
2,MZ376885.1,B.1.1.7,2021-03-28,complete,Homo sapiens,29781,4.3.4/1.37.1/v0.1.12/0.3.19/0.6.6
2,OY911189.1,B.1.1.7,2021-06-15,complete,Homo sapiens,29886,4.3.4/1.37.1/v0.1.12/0.3.19/0.6.6
2,OY948967.1,B.1.1.7,2021-01-17,complete,Homo sapiens,29884,4.3.4/1.37.1/v0.1.12/0.3.19/0.6.6
2,OX689750.1,B.1.1.7,2021-01-18,complete,Homo sapiens,29883,4.3.4/1.37.1/v0.1.12/0.3.19/0.6.6
2,OD986081.1,B.1.1.7,2021-02-11,complete,Homo sapiens,29884,4.3.4/1.37.1/v0.1.12/0.3.19/0.6.6
2,OD985444.1,B.1.1.7,2021-02-14,complete,Homo sapiens,29884,4.3.4/1.37.1/v0.1.12/0.3.19/0.6.6
2,OX555712.1,B.1.1.7,2021-01-28,complete,Homo sapiens,29884,4.3.4/1.37.1/v0.1.12/0.3.19/0.6.6
2,OU030438.1,B.1.1.7,2021-01-18,complete,Homo sapiens,29884,4.3.4/1.37.1/v0.1.12/0.3.19/0.6.6
2,OU706318.1,B.1.1.7,2021-07-09,complete,Homo sapiens,29890,4.3.4/1.37.1/v0.1.12/0.3.19/0.6.6
2,OX689879.1,B.1.1.7,2020,complete,Homo sapiens,29903,4.3.4/1.37.1/v0.1.12/0.3.19/0.6.6
2,OK192649.1,B.1.1.7,2021-03-23,complete,Homo sapiens,29812,4.3.4/1.37.1/v0.1.12/0.3.19/0.6.6
2,OX877831.1,B.1.1.7,2021-01-30,complete,Homo sapiens,29892,4.3.4/1.37.1/v0.1.12/0.3.19/0.6.6
2,OD951470.1,B.1.1.7,2021-01-22,complete,Homo sapiens,29884,4.3.4/1.37.1/v0.1.12/0.3.19/0.6.6
2,OD977392.1,B.1.1.7,2021-01-21,complete,Homo sapiens,29884,4.3.4/1.37.1/v0.1.12/0.3.19/0.6.6
2,OD989773.1,B.1.1.7,2021-02-08,complete,Homo sapiens,29884,4.3.4/1.37.1/v0.1.12/0.3.19/0.6.6
2,OD927138.1,B.1.1.7,2020-12-29,complete,Homo sapiens,29884,4.3.4/1.37.1/v0.1.12/0.3.19/0.6.6
2,OD929446.1,B.1.1.7,2021-01-07,complete,Homo sapiens,29884,4.3.4/1.37.1/v0.1.12/0.3.19/0.6.6
2,OD985673.1,B.1.1.7,2021-02-12,complete,Homo sapiens,29884,4.3.4/1.37.1/v0.1.12/0.3.19/0.6.6
2,OY365078.1,B.1.1.7,2021-02-03,complete,Homo sapiens,29884,4.3.4/1.37.1/v0.1.12/0.3.19/0.6.6
2,OX647794.1,B.1.1.7,2021-01-20,complete,Homo sapiens,29885,4.3.4/1.37.1/v0.1.12/0.3.19/0.6.6
2,OD926705.1,B.1.1.7,2021-01-02,complete,Homo sapiens,29884,4.3.4/1.37.1/v0.1.12/0.3.19/0.6.6
2,OY371135.1,B.1.1.7,2021-04-19,complete,Homo sapiens,29884,4.3.4/1.37.1/v0.1.12/0.3.19/0.6.6
2,MW874884.1,B.1.1.7,2021-03-14,complete,Homo sapiens,29763,4.3.4/1.37.1/v0.1.12/0.3.19/0.6.6
2,OU798035.1,B.1.1.7,2021-02-08,complete,Homo sapiens,29884,4.3.4/1.37.1/v0.1.12/0.3.19/0.6.6
2,MZ013491.1,B.1.1.7,2021-04-01,complete,Homo sapiens,29877,4.3.4/1.37.1/v0.1.12/0.3.19/0.6.6
2,OD929063.1,B.1.1.7,2021-01-02,complete,Homo sapiens,29827,4.3.4/1.37.1/v0.1.12/0.3.19/0.6.6
2,OD933386.1,B.1.1.7,2021-01-10,complete,Homo sapiens,29884,4.3.4/1.37.1/v0.1.12/0.3.19/0.6.6
2,OL601568.1,B.1.1.7,2021-01-11,complete,Homo sapiens,29762,4.3.4/1.37.1/v0.1.12/0.3.19/0.6.6
2,OY373290.1,B.1.1.7,2021-01-29,complete,Homo sapiens,29884,4.3.4/1.37.1/v0.1.12/0.3.19/0.6.6
2,MZ035128.1,B.1.1.7,2021-04-05,complete,Homo sapiens,29808,4.3.4/1.37.1/v0.1.12/0.3.19/0.6.6
2,OD924252.1,B.1.1.7,2020-12-23,complete,Homo sapiens,29884,4.3.4/1.37.1/v0.1.12/0.3.19/0.6.6
2,OD953913.1,B.1.1.7,2020-12-01,complete,Homo sapiens,29884,4.3.4/1.37.1/v0.1.12/0.3.19/0.6.6
2,OX475025.1,B.1.1.7,2021-01-14,complete,Homo sapiens,29884,4.3.4/1.37.1/v0.1.12/0.3.19/0.6.6
2,MZ083553.1,B.1.1.7,2021-04-01,complete,Homo sapiens,29882,4.3.4/1.37.1/v0.1.12/0.3.19/0.6.6
2,OD994405.1,B.1.1.7,2021-02-15,complete,Homo sapiens,29884,4.3.4/1.37.1/v0.1.12/0.3.19/0.6.6
2,OD944610.1,B.1.1.7,2021-01-01,complete,Homo sapiens,29884,4.3.4/1.37.1/v0.1.12/0.3.19/0.6.6
2,OX580130.1,B.1.1.7,2021-03-30,complete,Homo sapiens,29857,4.3.4/1.37.1/v0.1.12/0.3.19/0.6.6
2,MZ039256.1,B.1.1.7,2021-04-06,complete,Homo sapiens,29695,4.3.4/1.37.1/v0.1.12/0.3.19/0.6.6
2,OY885682.1,B.1.1.7,2021-02-06,complete,Homo sapiens,29884,4.3.4/1.37.1/v0.1.12/0.3.19/0.6.6
2,OD982862.1,B.1.1.7,2021-02-09,complete,Homo sapiens,29884,4.3.4/1.37.1/v0.1.12/0.3.19/0.6.6
2,MZ500508.1,B.1.1.7,2021-04-13,complete,Homo sapiens,29867,4.3.4/1.37.1/v0.1.12/0.3.19/0.6.6
2,OD926944.1,B.1.1.7,2020-12-29,complete,Homo sapiens,29884,4.3.4/1.37.1/v0.1.12/0.3.19/0.6.6
2,OX585149.1,B.1.1.7,2021-02-15,complete,Homo sapiens,29885,4.3.4/1.37.1/v0.1.12/0.3.19/0.6.6
2,MZ324942.1,B.1.1.7,2021-05-16,complete,Homo sapiens,29801,4.3.4/1.37.1/v0.1.12/0.3.19/0.6.6
2,OX554761.1,B.1.1.7,2021-02-08,complete,Homo sapiens,29884,4.3.4/1.37.1/v0.1.12/0.3.19/0.6.6
2,MW807943.1,B.1.1.7,2021-02-18,complete,Homo sapiens,29873,4.3.4/1.37.1/v0.1.12/0.3.19/0.6.6
2,MZ075607.1,B.1.1.7,2021-04-04,complete,Homo sapiens,29876,4.3.4/1.37.1/v0.1.12/0.3.19/0.6.6
2,MZ163578.1,B.1.1.7,2021-04-22,complete,Homo sapiens,29811,4.3.4/1.37.1/v0.1.12/0.3.19/0.6.6
2,OZ289980.1,B.1.1.7,2021-03-02,complete,Homo sapiens,29884,4.3.4/1.37.1/v0.1.12/0.3.19/0.6.6
2,OD991085.1,B.1.1.7,2021-02-12,complete,Homo sapiens,29827,4.3.4/1.37.1/v0.1.12/0.3.19/0.6.6
2,MZ212781.1,B.1.1.7,2021-04-11,complete,Homo sapiens,29862,4.3.4/1.37.1/v0.1.12/0.3.19/0.6.6
2,OD972769.1,B.1.1.7,2021-01-29,complete,Homo sapiens,29884,4.3.4/1.37.1/v0.1.12/0.3.19/0.6.6
2,MZ192488.1,B.1.1.7,2021-04-22,complete,Homo sapiens,29850,4.3.4/1.37.1/v0.1.12/0.3.19/0.6.6
2,OU803741.1,B.1.1.7,2021-02-23,complete,Homo sapiens,29884,4.3.4/1.37.1/v0.1.12/0.3.19/0.6.6
2,OL369299.1,B.1.1.7,2021-04-26,complete,Homo sapiens,29882,4.3.4/1.37.1/v0.1.12/0.3.19/0.6.6
2,OD924580.1,B.1.1.7,2020-12-24,complete,Homo sapiens,29884,4.3.4/1.37.1/v0.1.12/0.3.19/0.6.6
2,MZ341997.1,B.1.1.7,2021-05-18,complete,Homo sapiens,29761,4.3.4/1.37.1/v0.1.12/0.3.19/0.6.6
2,OY606087.1,B.1.1.7,2021-01-19,complete,Homo sapiens,29884,4.3.4/1.37.1/v0.1.12/0.3.19/0.6.6
2,OX535266.1,B.1.1.7,2021-04-18,complete,Homo sapiens,29884,4.3.4/1.37.1/v0.1.12/0.3.19/0.6.6
2,MZ566284.1,B.1.1.7,2021-06-14,complete,Homo sapiens,29813,4.3.4/1.37.1/v0.1.12/0.3.19/0.6.6
2,OX869996.1,B.1.1.7,2020,complete,Homo sapiens,29903,4.3.4/1.37.1/v0.1.12/0.3.19/0.6.6
2,OY864335.1,B.1.1.7,2021-01-11,complete,Homo sapiens,29884,4.3.4/1.37.1/v0.1.12/0.3.19/0.6.6
2,OU476122.1,B.1.1.7,2021-06-04,complete,Homo sapiens,29890,4.3.4/1.37.1/v0.1.12/0.3.19/0.6.6
2,OX475195.1,B.1.1.7,2021-02-08,complete,Homo sapiens,29884,4.3.4/1.37.1/v0.1.12/0.3.19/0.6.6
2,OX867785.1,B.1.1.7,2020,complete,Homo sapiens,29903,4.3.4/1.37.1/v0.1.12/0.3.19/0.6.6
2,OD940642.1,B.1.1.7,2021-01-15,complete,Homo sapiens,29884,4.3.4/1.37.1/v0.1.12/0.3.19/0.6.6
2,OD970329.1,B.1.1.7,2021-01-30,complete,Homo sapiens,29884,4.3.4/1.37.1/v0.1.12/0.3.19/0.6.6
2,MZ360309.1,B.1.1.7,2021-05-13,complete,Homo sapiens,29781,4.3.4/1.37.1/v0.1.12/0.3.19/0.6.6
2,OY616917.1,B.1.1.7,2021-02-09,complete,Homo sapiens,29884,4.3.4/1.37.1/v0.1.12/0.3.19/0.6.6
2,MW642020.1,B.1.1.7,2021-02-03,complete,Homo sapiens,29884,4.3.4/1.37.1/v0.1.12/0.3.19/0.6.6
2,OY865462.1,B.1.1.7,2021-06-04,complete,Homo sapiens,29884,4.3.4/1.37.1/v0.1.12/0.3.19/0.6.6
2,MZ318857.1,B.1.1.7,2021-05-10,complete,Homo sapiens,29763,4.3.4/1.37.1/v0.1.12/0.3.19/0.6.6
2,MW807897.1,B.1.1.7,2021-02-16,complete,Homo sapiens,29854,4.3.4/1.37.1/v0.1.12/0.3.19/0.6.6
2,OX544003.1,B.1.1.7,2021-03-18,complete,Homo sapiens,29885,4.3.4/1.37.1/v0.1.12/0.3.19/0.6.6
2,MZ316053.1,B.1.1.7,2021-05-08,complete,Homo sapiens,29805,4.3.4/1.37.1/v0.1.12/0.3.19/0.6.6
2,MZ401719.1,B.1.1.7,2021-05-18,complete,Homo sapiens,29800,4.3.4/1.37.1/v0.1.12/0.3.19/0.6.6
2,MZ185515.1,B.1.1.7,2021-04-25,complete,Homo sapiens,29875,4.3.4/1.37.1/v0.1.12/0.3.19/0.6.6
2,OU050937.1,B.1.1.7,2021-02-12,complete,Homo sapiens,29884,4.3.4/1.37.1/v0.1.12/0.3.19/0.6.6
2,MZ432389.1,B.1.1.7,2021-05-25,complete,Homo sapiens,29781,4.3.4/1.37.1/v0.1.12/0.3.19/0.6.6
2,MZ074198.1,B.1.1.7,2021-04-13,complete,Homo sapiens,29763,4.3.4/1.37.1/v0.1.12/0.3.19/0.6.6
2,OU417708.1,B.1.1.7,2021-01-28,complete,Homo sapiens,29885,4.3.4/1.37.1/v0.1.12/0.3.19/0.6.6
2,MW808020.1,B.1.1.7,2021-02-19,complete,Homo sapiens,29878,4.3.4/1.37.1/v0.1.12/0.3.19/0.6.6
2,OK511764.1,B.1.1.7,2021-06-12,complete,Homo sapiens,29761,4.3.4/1.37.1/v0.1.12/0.3.19/0.6.6
2,MZ237122.1,B.1.1.7,2021-04-29,complete,Homo sapiens,29817,4.3.4/1.37.1/v0.1.12/0.3.19/0.6.6
2,OD960526.1,B.1.1.7,2021-01-28,complete,Homo sapiens,29884,4.3.4/1.37.1/v0.1.12/0.3.19/0.6.6
2,OD974677.1,B.1.1.7,2021-02-01,complete,Homo sapiens,29884,4.3.4/1.37.1/v0.1.12/0.3.19/0.6.6
2,MZ073596.1,B.1.1.7,2021-04-08,complete,Homo sapiens,29763,4.3.4/1.37.1/v0.1.12/0.3.19/0.6.6
2,MZ261367.1,B.1.1.7,2021-04-29,complete,Homo sapiens,29797,4.3.4/1.37.1/v0.1.12/0.3.19/0.6.6
2,OD918498.1,B.1.1.7,2020-12-18,complete,Homo sapiens,29884,4.3.4/1.37.1/v0.1.12/0.3.19/0.6.6
2,MZ181981.1,B.1.1.7,2021-05-02,complete,Homo sapiens,29695,4.3.4/1.37.1/v0.1.12/0.3.19/0.6.6
2,OX670624.1,B.1.1.7,2021-01-29,complete,Homo sapiens,29877,4.3.4/1.37.1/v0.1.12/0.3.19/0.6.6
2,MZ455839.1,B.1.1.7,2021-04-21,complete,Homo sapiens,29763,4.3.4/1.37.1/v0.1.12/0.3.19/0.6.6
2,OD927486.1,B.1.1.7,2020-12-31,complete,Homo sapiens,29884,4.3.4/1.37.1/v0.1.12/0.3.19/0.6.6
2,OK511350.1,B.1.1.7,2021-06-02,complete,Homo sapiens,29727,4.3.4/1.37.1/v0.1.12/0.3.19/0.6.6
2,MW773832.1,B.1.1.7,2021-02-10,complete,Homo sapiens,29695,4.3.4/1.37.1/v0.1.12/0.3.19/0.6.6
2,MZ531483.1,B.1.1.7,2021-06-19,complete,Homo sapiens,29761,4.3.4/1.37.1/v0.1.12/0.3.19/0.6.6
2,OX443865.1,B.1.1.7,2021-05-05,complete,Homo sapiens,29884,4.3.4/1.37.1/v0.1.12/0.3.19/0.6.6
2,OX655503.1,B.1.1.7,2021-02-09,complete,Homo sapiens,29884,4.3.4/1.37.1/v0.1.12/0.3.19/0.6.6
2,MZ462762.1,B.1.1.7,2021-04-16,complete,Homo sapiens,29799,4.3.4/1.37.1/v0.1.12/0.3.19/0.6.6
2,MW990735.1,B.1.1.7,2021-03-30,complete,Homo sapiens,29891,4.3.4/1.37.1/v0.1.12/0.3.19/0.6.6
2,MZ000165.1,B.1.1.7,2021-03-26,complete,Homo sapiens,29695,4.3.4/1.37.1/v0.1.12/0.3.19/0.6.6
2,OK192366.1,B.1.1.7,2021-03-21,complete,Homo sapiens,29812,4.3.4/1.37.1/v0.1.12/0.3.19/0.6.6
2,MZ363176.1,B.1.1.7,2021-05-27,complete,Homo sapiens,29763,4.3.4/1.37.1/v0.1.12/0.3.19/0.6.6
2,OD921968.1,B.1.1.7,2020-12-28,complete,Homo sapiens,29884,4.3.4/1.37.1/v0.1.12/0.3.19/0.6.6
2,OD942185.1,B.1.1.7,2021-01-14,complete,Homo sapiens,29884,4.3.4/1.37.1/v0.1.12/0.3.19/0.6.6
2,MZ000070.1,B.1.1.7,2021-03-24,complete,Homo sapiens,29695,4.3.4/1.37.1/v0.1.12/0.3.19/0.6.6
2,OY598401.1,B.1.1.7,2020,complete,Homo sapiens,29884,4.3.4/1.37.1/v0.1.12/0.3.19/0.6.6
2,OD985495.1,B.1.1.7,2021-02-14,complete,Homo sapiens,29884,4.3.4/1.37.1/v0.1.12/0.3.19/0.6.6
2,OD926959.1,B.1.1.7,2020-12-30,complete,Homo sapiens,29884,4.3.4/1.37.1/v0.1.12/0.3.19/0.6.6
2,OD928844.1,B.1.1.7,2020-12-31,complete,Homo sapiens,29884,4.3.4/1.37.1/v0.1.12/0.3.19/0.6.6
2,OX647839.1,B.1.1.7,2021-02-01,complete,Homo sapiens,29884,4.3.4/1.37.1/v0.1.12/0.3.19/0.6.6
2,MZ165762.1,B.1.1.7,2021-03,complete,Homo sapiens,29796,4.3.4/1.37.1/v0.1.12/0.3.19/0.6.6
2,OD915416.1,B.1.1.7,2020-12-16,complete,Homo sapiens,29883,4.3.4/1.37.1/v0.1.12/0.3.19/0.6.6
2,MZ195832.1,B.1.1.7,2021-04-24,complete,Homo sapiens,29877,4.3.4/1.37.1/v0.1.12/0.3.19/0.6.6
2,OX880808.1,B.1.1.7,2020,complete,Homo sapiens,29883,4.3.4/1.37.1/v0.1.12/0.3.19/0.6.6
2,OU419504.1,B.1.1.7,2021-05-19,complete,Homo sapiens,29885,4.3.4/1.37.1/v0.1.12/0.3.19/0.6.6
2,MZ164226.1,B.1.1.7,2021-04-22,complete,Homo sapiens,29812,4.3.4/1.37.1/v0.1.12/0.3.19/0.6.6
2,OY617946.1,B.1.1.7,2021-02-02,complete,Homo sapiens,29884,4.3.4/1.37.1/v0.1.12/0.3.19/0.6.6
2,OY866735.1,B.1.1.7,2021-02-22,complete,Homo sapiens,29886,4.3.4/1.37.1/v0.1.12/0.3.19/0.6.6
2,OD966065.1,B.1.1.7,2021-01-28,complete,Homo sapiens,29884,4.3.4/1.37.1/v0.1.12/0.3.19/0.6.6
2,MZ363338.1,B.1.1.7,2021-05-29,complete,Homo sapiens,29763,4.3.4/1.37.1/v0.1.12/0.3.19/0.6.6
2,MZ210291.1,B.1.1.7,2021-04-09,complete,Homo sapiens,29828,4.3.4/1.37.1/v0.1.12/0.3.19/0.6.6
2,OD937295.1,B.1.1.7,2021-01-10,complete,Homo sapiens,29886,4.3.4/1.37.1/v0.1.12/0.3.19/0.6.6
2,OY363356.1,B.1.1.7,2021-03-16,complete,Homo sapiens,29875,4.3.4/1.37.1/v0.1.12/0.3.19/0.6.6
2,OX586092.1,B.1.1.7,2021-03-23,complete,Homo sapiens,29884,4.3.4/1.37.1/v0.1.12/0.3.19/0.6.6
2,MZ600005.1,B.1.1.7,2021-05-11,complete,Homo sapiens,29797,4.3.4/1.37.1/v0.1.12/0.3.19/0.6.6
2,MZ035226.1,B.1.1.7,2021-04-05,complete,Homo sapiens,29810,4.3.4/1.37.1/v0.1.12/0.3.19/0.6.6
2,OY374155.1,B.1.1.7,2021-02-16,complete,Homo sapiens,29883,4.3.4/1.37.1/v0.1.12/0.3.19/0.6.6
2,OX666546.1,B.1.1.7,2021-04-01,complete,Homo sapiens,29884,4.3.4/1.37.1/v0.1.12/0.3.19/0.6.6
2,OX727300.1,B.1.1.7,2020-12-29,complete,Homo sapiens,29891,4.3.4/1.37.1/v0.1.12/0.3.19/0.6.6
2,OK018554.1,B.1.1.7,2021-07-12,complete,Homo sapiens,29763,4.3.4/1.37.1/v0.1.12/0.3.19/0.6.6
2,MZ497721.1,B.1.1.7,2021-04-26,complete,Homo sapiens,29829,4.3.4/1.37.1/v0.1.12/0.3.19/0.6.6
2,OY605437.1,B.1.1.7,2020,complete,Homo sapiens,29884,4.3.4/1.37.1/v0.1.12/0.3.19/0.6.6
2,MZ450199.1,B.1.1.7,2021-06-07,complete,Homo sapiens,29817,4.3.4/1.37.1/v0.1.12/0.3.19/0.6.6
2,MZ294753.1,B.1.1.7,2021-05-17,complete,Homo sapiens,29882,4.3.4/1.37.1/v0.1.12/0.3.19/0.6.6
2,MZ184885.1,B.1.1.7,2021-04-29,complete,Homo sapiens,29883,4.3.4/1.37.1/v0.1.12/0.3.19/0.6.6
2,OY865802.1,B.1.1.7,2021-01-20,complete,Homo sapiens,29884,4.3.4/1.37.1/v0.1.12/0.3.19/0.6.6
2,MW844866.1,B.1.1.7,2021-03-04,complete,Homo sapiens,29695,4.3.4/1.37.1/v0.1.12/0.3.19/0.6.6
2,OX559483.1,B.1.1.7,2021-02-22,complete,Homo sapiens,29828,4.3.4/1.37.1/v0.1.12/0.3.19/0.6.6
2,MW906193.1,B.1.1.7,2021-03-15,complete,Homo sapiens,29763,4.3.4/1.37.1/v0.1.12/0.3.19/0.6.6
2,MZ306555.1,B.1.1.7,2021-05-12,complete,Homo sapiens,29695,4.3.4/1.37.1/v0.1.12/0.3.19/0.6.6
2,OU395220.1,B.1.1.7,2021-04-28,complete,Homo sapiens,29869,4.3.4/1.37.1/v0.1.12/0.3.19/0.6.6
2,MZ252144.1,B.1.1.7,2021-05-04,complete,Homo sapiens,29695,4.3.4/1.37.1/v0.1.12/0.3.19/0.6.6
2,OD944832.1,B.1.1.7,2021-01-17,complete,Homo sapiens,29884,4.3.4/1.37.1/v0.1.12/0.3.19/0.6.6
2,MZ089655.1,B.1.1.7,2021-04-06,complete,Homo sapiens,29766,4.3.4/1.37.1/v0.1.12/0.3.19/0.6.6
2,OD941954.1,B.1.1.7,2021-01-15,complete,Homo sapiens,29884,4.3.4/1.37.1/v0.1.12/0.3.19/0.6.6
2,MZ006054.1,B.1.1.7,2021-04-03,complete,Homo sapiens,29763,4.3.4/1.37.1/v0.1.12/0.3.19/0.6.6
2,OX622920.1,B.1.1.7,2021-08-24,complete,Homo sapiens,29903,4.3.4/1.37.1/v0.1.12/0.3.19/0.6.6
2,OY620882.1,B.1.1.7,2021-02-07,complete,Homo sapiens,29884,4.3.4/1.37.1/v0.1.12/0.3.19/0.6.6
2,MZ058458.1,B.1.1.7,2021-04-06,complete,Homo sapiens,29850,4.3.4/1.37.1/v0.1.12/0.3.19/0.6.6
2,OU011963.1,B.1.1.7,2021-02-15,complete,Homo sapiens,29884,4.3.4/1.37.1/v0.1.12/0.3.19/0.6.6
2,OD929614.1,B.1.1.7,2021-01-04,complete,Homo sapiens,29884,4.3.4/1.37.1/v0.1.12/0.3.19/0.6.6
2,OY369941.2,B.1.1.7,2021-03-11,complete,Homo sapiens,29884,4.3.4/1.37.1/v0.1.12/0.3.19/0.6.6
2,MZ070675.1,B.1.1.7,2021-04-07,complete,Homo sapiens,29695,4.3.4/1.37.1/v0.1.12/0.3.19/0.6.6
2,MW912451.1,B.1.1.7,2021-03-22,complete,Homo sapiens,29811,4.3.4/1.37.1/v0.1.12/0.3.19/0.6.6
2,MZ724387.1,B.1.1.7,2021-04-13,complete,Homo sapiens,29795,4.3.4/1.37.1/v0.1.12/0.3.19/0.6.6
2,OK511030.1,B.1.1.7,2021-06-07,complete,Homo sapiens,29760,4.3.4/1.37.1/v0.1.12/0.3.19/0.6.6
2,OU392003.1,B.1.1.7,2021-03-09,complete,Homo sapiens,29887,4.3.4/1.37.1/v0.1.12/0.3.19/0.6.6
2,MZ261419.1,B.1.1.7,2021-04-27,complete,Homo sapiens,29798,4.3.4/1.37.1/v0.1.12/0.3.19/0.6.6
2,OD964619.1,B.1.1.7,2021-01-30,complete,Homo sapiens,29884,4.3.4/1.37.1/v0.1.12/0.3.19/0.6.6
2,MZ193339.1,B.1.1.7,2021-04-23,complete,Homo sapiens,29817,4.3.4/1.37.1/v0.1.12/0.3.19/0.6.6
2,OD973042.1,B.1.1.7,2021-02-04,complete,Homo sapiens,29884,4.3.4/1.37.1/v0.1.12/0.3.19/0.6.6
2,OY872478.1,B.1.1.7,2020,complete,Homo sapiens,29884,4.3.4/1.37.1/v0.1.12/0.3.19/0.6.6
2,MZ554339.1,B.1.1.7,2021-06-17,complete,Homo sapiens,29760,4.3.4/1.37.1/v0.1.12/0.3.19/0.6.6
2,OX485379.1,B.1.1.7,2021-03-14,complete,Homo sapiens,29884,4.3.4/1.37.1/v0.1.12/0.3.19/0.6.6
2,MZ779842.1,B.1.1.7,2021-02-26,complete,Homo sapiens,29848,4.3.4/1.37.1/v0.1.12/0.3.19/0.6.6
2,OY895518.1,B.1.1.7,2021-01-31,complete,Homo sapiens,29884,4.3.4/1.37.1/v0.1.12/0.3.19/0.6.6
2,MZ255654.1,B.1.1.7,2021-03-22,complete,Homo sapiens,29879,4.3.4/1.37.1/v0.1.12/0.3.19/0.6.6
2,OY366099.1,B.1.1.7,2021-04-20,complete,Homo sapiens,29884,4.3.4/1.37.1/v0.1.12/0.3.19/0.6.6
2,MZ360249.1,B.1.1.7,2021-05-15,complete,Homo sapiens,29781,4.3.4/1.37.1/v0.1.12/0.3.19/0.6.6
2,MW963932.1,B.1.1.7,2021-03-07,complete,Homo sapiens,29882,4.3.4/1.37.1/v0.1.12/0.3.19/0.6.6
2,OU799941.1,B.1.1.7,2020,complete,Homo sapiens,29884,4.3.4/1.37.1/v0.1.12/0.3.19/0.6.6
2,OX538866.1,B.1.1.7,2021-01-04,complete,Homo sapiens,29828,4.3.4/1.37.1/v0.1.12/0.3.19/0.6.6
2,MZ084055.1,B.1.1.7,2021-04-07,complete,Homo sapiens,29882,4.3.4/1.37.1/v0.1.12/0.3.19/0.6.6
2,MW969491.1,B.1.1.7,2021-03-25,complete,Homo sapiens,29874,4.3.4/1.37.1/v0.1.12/0.3.19/0.6.6
2,MZ022716.1,B.1.1.7,2021-04-01,complete,Homo sapiens,29882,4.3.4/1.37.1/v0.1.12/0.3.19/0.6.6
2,MZ500310.1,B.1.1.7,2021-03-31,complete,Homo sapiens,29798,4.3.4/1.37.1/v0.1.12/0.3.19/0.6.6
2,MZ714290.1,B.1.1.7,2021-03-16,complete,Homo sapiens,29763,4.3.4/1.37.1/v0.1.12/0.3.19/0.6.6
2,OD922185.1,B.1.1.7,2020-12-28,complete,Homo sapiens,29884,4.3.4/1.37.1/v0.1.12/0.3.19/0.6.6
2,OY953531.1,B.1.1.7,2020-12-18,complete,Homo sapiens,29884,4.3.4/1.37.1/v0.1.12/0.3.19/0.6.6
2,OY919980.1,B.1.1.7,2021-05-19,complete,Homo sapiens,29885,4.3.4/1.37.1/v0.1.12/0.3.19/0.6.6
2,OD929077.1,B.1.1.7,2021-01-08,complete,Homo sapiens,29884,4.3.4/1.37.1/v0.1.12/0.3.19/0.6.6
2,OU804107.1,B.1.1.7,2021-01-05,complete,Homo sapiens,29884,4.3.4/1.37.1/v0.1.12/0.3.19/0.6.6
2,OY885375.1,B.1.1.7,2021-01-16,complete,Homo sapiens,29884,4.3.4/1.37.1/v0.1.12/0.3.19/0.6.6
2,OY601558.1,B.1.1.7,2020-12-24,complete,Homo sapiens,29885,4.3.4/1.37.1/v0.1.12/0.3.19/0.6.6
2,OY300525.1,B.1.1.7,2020,complete,Homo sapiens,29903,4.3.4/1.37.1/v0.1.12/0.3.19/0.6.6
2,MZ353884.1,B.1.1.7,2021-05-20,complete,Homo sapiens,29763,4.3.4/1.37.1/v0.1.12/0.3.19/0.6.6
2,OX651353.1,B.1.1.7,2021-01-16,complete,Homo sapiens,29886,4.3.4/1.37.1/v0.1.12/0.3.19/0.6.6
2,MZ238825.1,B.1.1.7,2021-05-04,complete,Homo sapiens,29841,4.3.4/1.37.1/v0.1.12/0.3.19/0.6.6
2,OY942392.1,B.1.1.7,2021-01-11,complete,Homo sapiens,29884,4.3.4/1.37.1/v0.1.12/0.3.19/0.6.6
2,MZ100382.1,B.1.1.7,2021-04-13,complete,Homo sapiens,29817,4.3.4/1.37.1/v0.1.12/0.3.19/0.6.6
2,MW935670.1,B.1.1.7,2021-03-08,complete,Homo sapiens,29863,4.3.4/1.37.1/v0.1.12/0.3.19/0.6.6
2,OD943796.1,B.1.1.7,2021-01-09,complete,Homo sapiens,29884,4.3.4/1.37.1/v0.1.12/0.3.19/0.6.6
2,OY614856.1,B.1.1.7,2020-12-04,complete,Homo sapiens,29846,4.3.4/1.37.1/v0.1.12/0.3.19/0.6.6
2,MZ390576.1,B.1.1.7,2021-05-18,complete,Homo sapiens,29763,4.3.4/1.37.1/v0.1.12/0.3.19/0.6.6
2,MZ239724.1,B.1.1.7,2021-04-13,complete,Homo sapiens,29806,4.3.4/1.37.1/v0.1.12/0.3.19/0.6.6
2,MW791715.1,B.1.1.7,2021-02-04,complete,Homo sapiens,29719,4.3.4/1.37.1/v0.1.12/0.3.19/0.6.6
2,MZ747287.1,B.1.1.7,2021-05-14,complete,Homo sapiens,29847,4.3.4/1.37.1/v0.1.12/0.3.19/0.6.6
2,OX621180.1,B.1.1.7,2021-06-23,complete,Homo sapiens,29883,4.3.4/1.37.1/v0.1.12/0.3.19/0.6.6
2,OX649584.1,B.1.1.7,2021-02-17,complete,Homo sapiens,29885,4.3.4/1.37.1/v0.1.12/0.3.19/0.6.6
2,OX509827.1,B.1.1.7,2021-03-29,complete,Homo sapiens,29884,4.3.4/1.37.1/v0.1.12/0.3.19/0.6.6
2,OY858150.1,B.1.1.7,2021-01-06,complete,Homo sapiens,29884,4.3.4/1.37.1/v0.1.12/0.3.19/0.6.6
2,OD944480.1,B.1.1.7,2020-12-02,complete,Homo sapiens,29884,4.3.4/1.37.1/v0.1.12/0.3.19/0.6.6
2,OU471737.1,B.1.1.7,2021-03-03,complete,Homo sapiens,29886,4.3.4/1.37.1/v0.1.12/0.3.19/0.6.6
2,OY606881.1,B.1.1.7,2020-11-15,complete,Homo sapiens,29885,4.3.4/1.37.1/v0.1.12/0.3.19/0.6.6
2,OY341031.1,B.1.1.7,2021-02-14,complete,Homo sapiens,29884,4.3.4/1.37.1/v0.1.12/0.3.19/0.6.6
2,OY605221.1,B.1.1.7,2020,complete,Homo sapiens,29884,4.3.4/1.37.1/v0.1.12/0.3.19/0.6.6
2,OD945566.1,B.1.1.7,2021-01-18,complete,Homo sapiens,29884,4.3.4/1.37.1/v0.1.12/0.3.19/0.6.6
2,OU808885.1,B.1.1.7,2021-02-20,complete,Homo sapiens,29875,4.3.4/1.37.1/v0.1.12/0.3.19/0.6.6
2,MZ188946.1,B.1.1.7,2021-04-20,complete,Homo sapiens,29801,4.3.4/1.37.1/v0.1.12/0.3.19/0.6.6
2,OD962348.1,B.1.1.7,2021-01-23,complete,Homo sapiens,29864,4.3.4/1.37.1/v0.1.12/0.3.19/0.6.6
2,OY613054.1,B.1.1.7,2021-01-01,complete,Homo sapiens,29884,4.3.4/1.37.1/v0.1.12/0.3.19/0.6.6
2,OD927630.1,B.1.1.7,2021-01-02,complete,Homo sapiens,29884,4.3.4/1.37.1/v0.1.12/0.3.19/0.6.6
2,OX547562.1,B.1.1.7,2021-03-14,complete,Homo sapiens,29828,4.3.4/1.37.1/v0.1.12/0.3.19/0.6.6
2,MW988895.1,B.1.1.7,2021-04-03,complete,Homo sapiens,29763,4.3.4/1.37.1/v0.1.12/0.3.19/0.6.6
2,OD927393.1,B.1.1.7,2021-01-02,complete,Homo sapiens,29884,4.3.4/1.37.1/v0.1.12/0.3.19/0.6.6
2,OY894858.1,B.1.1.7,2020,complete,Homo sapiens,29886,4.3.4/1.37.1/v0.1.12/0.3.19/0.6.6
2,OX606907.1,B.1.1.7,2021-01-27,complete,Homo sapiens,29884,4.3.4/1.37.1/v0.1.12/0.3.19/0.6.6
2,OD979937.1,B.1.1.7,2021-02-08,complete,Homo sapiens,29884,4.3.4/1.37.1/v0.1.12/0.3.19/0.6.6
2,OU418712.1,B.1.1.7,2021-05-20,complete,Homo sapiens,29884,4.3.4/1.37.1/v0.1.12/0.3.19/0.6.6
2,MZ294581.1,B.1.1.7,2021-05-14,complete,Homo sapiens,29879,4.3.4/1.37.1/v0.1.12/0.3.19/0.6.6
2,OU012757.1,B.1.1.7,2021-02-15,complete,Homo sapiens,29884,4.3.4/1.37.1/v0.1.12/0.3.19/0.6.6
2,OX675925.1,B.1.1.7,2021-01-16,complete,Homo sapiens,29884,4.3.4/1.37.1/v0.1.12/0.3.19/0.6.6
2,MZ185261.1,B.1.1.7,2021-04-18,complete,Homo sapiens,29861,4.3.4/1.37.1/v0.1.12/0.3.19/0.6.6
2,OY938727.1,B.1.1.7,2020-12-22,complete,Homo sapiens,29884,4.3.4/1.37.1/v0.1.12/0.3.19/0.6.6
2,OX671648.1,B.1.1.7,2021-01-27,complete,Homo sapiens,29884,4.3.4/1.37.1/v0.1.12/0.3.19/0.6.6
2,OY616933.1,B.1.1.7,2021-02-25,complete,Homo sapiens,29884,4.3.4/1.37.1/v0.1.12/0.3.19/0.6.6
2,MZ398837.1,B.1.1.7,2021-04-14,complete,Homo sapiens,29801,4.3.4/1.37.1/v0.1.12/0.3.19/0.6.6
2,OY610433.1,B.1.1.7,2021-02-02,complete,Homo sapiens,29884,4.3.4/1.37.1/v0.1.12/0.3.19/0.6.6
2,MZ187254.1,B.1.1.7,2021-04-16,complete,Homo sapiens,29878,4.3.4/1.37.1/v0.1.12/0.3.19/0.6.6
2,OX550689.1,B.1.1.7,2021-02-07,complete,Homo sapiens,29884,4.3.4/1.37.1/v0.1.12/0.3.19/0.6.6
2,OD991497.1,B.1.1.7,2021-02-09,complete,Homo sapiens,29884,4.3.4/1.37.1/v0.1.12/0.3.19/0.6.6
2,OX592188.1,B.1.1.7,2021-01-20,complete,Homo sapiens,29886,4.3.4/1.37.1/v0.1.12/0.3.19/0.6.6
2,OX593123.1,B.1.1.7,2021-03-12,complete,Homo sapiens,29893,4.3.4/1.37.1/v0.1.12/0.3.19/0.6.6
2,OY596829.1,B.1.1.7,2020-12-30,complete,Homo sapiens,29885,4.3.4/1.37.1/v0.1.12/0.3.19/0.6.6
2,OD996331.1,B.1.1.7,2021-02-13,complete,Homo sapiens,29875,4.3.4/1.37.1/v0.1.12/0.3.19/0.6.6
2,OD918843.1,B.1.1.7,2020-12-13,complete,Homo sapiens,29884,4.3.4/1.37.1/v0.1.12/0.3.19/0.6.6
2,MZ535477.1,B.1.1.7,2021-06-23,complete,Homo sapiens,29763,4.3.4/1.37.1/v0.1.12/0.3.19/0.6.6
2,OD933843.1,B.1.1.7,2021-01-10,complete,Homo sapiens,29884,4.3.4/1.37.1/v0.1.12/0.3.19/0.6.6
2,OY598314.1,B.1.1.7,2021-01-31,complete,Homo sapiens,29884,4.3.4/1.37.1/v0.1.12/0.3.19/0.6.6
2,MZ746186.1,B.1.1.7,2021-04-12,complete,Homo sapiens,29810,4.3.4/1.37.1/v0.1.12/0.3.19/0.6.6
2,OD954375.1,B.1.1.7,2021-01-23,complete,Homo sapiens,29884,4.3.4/1.37.1/v0.1.12/0.3.19/0.6.6
2,OB998107.1,B.1.1.7,2021-03-20,complete,Homo sapiens,29884,4.3.4/1.37.1/v0.1.12/0.3.19/0.6.6
2,MZ184196.1,B.1.1.7,2021-04-29,complete,Homo sapiens,29854,4.3.4/1.37.1/v0.1.12/0.3.19/0.6.6
2,MZ195210.1,B.1.1.7,2021-04-27,complete,Homo sapiens,29882,4.3.4/1.37.1/v0.1.12/0.3.19/0.6.6
2,OY870503.1,B.1.1.7,2021-05-26,complete,Homo sapiens,29885,4.3.4/1.37.1/v0.1.12/0.3.19/0.6.6
2,OX606864.1,B.1.1.7,2021-03-04,complete,Homo sapiens,29884,4.3.4/1.37.1/v0.1.12/0.3.19/0.6.6
2,OD977319.1,B.1.1.7,2021-01-20,complete,Homo sapiens,29884,4.3.4/1.37.1/v0.1.12/0.3.19/0.6.6
2,OX558170.1,B.1.1.7,2021-03-12,complete,Homo sapiens,29884,4.3.4/1.37.1/v0.1.12/0.3.19/0.6.6
2,MZ431977.1,B.1.1.7,2021-05-20,complete,Homo sapiens,29781,4.3.4/1.37.1/v0.1.12/0.3.19/0.6.6
2,MZ257004.1,B.1.1.7,2021-05-12,complete,Homo sapiens,29855,4.3.4/1.37.1/v0.1.12/0.3.19/0.6.6
2,OD955354.1,B.1.1.7,2021-01-21,complete,Homo sapiens,29884,4.3.4/1.37.1/v0.1.12/0.3.19/0.6.6
2,MZ145987.1,B.1.1.7,2021-04-26,complete,Homo sapiens,29856,4.3.4/1.37.1/v0.1.12/0.3.19/0.6.6
2,MZ032798.1,B.1.1.7,2021-04-14,complete,Homo sapiens,29855,4.3.4/1.37.1/v0.1.12/0.3.19/0.6.6
2,OU793594.1,B.1.1.7,2020,complete,Homo sapiens,29883,4.3.4/1.37.1/v0.1.12/0.3.19/0.6.6
2,MZ371481.1,B.1.1.7,2021-05-18,complete,Homo sapiens,29728,4.3.4/1.37.1/v0.1.12/0.3.19/0.6.6
2,OY602162.1,B.1.1.7,2020,complete,Homo sapiens,29884,4.3.4/1.37.1/v0.1.12/0.3.19/0.6.6
2,MZ011820.1,B.1.1.7,2021-03-27,complete,Homo sapiens,29845,4.3.4/1.37.1/v0.1.12/0.3.19/0.6.6
2,OY920679.1,B.1.1.7,2021-04-26,complete,Homo sapiens,29884,4.3.4/1.37.1/v0.1.12/0.3.19/0.6.6
2,OU396806.1,B.1.1.7,2021-02-08,complete,Homo sapiens,29885,4.3.4/1.37.1/v0.1.12/0.3.19/0.6.6
2,OK570749.1,B.1.1.7,2021-07-08,complete,Homo sapiens,29792,4.3.4/1.37.1/v0.1.12/0.3.19/0.6.6
2,OX670846.1,B.1.1.7,2021-01-15,complete,Homo sapiens,29884,4.3.4/1.37.1/v0.1.12/0.3.19/0.6.6
2,OX504148.1,B.1.1.7,2021-05-05,complete,Homo sapiens,29884,4.3.4/1.37.1/v0.1.12/0.3.19/0.6.6
2,HG998575.1,B.1.1.7,2021-01-04,complete,Homo sapiens,29884,4.3.4/1.37.1/v0.1.12/0.3.19/0.6.6
2,OY881537.1,B.1.1.7,2021-02-18,complete,Homo sapiens,29884,4.3.4/1.37.1/v0.1.12/0.3.19/0.6.6
2,MZ619852.1,B.1.1.7,2021-04-12,complete,Homo sapiens,29819,4.3.4/1.37.1/v0.1.12/0.3.19/0.6.6
2,OK250870.1,B.1.1.7,2021-03-23,complete,Homo sapiens,29763,4.3.4/1.37.1/v0.1.12/0.3.19/0.6.6
2,MZ670064.1,B.1.1.7,2021-06-03,complete,Homo sapiens,29800,4.3.4/1.37.1/v0.1.12/0.3.19/0.6.6
2,MZ184187.1,B.1.1.7,2021-04-28,complete,Homo sapiens,29868,4.3.4/1.37.1/v0.1.12/0.3.19/0.6.6
2,MZ013686.1,B.1.1.7,2021-03-30,complete,Homo sapiens,29875,4.3.4/1.37.1/v0.1.12/0.3.19/0.6.6
2,OU391820.1,B.1.1.7,2021-05-29,complete,Homo sapiens,29884,4.3.4/1.37.1/v0.1.12/0.3.19/0.6.6
2,OU392993.1,B.1.1.7,2021-05-13,complete,Homo sapiens,29884,4.3.4/1.37.1/v0.1.12/0.3.19/0.6.6
2,MW963496.1,B.1.1.7,2021-02-14,complete,Homo sapiens,29881,4.3.4/1.37.1/v0.1.12/0.3.19/0.6.6
2,MZ243365.1,B.1.1.7,2021-04-30,complete,Homo sapiens,29763,4.3.4/1.37.1/v0.1.12/0.3.19/0.6.6
2,MZ742027.1,B.1.1.7,2021-07-18,complete,Homo sapiens,29763,4.3.4/1.37.1/v0.1.12/0.3.19/0.6.6
2,OX514293.1,B.1.1.7,2021-06-25,complete,Homo sapiens,29868,4.3.4/1.37.1/v0.1.12/0.3.19/0.6.6
2,OD932733.1,B.1.1.7,2021-01-09,complete,Homo sapiens,29886,4.3.4/1.37.1/v0.1.12/0.3.19/0.6.6
2,MW968534.1,B.1.1.7,2021-03-26,complete,Homo sapiens,29882,4.3.4/1.37.1/v0.1.12/0.3.19/0.6.6
2,MZ186751.1,B.1.1.7,2021-04-15,complete,Homo sapiens,29878,4.3.4/1.37.1/v0.1.12/0.3.19/0.6.6
2,MW905990.1,B.1.1.7,2021-03-21,complete,Homo sapiens,29763,4.3.4/1.37.1/v0.1.12/0.3.19/0.6.6
2,OD989656.1,B.1.1.7,2021-02-11,complete,Homo sapiens,29884,4.3.4/1.37.1/v0.1.12/0.3.19/0.6.6
2,OU812466.1,B.1.1.7,2021-02-04,complete,Homo sapiens,29884,4.3.4/1.37.1/v0.1.12/0.3.19/0.6.6
2,OX611049.1,B.1.1.7,2021-05-28,complete,Homo sapiens,29883,4.3.4/1.37.1/v0.1.12/0.3.19/0.6.6
2,MZ288085.1,B.1.1.7,2021-05-10,complete,Homo sapiens,29763,4.3.4/1.37.1/v0.1.12/0.3.19/0.6.6
2,OD985547.1,B.1.1.7,2021-02-14,complete,Homo sapiens,29827,4.3.4/1.37.1/v0.1.12/0.3.19/0.6.6
2,OX471592.1,B.1.1.7,2021-02-21,complete,Homo sapiens,29884,4.3.4/1.37.1/v0.1.12/0.3.19/0.6.6
2,OD974326.1,B.1.1.7,2021-02-03,complete,Homo sapiens,29884,4.3.4/1.37.1/v0.1.12/0.3.19/0.6.6
2,MW864708.1,B.1.1.7,2021-03-04,complete,Homo sapiens,29884,4.3.4/1.37.1/v0.1.12/0.3.19/0.6.6
2,OD904368.1,B.1.1.7,2020-11-22,complete,Homo sapiens,29884,4.3.4/1.37.1/v0.1.12/0.3.19/0.6.6
2,OD946277.1,B.1.1.7,2021-01-15,complete,Homo sapiens,29884,4.3.4/1.37.1/v0.1.12/0.3.19/0.6.6
2,OU476115.1,B.1.1.7,2021-06-02,complete,Homo sapiens,29890,4.3.4/1.37.1/v0.1.12/0.3.19/0.6.6
2,MZ290652.1,B.1.1.7,2021-05-05,complete,Homo sapiens,29813,4.3.4/1.37.1/v0.1.12/0.3.19/0.6.6
2,OY865407.1,B.1.1.7,2021-02-22,complete,Homo sapiens,29884,4.3.4/1.37.1/v0.1.12/0.3.19/0.6.6
2,OU393555.1,B.1.1.7,2021-04-14,complete,Homo sapiens,29884,4.3.4/1.37.1/v0.1.12/0.3.19/0.6.6
2,BS001267.1,B.1.1.7,2021-06-07,complete,Homo sapiens,29838,4.3.4/1.37.1/v0.1.12/0.3.19/0.6.6
2,OD938333.1,B.1.1.7,2021-01-11,complete,Homo sapiens,29884,4.3.4/1.37.1/v0.1.12/0.3.19/0.6.6
2,OX967389.1,B.1.1.7,2021-02-04,complete,Homo sapiens,29883,4.3.4/1.37.1/v0.1.12/0.3.19/0.6.6
2,MZ188730.1,B.1.1.7,2021-04-19,complete,Homo sapiens,29880,4.3.4/1.37.1/v0.1.12/0.3.19/0.6.6
2,OD963216.1,B.1.1.7,2021-01-22,complete,Homo sapiens,29884,4.3.4/1.37.1/v0.1.12/0.3.19/0.6.6
2,OY590665.1,B.1.1.7,2021-03-28,complete,Homo sapiens,29887,4.3.4/1.37.1/v0.1.12/0.3.19/0.6.6
2,OX553052.1,B.1.1.7,2021-01-27,complete,Homo sapiens,29884,4.3.4/1.37.1/v0.1.12/0.3.19/0.6.6
2,OX654325.1,B.1.1.7,2021-01-23,complete,Homo sapiens,29893,4.3.4/1.37.1/v0.1.12/0.3.19/0.6.6
2,MZ060343.1,B.1.1.7,2021-04-12,complete,Homo sapiens,29810,4.3.4/1.37.1/v0.1.12/0.3.19/0.6.6
2,MZ229000.1,B.1.1.7,2021-04-28,complete,Homo sapiens,29811,4.3.4/1.37.1/v0.1.12/0.3.19/0.6.6
2,OY359678.1,B.1.1.7,2021-04-28,complete,Homo sapiens,29884,4.3.4/1.37.1/v0.1.12/0.3.19/0.6.6
2,OD952754.1,B.1.1.7,2021-01-20,complete,Homo sapiens,29884,4.3.4/1.37.1/v0.1.12/0.3.19/0.6.6
2,OD937618.1,B.1.1.7,2021-01-11,complete,Homo sapiens,29884,4.3.4/1.37.1/v0.1.12/0.3.19/0.6.6
2,OY341612.1,B.1.1.7,2021-02-13,complete,Homo sapiens,29884,4.3.4/1.37.1/v0.1.12/0.3.19/0.6.6
2,OZ290433.1,B.1.1.7,2021-03-27,complete,Homo sapiens,29885,4.3.4/1.37.1/v0.1.12/0.3.19/0.6.6
2,MZ032482.1,B.1.1.7,2021-04-13,complete,Homo sapiens,29856,4.3.4/1.37.1/v0.1.12/0.3.19/0.6.6
2,OY871459.1,B.1.1.7,2021-01-19,complete,Homo sapiens,29886,4.3.4/1.37.1/v0.1.12/0.3.19/0.6.6
2,MZ472663.1,B.1.1.7,2021-06-09,complete,Homo sapiens,29817,4.3.4/1.37.1/v0.1.12/0.3.19/0.6.6
2,OU803423.1,B.1.1.7,2021-04-08,complete,Homo sapiens,29884,4.3.4/1.37.1/v0.1.12/0.3.19/0.6.6
2,MZ282729.1,B.1.1.7,2021-04-29,complete,Homo sapiens,29853,4.3.4/1.37.1/v0.1.12/0.3.19/0.6.6
2,OD932253.1,B.1.1.7,2021-01-04,complete,Homo sapiens,29884,4.3.4/1.37.1/v0.1.12/0.3.19/0.6.6
2,MZ593633.1,B.1.1.7,2021-05-03,complete,Homo sapiens,29763,4.3.4/1.37.1/v0.1.12/0.3.19/0.6.6
2,OX607105.1,B.1.1.7,2021-01-27,complete,Homo sapiens,29884,4.3.4/1.37.1/v0.1.12/0.3.19/0.6.6
2,MZ340688.1,B.1.1.7,2021-05-07,complete,Homo sapiens,29787,4.3.4/1.37.1/v0.1.12/0.3.19/0.6.6
2,OU391482.2,B.1.1.7,2021-03-09,complete,Homo sapiens,29885,4.3.4/1.37.1/v0.1.12/0.3.19/0.6.6
2,MZ225958.1,B.1.1.7,2021-04-28,complete,Homo sapiens,29763,4.3.4/1.37.1/v0.1.12/0.3.19/0.6.6
2,MW906806.1,B.1.1.7,2021-03-23,complete,Homo sapiens,29836,4.3.4/1.37.1/v0.1.12/0.3.19/0.6.6
2,MZ180958.1,B.1.1.7,2021-04-26,complete,Homo sapiens,29695,4.3.4/1.37.1/v0.1.12/0.3.19/0.6.6
2,MZ049915.1,B.1.1.7,2021-04-07,complete,Homo sapiens,29760,4.3.4/1.37.1/v0.1.12/0.3.19/0.6.6
2,OX670311.1,B.1.1.7,2021-01-26,complete,Homo sapiens,29884,4.3.4/1.37.1/v0.1.12/0.3.19/0.6.6
2,OY975267.1,B.1.1.7,2021-01-14,complete,Homo sapiens,29886,4.3.4/1.37.1/v0.1.12/0.3.19/0.6.6
2,OD942300.1,B.1.1.7,2021-01-14,complete,Homo sapiens,29884,4.3.4/1.37.1/v0.1.12/0.3.19/0.6.6
2,OU800132.1,B.1.1.7,2021-05-27,complete,Homo sapiens,29885,4.3.4/1.37.1/v0.1.12/0.3.19/0.6.6
2,OK187582.1,B.1.1.7,2021-06-04,complete,Homo sapiens,29829,4.3.4/1.37.1/v0.1.12/0.3.19/0.6.6
2,MZ101145.1,B.1.1.7,2021-04-15,complete,Homo sapiens,29812,4.3.4/1.37.1/v0.1.12/0.3.19/0.6.6
2,MZ131487.1,B.1.1.7,2021-04-16,complete,Homo sapiens,29763,4.3.4/1.37.1/v0.1.12/0.3.19/0.6.6
2,OD921732.1,B.1.1.7,2020-12-30,complete,Homo sapiens,29827,4.3.4/1.37.1/v0.1.12/0.3.19/0.6.6
2,OU391760.1,B.1.1.7,2021-01-17,complete,Homo sapiens,29885,4.3.4/1.37.1/v0.1.12/0.3.19/0.6.6
2,MZ059881.1,B.1.1.7,2021-04-10,complete,Homo sapiens,29812,4.3.4/1.37.1/v0.1.12/0.3.19/0.6.6
2,OU013995.1,B.1.1.7,2021-02-18,complete,Homo sapiens,29884,4.3.4/1.37.1/v0.1.12/0.3.19/0.6.6
2,MZ685236.1,B.1.1.7,2021-05-13,complete,Homo sapiens,29801,4.3.4/1.37.1/v0.1.12/0.3.19/0.6.6
2,MZ363353.1,B.1.1.7,2021-05-25,complete,Homo sapiens,29763,4.3.4/1.37.1/v0.1.12/0.3.19/0.6.6
2,MZ415918.1,B.1.1.7,2021-05-13,complete,Homo sapiens,29812,4.3.4/1.37.1/v0.1.12/0.3.19/0.6.6
2,MZ308391.1,B.1.1.7,2021-05-17,complete,Homo sapiens,29761,4.3.4/1.37.1/v0.1.12/0.3.19/0.6.6
2,MW931280.1,B.1.1.7,2021-03-30,complete,Homo sapiens,29801,4.3.4/1.37.1/v0.1.12/0.3.19/0.6.6
2,MZ313507.1,B.1.1.7,2021-05-04,complete,Homo sapiens,29833,4.3.4/1.37.1/v0.1.12/0.3.19/0.6.6
2,OX548670.1,B.1.1.7,2021-01-21,complete,Homo sapiens,29884,4.3.4/1.37.1/v0.1.12/0.3.19/0.6.6
2,OY358268.1,B.1.1.7,2021-03-26,complete,Homo sapiens,29884,4.3.4/1.37.1/v0.1.12/0.3.19/0.6.6
2,OZ289450.1,B.1.1.7,2021-03-04,complete,Homo sapiens,29884,4.3.4/1.37.1/v0.1.12/0.3.19/0.6.6
2,MZ642115.1,B.1.1.7,2021-03-31,complete,Homo sapiens,29763,4.3.4/1.37.1/v0.1.12/0.3.19/0.6.6
2,OX554804.1,B.1.1.7,2020-12-20,complete,Homo sapiens,29884,4.3.4/1.37.1/v0.1.12/0.3.19/0.6.6
2,MZ724404.1,B.1.1.7,2021-04-23,complete,Homo sapiens,29817,4.3.4/1.37.1/v0.1.12/0.3.19/0.6.6
2,OD934568.1,B.1.1.7,2021-01-07,complete,Homo sapiens,29884,4.3.4/1.37.1/v0.1.12/0.3.19/0.6.6
2,OY974489.1,B.1.1.7,2021-05-16,complete,Homo sapiens,29884,4.3.4/1.37.1/v0.1.12/0.3.19/0.6.6
2,MZ076041.1,B.1.1.7,2021-04-02,complete,Homo sapiens,29882,4.3.4/1.37.1/v0.1.12/0.3.19/0.6.6
2,OU475107.1,B.1.1.7,2021-03-29,complete,Homo sapiens,29890,4.3.4/1.37.1/v0.1.12/0.3.19/0.6.6
2,OD959210.1,B.1.1.7,2021-01-24,complete,Homo sapiens,29884,4.3.4/1.37.1/v0.1.12/0.3.19/0.6.6
2,OY383011.1,B.1.1.7,2021-03-06,complete,Homo sapiens,29884,4.3.4/1.37.1/v0.1.12/0.3.19/0.6.6
2,MZ193112.1,B.1.1.7,2021-04-28,complete,Homo sapiens,29810,4.3.4/1.37.1/v0.1.12/0.3.19/0.6.6
2,MZ261253.1,B.1.1.7,2021-04-29,complete,Homo sapiens,29802,4.3.4/1.37.1/v0.1.12/0.3.19/0.6.6
2,OU394593.1,B.1.1.7,2021-01-28,complete,Homo sapiens,29885,4.3.4/1.37.1/v0.1.12/0.3.19/0.6.6
2,MZ316174.1,B.1.1.7,2021-05-08,complete,Homo sapiens,29812,4.3.4/1.37.1/v0.1.12/0.3.19/0.6.6
2,OD970985.1,B.1.1.7,2021-02-03,complete,Homo sapiens,29884,4.3.4/1.37.1/v0.1.12/0.3.19/0.6.6
2,MZ060759.1,B.1.1.7,2021-04-11,complete,Homo sapiens,29812,4.3.4/1.37.1/v0.1.12/0.3.19/0.6.6
2,MW967313.1,B.1.1.7,2021-03-18,complete,Homo sapiens,29860,4.3.4/1.37.1/v0.1.12/0.3.19/0.6.6
2,OX659853.1,B.1.1.7,2021-01-08,complete,Homo sapiens,29893,4.3.4/1.37.1/v0.1.12/0.3.19/0.6.6
2,OD990162.1,B.1.1.7,2021-01-29,complete,Homo sapiens,29884,4.3.4/1.37.1/v0.1.12/0.3.19/0.6.6
2,MW990467.1,B.1.1.7,2021-04-05,complete,Homo sapiens,29852,4.3.4/1.37.1/v0.1.12/0.3.19/0.6.6
2,OD981187.1,B.1.1.7,2021-02-01,complete,Homo sapiens,29884,4.3.4/1.37.1/v0.1.12/0.3.19/0.6.6
2,OX545428.1,B.1.1.7,2021-04-10,complete,Homo sapiens,29885,4.3.4/1.37.1/v0.1.12/0.3.19/0.6.6
2,OD973562.1,B.1.1.7,2021-02-02,complete,Homo sapiens,29884,4.3.4/1.37.1/v0.1.12/0.3.19/0.6.6
2,MZ195464.1,B.1.1.7,2021-04-26,complete,Homo sapiens,29877,4.3.4/1.37.1/v0.1.12/0.3.19/0.6.6
2,MZ454599.1,B.1.1.7,2021-05-03,complete,Homo sapiens,29763,4.3.4/1.37.1/v0.1.12/0.3.19/0.6.6
2,MZ786677.1,B.1.1.7,2021-07-16,complete,Homo sapiens,29728,4.3.4/1.37.1/v0.1.12/0.3.19/0.6.6
2,OU474121.1,B.1.1.7,2021-05-11,complete,Homo sapiens,29890,4.3.4/1.37.1/v0.1.12/0.3.19/0.6.6
2,MZ283387.1,B.1.1.7,2021-04-20,complete,Homo sapiens,29879,4.3.4/1.37.1/v0.1.12/0.3.19/0.6.6
2,MZ058641.1,B.1.1.7,2021-04-06,complete,Homo sapiens,29869,4.3.4/1.37.1/v0.1.12/0.3.19/0.6.6
2,MZ296422.1,B.1.1.7,2021-04-16,complete,Homo sapiens,29805,4.3.4/1.37.1/v0.1.12/0.3.19/0.6.6
2,MZ779994.1,B.1.1.7,2021-03-13,complete,Homo sapiens,29848,4.3.4/1.37.1/v0.1.12/0.3.19/0.6.6
2,OY874442.1,B.1.1.7,2020,complete,Homo sapiens,29884,4.3.4/1.37.1/v0.1.12/0.3.19/0.6.6
2,MZ154044.1,B.1.1.7,2021-04-19,complete,Homo sapiens,29812,4.3.4/1.37.1/v0.1.12/0.3.19/0.6.6
2,OD963544.1,B.1.1.7,2021-01-22,complete,Homo sapiens,29884,4.3.4/1.37.1/v0.1.12/0.3.19/0.6.6
2,OK511632.1,B.1.1.7,2021-06-11,complete,Homo sapiens,29695,4.3.4/1.37.1/v0.1.12/0.3.19/0.6.6
2,OD924242.1,B.1.1.7,2020-12-22,complete,Homo sapiens,29884,4.3.4/1.37.1/v0.1.12/0.3.19/0.6.6
2,OX477883.1,B.1.1.7,2021-03-07,complete,Homo sapiens,29883,4.3.4/1.37.1/v0.1.12/0.3.19/0.6.6
2,OD986082.1,B.1.1.7,2021-02-12,complete,Homo sapiens,29884,4.3.4/1.37.1/v0.1.12/0.3.19/0.6.6
2,MZ279412.1,B.1.1.7,2021-05-04,complete,Homo sapiens,29817,4.3.4/1.37.1/v0.1.12/0.3.19/0.6.6
2,OU475234.1,B.1.1.7,2021-05-05,complete,Homo sapiens,29890,4.3.4/1.37.1/v0.1.12/0.3.19/0.6.6
2,MZ434400.1,B.1.1.7,2021-05-10,complete,Homo sapiens,29781,4.3.4/1.37.1/v0.1.12/0.3.19/0.6.6
2,MZ275086.1,B.1.1.7,2021-05-05,complete,Homo sapiens,29763,4.3.4/1.37.1/v0.1.12/0.3.19/0.6.6
2,MZ402102.1,B.1.1.7,2021-05-18,complete,Homo sapiens,29802,4.3.4/1.37.1/v0.1.12/0.3.19/0.6.6
2,OY619300.1,B.1.1.7,2021-04-19,complete,Homo sapiens,29884,4.3.4/1.37.1/v0.1.12/0.3.19/0.6.6
2,OY861489.1,B.1.1.7,2021-01-11,complete,Homo sapiens,29884,4.3.4/1.37.1/v0.1.12/0.3.19/0.6.6
2,MZ676173.1,B.1.1.7,2021-06-22,complete,Homo sapiens,29644,4.3.4/1.37.1/v0.1.12/0.3.19/0.6.6
2,OD980839.1,B.1.1.7,2021-02-01,complete,Homo sapiens,29884,4.3.4/1.37.1/v0.1.12/0.3.19/0.6.6
2,OD922342.1,B.1.1.7,2020-12-29,complete,Homo sapiens,29884,4.3.4/1.37.1/v0.1.12/0.3.19/0.6.6
2,OD968591.1,B.1.1.7,2021-01-30,complete,Homo sapiens,29884,4.3.4/1.37.1/v0.1.12/0.3.19/0.6.6
2,OD987357.1,B.1.1.7,2021-02-10,complete,Homo sapiens,29884,4.3.4/1.37.1/v0.1.12/0.3.19/0.6.6
2,OX657640.1,B.1.1.7,2020,complete,Homo sapiens,29884,4.3.4/1.37.1/v0.1.12/0.3.19/0.6.6
2,OU013781.1,B.1.1.7,2021-02-17,complete,Homo sapiens,29884,4.3.4/1.37.1/v0.1.12/0.3.19/0.6.6
2,MZ570615.1,B.1.1.7,2021-06-09,complete,Homo sapiens,29809,4.3.4/1.37.1/v0.1.12/0.3.19/0.6.6
2,OY607569.1,B.1.1.7,2020-12-18,complete,Homo sapiens,29850,4.3.4/1.37.1/v0.1.12/0.3.19/0.6.6
2,MZ533428.1,B.1.1.7,2021-06-25,complete,Homo sapiens,29812,4.3.4/1.37.1/v0.1.12/0.3.19/0.6.6
2,MW988889.1,B.1.1.7,2021-04-04,complete,Homo sapiens,29763,4.3.4/1.37.1/v0.1.12/0.3.19/0.6.6
2,OY907256.1,B.1.1.7,2021-05-09,complete,Homo sapiens,29884,4.3.4/1.37.1/v0.1.12/0.3.19/0.6.6
2,OX545812.1,B.1.1.7,2021-02-17,complete,Homo sapiens,29884,4.3.4/1.37.1/v0.1.12/0.3.19/0.6.6
2,OY950901.1,B.1.1.7,2020-12-14,complete,Homo sapiens,29884,4.3.4/1.37.1/v0.1.12/0.3.19/0.6.6
2,MZ538745.1,B.1.1.7,2021-05-29,complete,Homo sapiens,29812,4.3.4/1.37.1/v0.1.12/0.3.19/0.6.6
2,OX528282.1,B.1.1.7,2021-05-08,complete,Homo sapiens,29884,4.3.4/1.37.1/v0.1.12/0.3.19/0.6.6
2,MZ560965.1,B.1.1.7,2021-06-28,complete,Homo sapiens,29818,4.3.4/1.37.1/v0.1.12/0.3.19/0.6.6
2,OD928212.1,B.1.1.7,2021-01-02,complete,Homo sapiens,29884,4.3.4/1.37.1/v0.1.12/0.3.19/0.6.6
2,OD966196.1,B.1.1.7,2021-01-28,complete,Homo sapiens,29884,4.3.4/1.37.1/v0.1.12/0.3.19/0.6.6
2,MZ056203.1,B.1.1.7,2021-04-05,complete,Homo sapiens,29849,4.3.4/1.37.1/v0.1.12/0.3.19/0.6.6
2,OD983873.1,B.1.1.7,2021-02-08,complete,Homo sapiens,29884,4.3.4/1.37.1/v0.1.12/0.3.19/0.6.6
2,OD923765.1,B.1.1.7,2020-12-27,complete,Homo sapiens,29884,4.3.4/1.37.1/v0.1.12/0.3.19/0.6.6
2,OY715137.1,B.1.1.7,2021-01-14,complete,Homo sapiens,29884,4.3.4/1.37.1/v0.1.12/0.3.19/0.6.6
2,MZ195833.1,B.1.1.7,2021-04-24,complete,Homo sapiens,29839,4.3.4/1.37.1/v0.1.12/0.3.19/0.6.6
2,OX856763.1,B.1.1.7,2021-02-01,complete,Homo sapiens,29883,4.3.4/1.37.1/v0.1.12/0.3.19/0.6.6
2,MZ001885.1,B.1.1.7,2021-03-30,complete,Homo sapiens,29694,4.3.4/1.37.1/v0.1.12/0.3.19/0.6.6
2,MZ278718.1,B.1.1.7,2021-05-04,complete,Homo sapiens,29817,4.3.4/1.37.1/v0.1.12/0.3.19/0.6.6
2,OW103082.1,B.1.1.7,2021-02-09,complete,Homo sapiens,29884,4.3.4/1.37.1/v0.1.12/0.3.19/0.6.6
2,MZ215279.1,B.1.1.7,2021-04-14,complete,Homo sapiens,29881,4.3.4/1.37.1/v0.1.12/0.3.19/0.6.6
2,OX925596.1,B.1.1.7,2020,complete,Homo sapiens,29883,4.3.4/1.37.1/v0.1.12/0.3.19/0.6.6
2,MZ376206.1,B.1.1.7,2021-05-23,complete,Homo sapiens,29847,4.3.4/1.37.1/v0.1.12/0.3.19/0.6.6
2,MZ152641.1,B.1.1.7,2021-04-18,complete,Homo sapiens,29763,4.3.4/1.37.1/v0.1.12/0.3.19/0.6.6
2,OD929403.1,B.1.1.7,2021-01-07,complete,Homo sapiens,29884,4.3.4/1.37.1/v0.1.12/0.3.19/0.6.6
2,OX664780.1,B.1.1.7,2021-02-27,complete,Homo sapiens,29893,4.3.4/1.37.1/v0.1.12/0.3.19/0.6.6
2,OX669719.1,B.1.1.7,2021-01-12,complete,Homo sapiens,29884,4.3.4/1.37.1/v0.1.12/0.3.19/0.6.6
2,OY368540.1,B.1.1.7,2021-01-21,complete,Homo sapiens,29884,4.3.4/1.37.1/v0.1.12/0.3.19/0.6.6
2,OD971757.1,B.1.1.7,2021-02-04,complete,Homo sapiens,29884,4.3.4/1.37.1/v0.1.12/0.3.19/0.6.6
2,MZ978335.1,B.1.1.7,2021-07-24,complete,Homo sapiens,29813,4.3.4/1.37.1/v0.1.12/0.3.19/0.6.6
2,OD930765.1,B.1.1.7,2021-01-05,complete,Homo sapiens,29884,4.3.4/1.37.1/v0.1.12/0.3.19/0.6.6
2,OY613299.1,B.1.1.7,2021-04-02,complete,Homo sapiens,29884,4.3.4/1.37.1/v0.1.12/0.3.19/0.6.6
2,OD979081.1,B.1.1.7,2021-01-19,complete,Homo sapiens,29884,4.3.4/1.37.1/v0.1.12/0.3.19/0.6.6
2,OK219167.1,B.1.1.7,2021-04-01,complete,Homo sapiens,29841,4.3.4/1.37.1/v0.1.12/0.3.19/0.6.6
2,MZ372250.1,B.1.1.7,2021-05-21,complete,Homo sapiens,29697,4.3.4/1.37.1/v0.1.12/0.3.19/0.6.6
2,OX595249.1,B.1.1.7,2021-02-02,complete,Homo sapiens,29887,4.3.4/1.37.1/v0.1.12/0.3.19/0.6.6
2,OX587648.1,B.1.1.7,2020-12-23,complete,Homo sapiens,29884,4.3.4/1.37.1/v0.1.12/0.3.19/0.6.6
2,OD942557.1,B.1.1.7,2021-01-15,complete,Homo sapiens,29884,4.3.4/1.37.1/v0.1.12/0.3.19/0.6.6
2,OX669951.1,B.1.1.7,2021-01-10,complete,Homo sapiens,29884,4.3.4/1.37.1/v0.1.12/0.3.19/0.6.6
2,OD950421.1,B.1.1.7,2021-01-21,complete,Homo sapiens,29884,4.3.4/1.37.1/v0.1.12/0.3.19/0.6.6
2,OU800822.1,B.1.1.7,2020,complete,Homo sapiens,29884,4.3.4/1.37.1/v0.1.12/0.3.19/0.6.6
2,MW905958.1,B.1.1.7,2021-03-16,complete,Homo sapiens,29763,4.3.4/1.37.1/v0.1.12/0.3.19/0.6.6
2,OK252626.1,B.1.1.7,2021-06-19,complete,Homo sapiens,29763,4.3.4/1.37.1/v0.1.12/0.3.19/0.6.6
2,MW906436.1,B.1.1.7,2021-03-25,complete,Homo sapiens,29763,4.3.4/1.37.1/v0.1.12/0.3.19/0.6.6
2,MZ565976.1,B.1.1.7,2021-06-19,complete,Homo sapiens,29812,4.3.4/1.37.1/v0.1.12/0.3.19/0.6.6
2,OD986031.1,B.1.1.7,2021-02-12,complete,Homo sapiens,29884,4.3.4/1.37.1/v0.1.12/0.3.19/0.6.6
2,OU815566.1,B.1.1.7,2021-06-04,complete,Homo sapiens,29884,4.3.4/1.37.1/v0.1.12/0.3.19/0.6.6
2,OX659246.1,B.1.1.7,2021-01-21,complete,Homo sapiens,29903,4.3.4/1.37.1/v0.1.12/0.3.19/0.6.6
2,OD938845.1,B.1.1.7,2021-01-14,complete,Homo sapiens,29884,4.3.4/1.37.1/v0.1.12/0.3.19/0.6.6
2,OD934275.1,B.1.1.7,2021-01-07,complete,Homo sapiens,29884,4.3.4/1.37.1/v0.1.12/0.3.19/0.6.6
2,OY614133.1,B.1.1.7,2021-01-26,complete,Homo sapiens,29884,4.3.4/1.37.1/v0.1.12/0.3.19/0.6.6
2,MZ038775.1,B.1.1.7,2021-04-08,complete,Homo sapiens,29695,4.3.4/1.37.1/v0.1.12/0.3.19/0.6.6
2,OY866877.1,B.1.1.7,2020-12-31,complete,Homo sapiens,29884,4.3.4/1.37.1/v0.1.12/0.3.19/0.6.6
2,MZ131377.1,B.1.1.7,2021-04-14,complete,Homo sapiens,29763,4.3.4/1.37.1/v0.1.12/0.3.19/0.6.6
2,OU393415.1,B.1.1.7,2021-06-08,complete,Homo sapiens,29884,4.3.4/1.37.1/v0.1.12/0.3.19/0.6.6
2,OX523447.1,B.1.1.7,2021-04-17,complete,Homo sapiens,29884,4.3.4/1.37.1/v0.1.12/0.3.19/0.6.6
2,OX604672.1,B.1.1.7,2021-01-21,complete,Homo sapiens,29887,4.3.4/1.37.1/v0.1.12/0.3.19/0.6.6
2,OD982423.1,B.1.1.7,2021-01-23,complete,Homo sapiens,29884,4.3.4/1.37.1/v0.1.12/0.3.19/0.6.6
2,MZ566395.1,B.1.1.7,2021-06-12,complete,Homo sapiens,29817,4.3.4/1.37.1/v0.1.12/0.3.19/0.6.6
2,OU420216.1,B.1.1.7,2021-01-30,complete,Homo sapiens,29885,4.3.4/1.37.1/v0.1.12/0.3.19/0.6.6
2,MW932015.1,B.1.1.7,2021-03-29,complete,Homo sapiens,29811,4.3.4/1.37.1/v0.1.12/0.3.19/0.6.6
2,OX878787.1,B.1.1.7,2020,complete,Homo sapiens,29883,4.3.4/1.37.1/v0.1.12/0.3.19/0.6.6
2,OK220725.1,B.1.1.7,2021-03-31,complete,Homo sapiens,29847,4.3.4/1.37.1/v0.1.12/0.3.19/0.6.6
2,MZ035192.1,B.1.1.7,2021-04-03,complete,Homo sapiens,29811,4.3.4/1.37.1/v0.1.12/0.3.19/0.6.6
2,OX472300.1,B.1.1.7,2021-02-21,complete,Homo sapiens,29885,4.3.4/1.37.1/v0.1.12/0.3.19/0.6.6
2,MZ288649.1,B.1.1.7,2021-05-03,complete,Homo sapiens,29754,4.3.4/1.37.1/v0.1.12/0.3.19/0.6.6
2,OU395095.1,B.1.1.7,2021-06-11,complete,Homo sapiens,29884,4.3.4/1.37.1/v0.1.12/0.3.19/0.6.6
2,OZ293144.1,B.1.1.7,2021-05-22,complete,Homo sapiens,29884,4.3.4/1.37.1/v0.1.12/0.3.19/0.6.6
2,MZ282498.1,B.1.1.7,2021-05-01,complete,Homo sapiens,29878,4.3.4/1.37.1/v0.1.12/0.3.19/0.6.6
2,MZ100576.1,B.1.1.7,2021-04-16,complete,Homo sapiens,29812,4.3.4/1.37.1/v0.1.12/0.3.19/0.6.6
2,MZ212698.1,B.1.1.7,2021-04-14,complete,Homo sapiens,29882,4.3.4/1.37.1/v0.1.12/0.3.19/0.6.6
2,OU419611.1,B.1.1.7,2021-04-08,complete,Homo sapiens,29884,4.3.4/1.37.1/v0.1.12/0.3.19/0.6.6
2,MZ194756.1,B.1.1.7,2021-05-04,complete,Homo sapiens,29856,4.3.4/1.37.1/v0.1.12/0.3.19/0.6.6
2,MZ039181.1,B.1.1.7,2021-04-05,complete,Homo sapiens,29695,4.3.4/1.37.1/v0.1.12/0.3.19/0.6.6
2,OD953005.1,B.1.1.7,2021-01-20,complete,Homo sapiens,29884,4.3.4/1.37.1/v0.1.12/0.3.19/0.6.6
2,MZ274742.1,B.1.1.7,2021-05-03,complete,Homo sapiens,29763,4.3.4/1.37.1/v0.1.12/0.3.19/0.6.6
2,MZ212406.1,B.1.1.7,2021-04-11,complete,Homo sapiens,29854,4.3.4/1.37.1/v0.1.12/0.3.19/0.6.6
2,MZ398927.1,B.1.1.7,2021-04-28,complete,Homo sapiens,29808,4.3.4/1.37.1/v0.1.12/0.3.19/0.6.6
2,OD932617.1,B.1.1.7,2021-01-08,complete,Homo sapiens,29884,4.3.4/1.37.1/v0.1.12/0.3.19/0.6.6
2,OX534727.1,B.1.1.7,2021-03-13,complete,Homo sapiens,29884,4.3.4/1.37.1/v0.1.12/0.3.19/0.6.6
2,MZ201357.1,B.1.1.7,2021-04-26,complete,Homo sapiens,29809,4.3.4/1.37.1/v0.1.12/0.3.19/0.6.6
2,OD978934.1,B.1.1.7,2021-01-15,complete,Homo sapiens,29884,4.3.4/1.37.1/v0.1.12/0.3.19/0.6.6
2,MZ431990.1,B.1.1.7,2021-05-19,complete,Homo sapiens,29781,4.3.4/1.37.1/v0.1.12/0.3.19/0.6.6
2,MZ084009.1,B.1.1.7,2021-04-07,complete,Homo sapiens,29878,4.3.4/1.37.1/v0.1.12/0.3.19/0.6.6
2,OD980354.1,B.1.1.7,2021-01-28,complete,Homo sapiens,29884,4.3.4/1.37.1/v0.1.12/0.3.19/0.6.6
2,OK192160.1,B.1.1.7,2021-03-17,complete,Homo sapiens,29815,4.3.4/1.37.1/v0.1.12/0.3.19/0.6.6
2,MZ010918.1,B.1.1.7,2021-03-29,complete,Homo sapiens,29845,4.3.4/1.37.1/v0.1.12/0.3.19/0.6.6
2,OD932829.1,B.1.1.7,2021-01-09,complete,Homo sapiens,29884,4.3.4/1.37.1/v0.1.12/0.3.19/0.6.6
2,OD933760.1,B.1.1.7,2021-01-09,complete,Homo sapiens,29886,4.3.4/1.37.1/v0.1.12/0.3.19/0.6.6
2,OY879438.1,B.1.1.7,2021-04-14,complete,Homo sapiens,29884,4.3.4/1.37.1/v0.1.12/0.3.19/0.6.6
2,OX474516.1,B.1.1.7,2021-02-03,complete,Homo sapiens,29886,4.3.4/1.37.1/v0.1.12/0.3.19/0.6.6
2,MZ285034.1,B.1.1.7,2021-05-03,complete,Homo sapiens,29763,4.3.4/1.37.1/v0.1.12/0.3.19/0.6.6
2,MZ293700.1,B.1.1.7,2021-05-18,complete,Homo sapiens,29884,4.3.4/1.37.1/v0.1.12/0.3.19/0.6.6
2,OD918261.1,B.1.1.7,2020-12-18,complete,Homo sapiens,29884,4.3.4/1.37.1/v0.1.12/0.3.19/0.6.6
2,OY913518.1,B.1.1.7,2021-02-15,complete,Homo sapiens,29884,4.3.4/1.37.1/v0.1.12/0.3.19/0.6.6
2,OD945835.1,B.1.1.7,2021-01-18,complete,Homo sapiens,29884,4.3.4/1.37.1/v0.1.12/0.3.19/0.6.6
2,OU396902.1,B.1.1.7,2021-01-07,complete,Homo sapiens,29885,4.3.4/1.37.1/v0.1.12/0.3.19/0.6.6
2,OD926768.1,B.1.1.7,2020-12-29,complete,Homo sapiens,29884,4.3.4/1.37.1/v0.1.12/0.3.19/0.6.6
2,OX880050.1,B.1.1.7,2021-03-11,complete,Homo sapiens,29883,4.3.4/1.37.1/v0.1.12/0.3.19/0.6.6
2,MZ271057.1,B.1.1.7,2021-04-16,complete,Homo sapiens,29884,4.3.4/1.37.1/v0.1.12/0.3.19/0.6.6
2,OU475248.1,B.1.1.7,2021-04-26,complete,Homo sapiens,29890,4.3.4/1.37.1/v0.1.12/0.3.19/0.6.6
2,MZ181148.1,B.1.1.7,2021-05-03,complete,Homo sapiens,29696,4.3.4/1.37.1/v0.1.12/0.3.19/0.6.6
2,OX558650.1,B.1.1.7,2021-02-15,complete,Homo sapiens,29884,4.3.4/1.37.1/v0.1.12/0.3.19/0.6.6
2,OU812697.1,B.1.1.7,2021-02-26,complete,Homo sapiens,29885,4.3.4/1.37.1/v0.1.12/0.3.19/0.6.6
2,OX588824.1,B.1.1.7,2021-01-21,complete,Homo sapiens,29885,4.3.4/1.37.1/v0.1.12/0.3.19/0.6.6
2,MZ185151.1,B.1.1.7,2021-04-28,complete,Homo sapiens,29883,4.3.4/1.37.1/v0.1.12/0.3.19/0.6.6
2,MZ684328.1,B.1.1.7,2021-05-06,complete,Homo sapiens,29808,4.3.4/1.37.1/v0.1.12/0.3.19/0.6.6
2,OU384645.1,B.1.1.7,2021-02-12,complete,Homo sapiens,29885,4.3.4/1.37.1/v0.1.12/0.3.19/0.6.6
2,MZ288065.1,B.1.1.7,2021-05-01,complete,Homo sapiens,29763,4.3.4/1.37.1/v0.1.12/0.3.19/0.6.6
2,OD972892.1,B.1.1.7,2021-02-04,complete,Homo sapiens,29884,4.3.4/1.37.1/v0.1.12/0.3.19/0.6.6
2,OX563388.1,B.1.1.7,2021-01-29,complete,Homo sapiens,29827,4.3.4/1.37.1/v0.1.12/0.3.19/0.6.6
2,MW905123.1,B.1.1.7,2021-03-08,complete,Homo sapiens,29849,4.3.4/1.37.1/v0.1.12/0.3.19/0.6.6
2,OX555091.1,B.1.1.7,2021-02-10,complete,Homo sapiens,29884,4.3.4/1.37.1/v0.1.12/0.3.19/0.6.6
2,OX956845.1,B.1.1.7,2020,complete,Homo sapiens,29883,4.3.4/1.37.1/v0.1.12/0.3.19/0.6.6
2,OD916985.1,B.1.1.7,2020-12-14,complete,Homo sapiens,29884,4.3.4/1.37.1/v0.1.12/0.3.19/0.6.6
2,OU706394.1,B.1.1.7,2021-06-23,complete,Homo sapiens,29890,4.3.4/1.37.1/v0.1.12/0.3.19/0.6.6
2,MZ643954.1,B.1.1.7,2021-07-15,complete,Homo sapiens,29825,4.3.4/1.37.1/v0.1.12/0.3.19/0.6.6
2,OD916948.1,B.1.1.7,2020-12-13,complete,Homo sapiens,29884,4.3.4/1.37.1/v0.1.12/0.3.19/0.6.6
2,OY366511.1,B.1.1.7,2021-02-14,complete,Homo sapiens,29884,4.3.4/1.37.1/v0.1.12/0.3.19/0.6.6
2,MZ386620.1,B.1.1.7,2021-05-31,complete,Homo sapiens,29854,4.3.4/1.37.1/v0.1.12/0.3.19/0.6.6
2,OD989959.1,B.1.1.7,2021-01-27,complete,Homo sapiens,29884,4.3.4/1.37.1/v0.1.12/0.3.19/0.6.6
2,MZ539052.1,B.1.1.7,2021-05-02,complete,Homo sapiens,29773,4.3.4/1.37.1/v0.1.12/0.3.19/0.6.6
2,MZ491779.1,B.1.1.7,2021-06-09,complete,Homo sapiens,29763,4.3.4/1.37.1/v0.1.12/0.3.19/0.6.6
2,MZ100493.1,B.1.1.7,2021-04-13,complete,Homo sapiens,29817,4.3.4/1.37.1/v0.1.12/0.3.19/0.6.6
2,MZ362956.1,B.1.1.7,2021-05-03,complete,Homo sapiens,29787,4.3.4/1.37.1/v0.1.12/0.3.19/0.6.6
2,MZ023960.1,B.1.1.7,2021-03-30,complete,Homo sapiens,29878,4.3.4/1.37.1/v0.1.12/0.3.19/0.6.6
2,MZ320784.1,B.1.1.7,2021-05-24,complete,Homo sapiens,29853,4.3.4/1.37.1/v0.1.12/0.3.19/0.6.6
2,MW931318.1,B.1.1.7,2021-03-29,complete,Homo sapiens,29817,4.3.4/1.37.1/v0.1.12/0.3.19/0.6.6
2,OD994507.1,B.1.1.7,2021-02-15,complete,Homo sapiens,29886,4.3.4/1.37.1/v0.1.12/0.3.19/0.6.6
2,OY861429.1,B.1.1.7,2021-02-20,complete,Homo sapiens,29885,4.3.4/1.37.1/v0.1.12/0.3.19/0.6.6
2,MZ321195.1,B.1.1.7,2021-05-13,complete,Homo sapiens,29763,4.3.4/1.37.1/v0.1.12/0.3.19/0.6.6
2,MW909058.1,B.1.1.7,2021-03-18,complete,Homo sapiens,29695,4.3.4/1.37.1/v0.1.12/0.3.19/0.6.6
2,MW907115.1,B.1.1.7,2021-03-11,complete,Homo sapiens,29805,4.3.4/1.37.1/v0.1.12/0.3.19/0.6.6
2,OK149571.1,B.1.1.7,2021-08-06,complete,Homo sapiens,29781,4.3.4/1.37.1/v0.1.12/0.3.19/0.6.6
2,OD899199.1,B.1.1.7,2020-11-15,complete,Homo sapiens,29884,4.3.4/1.37.1/v0.1.12/0.3.19/0.6.6
2,OU387943.1,B.1.1.7,2021-05-12,complete,Homo sapiens,29885,4.3.4/1.37.1/v0.1.12/0.3.19/0.6.6
2,OY871564.1,B.1.1.7,2021-04-29,complete,Homo sapiens,29884,4.3.4/1.37.1/v0.1.12/0.3.19/0.6.6
2,OY584547.1,B.1.1.7,2021-01-14,complete,Homo sapiens,29884,4.3.4/1.37.1/v0.1.12/0.3.19/0.6.6
2,OD988929.1,B.1.1.7,2021-02-11,complete,Homo sapiens,29884,4.3.4/1.37.1/v0.1.12/0.3.19/0.6.6
2,OX640424.1,B.1.1.7,2021-01-26,complete,Homo sapiens,29884,4.3.4/1.37.1/v0.1.12/0.3.19/0.6.6
2,MZ278734.1,B.1.1.7,2021-05-04,complete,Homo sapiens,29809,4.3.4/1.37.1/v0.1.12/0.3.19/0.6.6
2,OK550314.1,B.1.1.7,2021-06-29,complete,Homo sapiens,29579,4.3.4/1.37.1/v0.1.12/0.3.19/0.6.6
2,OX638519.1,B.1.1.7,2021-03-05,complete,Homo sapiens,29885,4.3.4/1.37.1/v0.1.12/0.3.19/0.6.6
2,MZ083010.1,B.1.1.7,2021-04-05,complete,Homo sapiens,29882,4.3.4/1.37.1/v0.1.12/0.3.19/0.6.6
2,OX778352.1,B.1.1.7,2020,complete,Homo sapiens,29883,4.3.4/1.37.1/v0.1.12/0.3.19/0.6.6
2,OX830712.1,B.1.1.7,2021-05-14,complete,Homo sapiens,29883,4.3.4/1.37.1/v0.1.12/0.3.19/0.6.6
2,OX854458.1,B.1.1.7,2021-06-03,complete,Homo sapiens,29884,4.3.4/1.37.1/v0.1.12/0.3.19/0.6.6
2,OD982247.1,B.1.1.7,2021-02-05,complete,Homo sapiens,29884,4.3.4/1.37.1/v0.1.12/0.3.19/0.6.6
2,OY944058.1,B.1.1.7,2021-01-07,complete,Homo sapiens,29884,4.3.4/1.37.1/v0.1.12/0.3.19/0.6.6
2,MZ031381.1,B.1.1.7,2021-04-05,complete,Homo sapiens,29763,4.3.4/1.37.1/v0.1.12/0.3.19/0.6.6
2,OU385921.1,B.1.1.7,2021-05-19,complete,Homo sapiens,29884,4.3.4/1.37.1/v0.1.12/0.3.19/0.6.6
2,OD968373.1,B.1.1.7,2021-01-30,complete,Homo sapiens,29884,4.3.4/1.37.1/v0.1.12/0.3.19/0.6.6
2,OD935163.1,B.1.1.7,2021-01-03,complete,Homo sapiens,29827,4.3.4/1.37.1/v0.1.12/0.3.19/0.6.6
2,OY297887.1,B.1.1.7,2021-06-12,complete,Homo sapiens,29880,4.3.4/1.37.1/v0.1.12/0.3.19/0.6.6
2,OD995464.1,B.1.1.7,2021-02-16,complete,Homo sapiens,29881,4.3.4/1.37.1/v0.1.12/0.3.19/0.6.6
2,OU395409.1,B.1.1.7,2021-04-26,complete,Homo sapiens,29885,4.3.4/1.37.1/v0.1.12/0.3.19/0.6.6
2,OX677181.1,B.1.1.7,2021-02-13,complete,Homo sapiens,29884,4.3.4/1.37.1/v0.1.12/0.3.19/0.6.6
2,MW865058.1,B.1.1.7,2021-03-07,complete,Homo sapiens,29763,4.3.4/1.37.1/v0.1.12/0.3.19/0.6.6
2,MZ341832.1,B.1.1.7,2021-05-13,complete,Homo sapiens,29728,4.3.4/1.37.1/v0.1.12/0.3.19/0.6.6
2,OD988732.1,B.1.1.7,2021-02-13,complete,Homo sapiens,29884,4.3.4/1.37.1/v0.1.12/0.3.19/0.6.6
2,OY613195.1,B.1.1.7,2021-04-08,complete,Homo sapiens,29884,4.3.4/1.37.1/v0.1.12/0.3.19/0.6.6
2,MW791703.1,B.1.1.7,2021-02-06,complete,Homo sapiens,29706,4.3.4/1.37.1/v0.1.12/0.3.19/0.6.6
2,OD941900.1,B.1.1.7,2021-01-16,complete,Homo sapiens,29884,4.3.4/1.37.1/v0.1.12/0.3.19/0.6.6
2,OU013972.1,B.1.1.7,2021-02-18,complete,Homo sapiens,29884,4.3.4/1.37.1/v0.1.12/0.3.19/0.6.6
2,OD995083.1,B.1.1.7,2021-02-13,complete,Homo sapiens,29884,4.3.4/1.37.1/v0.1.12/0.3.19/0.6.6
2,MZ324971.1,B.1.1.7,2021-05-11,complete,Homo sapiens,29807,4.3.4/1.37.1/v0.1.12/0.3.19/0.6.6
2,OL461500.1,B.1.1.7,2021-05-22,complete,Homo sapiens,29802,4.3.4/1.37.1/v0.1.12/0.3.19/0.6.6
2,OX510707.1,B.1.1.7,2021-05-11,complete,Homo sapiens,29884,4.3.4/1.37.1/v0.1.12/0.3.19/0.6.6
2,OU012123.2,B.1.1.7,2021-02-14,complete,Homo sapiens,29884,4.3.4/1.37.1/v0.1.12/0.3.19/0.6.6
2,OY613555.1,B.1.1.7,2020-12-22,complete,Homo sapiens,29884,4.3.4/1.37.1/v0.1.12/0.3.19/0.6.6
2,MW905784.1,B.1.1.7,2021-03-22,complete,Homo sapiens,29853,4.3.4/1.37.1/v0.1.12/0.3.19/0.6.6
2,OX641502.1,B.1.1.7,2021-01-10,complete,Homo sapiens,29884,4.3.4/1.37.1/v0.1.12/0.3.19/0.6.6
2,MW989056.1,B.1.1.7,2021-04-04,complete,Homo sapiens,29763,4.3.4/1.37.1/v0.1.12/0.3.19/0.6.6
2,MW852086.1,B.1.1.7,2021-03-22,complete,Homo sapiens,29763,4.3.4/1.37.1/v0.1.12/0.3.19/0.6.6
2,OD961790.1,B.1.1.7,2021-01-27,complete,Homo sapiens,29884,4.3.4/1.37.1/v0.1.12/0.3.19/0.6.6
2,OU804225.1,B.1.1.7,2021-02-23,complete,Homo sapiens,29884,4.3.4/1.37.1/v0.1.12/0.3.19/0.6.6
2,MZ246715.1,B.1.1.7,2021-04-29,complete,Homo sapiens,29781,4.3.4/1.37.1/v0.1.12/0.3.19/0.6.6
2,MZ058256.1,B.1.1.7,2021-04-05,complete,Homo sapiens,29875,4.3.4/1.37.1/v0.1.12/0.3.19/0.6.6
2,OX649263.1,B.1.1.7,2021-02-01,complete,Homo sapiens,29885,4.3.4/1.37.1/v0.1.12/0.3.19/0.6.6
2,MZ325144.1,B.1.1.7,2021-05-16,complete,Homo sapiens,29798,4.3.4/1.37.1/v0.1.12/0.3.19/0.6.6
2,OX573417.1,B.1.1.7,2021-02-13,complete,Homo sapiens,29884,4.3.4/1.37.1/v0.1.12/0.3.19/0.6.6
2,OX630543.1,B.1.1.7,2020,complete,Homo sapiens,29882,4.3.4/1.37.1/v0.1.12/0.3.19/0.6.6
2,OX607331.1,B.1.1.7,2021-03-04,complete,Homo sapiens,29884,4.3.4/1.37.1/v0.1.12/0.3.19/0.6.6
2,MZ167480.1,B.1.1.7,2021-04-08,complete,Homo sapiens,29817,4.3.4/1.37.1/v0.1.12/0.3.19/0.6.6
2,OD991365.1,B.1.1.7,2021-02-14,complete,Homo sapiens,29888,4.3.4/1.37.1/v0.1.12/0.3.19/0.6.6
2,OU389769.1,B.1.1.7,2021-01-14,complete,Homo sapiens,29885,4.3.4/1.37.1/v0.1.12/0.3.19/0.6.6
2,OY585563.1,B.1.1.7,2021-02-10,complete,Homo sapiens,29884,4.3.4/1.37.1/v0.1.12/0.3.19/0.6.6
2,MZ390332.1,B.1.1.7,2021-05-21,complete,Homo sapiens,29763,4.3.4/1.37.1/v0.1.12/0.3.19/0.6.6
2,OY366565.1,B.1.1.7,2021-02-10,complete,Homo sapiens,29884,4.3.4/1.37.1/v0.1.12/0.3.19/0.6.6
2,OD944106.1,B.1.1.7,2021-01-09,complete,Homo sapiens,29875,4.3.4/1.37.1/v0.1.12/0.3.19/0.6.6
2,OK586324.1,B.1.1.7,2021-07-11,complete,Homo sapiens,29798,4.3.4/1.37.1/v0.1.12/0.3.19/0.6.6
2,MZ173048.1,B.1.1.7,2021-04-26,complete,Homo sapiens,29763,4.3.4/1.37.1/v0.1.12/0.3.19/0.6.6
2,OD907152.1,B.1.1.7,2020-12-10,complete,Homo sapiens,29884,4.3.4/1.37.1/v0.1.12/0.3.19/0.6.6
2,OD963404.1,B.1.1.7,2021-01-22,complete,Homo sapiens,29886,4.3.4/1.37.1/v0.1.12/0.3.19/0.6.6
2,MZ684947.1,B.1.1.7,2021-04-29,complete,Homo sapiens,29811,4.3.4/1.37.1/v0.1.12/0.3.19/0.6.6
2,OX583999.1,B.1.1.7,2021-02-15,complete,Homo sapiens,29884,4.3.4/1.37.1/v0.1.12/0.3.19/0.6.6
2,MZ191396.1,B.1.1.7,2021-04-24,complete,Homo sapiens,29763,4.3.4/1.37.1/v0.1.12/0.3.19/0.6.6
2,MW831539.1,B.1.1.7,2021-03-22,complete,Homo sapiens,29885,4.3.4/1.37.1/v0.1.12/0.3.19/0.6.6
2,OX575948.1,B.1.1.7,2021-03-18,complete,Homo sapiens,29884,4.3.4/1.37.1/v0.1.12/0.3.19/0.6.6
2,MZ244865.1,B.1.1.7,2021-05-11,complete,Homo sapiens,29883,4.3.4/1.37.1/v0.1.12/0.3.19/0.6.6
2,OD979118.1,B.1.1.7,2021-01-19,complete,Homo sapiens,29886,4.3.4/1.37.1/v0.1.12/0.3.19/0.6.6
2,OD990198.1,B.1.1.7,2021-01-29,complete,Homo sapiens,29884,4.3.4/1.37.1/v0.1.12/0.3.19/0.6.6
2,OU421451.1,B.1.1.7,2021-06-05,complete,Homo sapiens,29860,4.3.4/1.37.1/v0.1.12/0.3.19/0.6.6
2,OD948400.1,B.1.1.7,2021-01-19,complete,Homo sapiens,29873,4.3.4/1.37.1/v0.1.12/0.3.19/0.6.6
2,OX595376.1,B.1.1.7,2021-02-02,complete,Homo sapiens,29893,4.3.4/1.37.1/v0.1.12/0.3.19/0.6.6
2,OX516712.1,B.1.1.7,2021-05-16,complete,Homo sapiens,29884,4.3.4/1.37.1/v0.1.12/0.3.19/0.6.6
2,MZ390414.1,B.1.1.7,2021-05-21,complete,Homo sapiens,29756,4.3.4/1.37.1/v0.1.12/0.3.19/0.6.6
2,OD968529.1,B.1.1.7,2021-01-30,complete,Homo sapiens,29884,4.3.4/1.37.1/v0.1.12/0.3.19/0.6.6
2,OD970968.1,B.1.1.7,2021-02-01,complete,Homo sapiens,29884,4.3.4/1.37.1/v0.1.12/0.3.19/0.6.6
2,OD936738.1,B.1.1.7,2021-01-11,complete,Homo sapiens,29886,4.3.4/1.37.1/v0.1.12/0.3.19/0.6.6
2,OU029594.1,B.1.1.7,2021-02-13,complete,Homo sapiens,29884,4.3.4/1.37.1/v0.1.12/0.3.19/0.6.6
2,OD985076.1,B.1.1.7,2021-02-06,complete,Homo sapiens,29884,4.3.4/1.37.1/v0.1.12/0.3.19/0.6.6
2,OD987461.1,B.1.1.7,2021-02-02,complete,Homo sapiens,29884,4.3.4/1.37.1/v0.1.12/0.3.19/0.6.6
2,MZ282256.1,B.1.1.7,2021-05-04,complete,Homo sapiens,29884,4.3.4/1.37.1/v0.1.12/0.3.19/0.6.6
2,MZ034477.1,B.1.1.7,2021-04-10,complete,Homo sapiens,29882,4.3.4/1.37.1/v0.1.12/0.3.19/0.6.6
2,MZ060270.1,B.1.1.7,2021-04-08,complete,Homo sapiens,29812,4.3.4/1.37.1/v0.1.12/0.3.19/0.6.6
2,OY720001.1,B.1.1.7,2021-02-03,complete,Homo sapiens,29884,4.3.4/1.37.1/v0.1.12/0.3.19/0.6.6
2,OX770608.1,B.1.1.7,2020,complete,Homo sapiens,29884,4.3.4/1.37.1/v0.1.12/0.3.19/0.6.6
2,MW907769.1,B.1.1.7,2021-03-12,complete,Homo sapiens,29804,4.3.4/1.37.1/v0.1.12/0.3.19/0.6.6
2,OY872583.1,B.1.1.7,2021-02-06,complete,Homo sapiens,29885,4.3.4/1.37.1/v0.1.12/0.3.19/0.6.6
2,MZ703726.1,B.1.1.7,2021-07-11,complete,Homo sapiens,29817,4.3.4/1.37.1/v0.1.12/0.3.19/0.6.6
2,OY925978.1,B.1.1.7,2021-02-13,complete,Homo sapiens,29884,4.3.4/1.37.1/v0.1.12/0.3.19/0.6.6
2,OD985010.1,B.1.1.7,2021-02-05,complete,Homo sapiens,29884,4.3.4/1.37.1/v0.1.12/0.3.19/0.6.6
2,MZ173312.1,B.1.1.7,2021-04-25,complete,Homo sapiens,29763,4.3.4/1.37.1/v0.1.12/0.3.19/0.6.6
2,OU029694.1,B.1.1.7,2021-02-06,complete,Homo sapiens,29884,4.3.4/1.37.1/v0.1.12/0.3.19/0.6.6
2,MZ161359.1,B.1.1.7,2021-04-19,complete,Homo sapiens,29763,4.3.4/1.37.1/v0.1.12/0.3.19/0.6.6
2,OD922914.1,B.1.1.7,2020-12-28,complete,Homo sapiens,29827,4.3.4/1.37.1/v0.1.12/0.3.19/0.6.6
2,OU389634.1,B.1.1.7,2021-03-16,complete,Homo sapiens,29885,4.3.4/1.37.1/v0.1.12/0.3.19/0.6.6
2,MZ532765.1,B.1.1.7,2021-06-07,complete,Homo sapiens,29781,4.3.4/1.37.1/v0.1.12/0.3.19/0.6.6
2,MZ290988.1,B.1.1.7,2021-05-05,complete,Homo sapiens,29813,4.3.4/1.37.1/v0.1.12/0.3.19/0.6.6
2,OY612627.1,B.1.1.7,2021-02-05,complete,Homo sapiens,29821,4.3.4/1.37.1/v0.1.12/0.3.19/0.6.6
2,MZ007110.1,B.1.1.7,2021-04-01,complete,Homo sapiens,29813,4.3.4/1.37.1/v0.1.12/0.3.19/0.6.6
2,OD960086.1,B.1.1.7,2021-01-27,complete,Homo sapiens,29884,4.3.4/1.37.1/v0.1.12/0.3.19/0.6.6
2,MW984447.1,B.1.1.7,2021-03-19,complete,Homo sapiens,29706,4.3.4/1.37.1/v0.1.12/0.3.19/0.6.6
2,OY605090.2,B.1.1.7,2021-02-15,complete,Homo sapiens,29883,4.3.4/1.37.1/v0.1.12/0.3.19/0.6.6
2,MW893559.1,B.1.1.7,2021-02-05,complete,Homo sapiens,29797,4.3.4/1.37.1/v0.1.12/0.3.19/0.6.6
2,OU798728.1,B.1.1.7,2021-02-21,complete,Homo sapiens,29884,4.3.4/1.37.1/v0.1.12/0.3.19/0.6.6
2,MZ376787.1,B.1.1.7,2021-04-17,complete,Homo sapiens,29815,4.3.4/1.37.1/v0.1.12/0.3.19/0.6.6
2,OD976342.1,B.1.1.7,2021-01-24,complete,Homo sapiens,29884,4.3.4/1.37.1/v0.1.12/0.3.19/0.6.6
2,MW930090.1,B.1.1.7,2021-03-27,complete,Homo sapiens,29763,4.3.4/1.37.1/v0.1.12/0.3.19/0.6.6
2,OD982731.1,B.1.1.7,2021-02-09,complete,Homo sapiens,29884,4.3.4/1.37.1/v0.1.12/0.3.19/0.6.6
2,OY856671.1,B.1.1.7,2021-02-07,complete,Homo sapiens,29884,4.3.4/1.37.1/v0.1.12/0.3.19/0.6.6
2,MZ378266.1,B.1.1.7,2021-04-30,complete,Homo sapiens,29780,4.3.4/1.37.1/v0.1.12/0.3.19/0.6.6
2,OX541556.1,B.1.1.7,2021-03-10,complete,Homo sapiens,29884,4.3.4/1.37.1/v0.1.12/0.3.19/0.6.6
2,OK290040.1,B.1.1.7,2021-05-11,complete,Homo sapiens,29815,4.3.4/1.37.1/v0.1.12/0.3.19/0.6.6
2,OY881302.1,B.1.1.7,2020,complete,Homo sapiens,29884,4.3.4/1.37.1/v0.1.12/0.3.19/0.6.6
2,OD974578.1,B.1.1.7,2021-01-29,complete,Homo sapiens,29827,4.3.4/1.37.1/v0.1.12/0.3.19/0.6.6
2,OD968785.1,B.1.1.7,2021-01-30,complete,Homo sapiens,29884,4.3.4/1.37.1/v0.1.12/0.3.19/0.6.6
2,OX574949.1,B.1.1.7,2021-04-22,complete,Homo sapiens,29884,4.3.4/1.37.1/v0.1.12/0.3.19/0.6.6
2,OD984694.1,B.1.1.7,2021-02-05,complete,Homo sapiens,29884,4.3.4/1.37.1/v0.1.12/0.3.19/0.6.6
2,MW990650.1,B.1.1.7,2021-04-03,complete,Homo sapiens,29884,4.3.4/1.37.1/v0.1.12/0.3.19/0.6.6
2,OD994927.1,B.1.1.7,2021-02-15,complete,Homo sapiens,29884,4.3.4/1.37.1/v0.1.12/0.3.19/0.6.6
2,OY573323.1,B.1.1.7,2021-02-22,complete,Homo sapiens,29884,4.3.4/1.37.1/v0.1.12/0.3.19/0.6.6
2,OD995111.1,B.1.1.7,2021-02-14,complete,Homo sapiens,29884,4.3.4/1.37.1/v0.1.12/0.3.19/0.6.6
2,MZ572274.1,B.1.1.7,2021-05-28,complete,Homo sapiens,29830,4.3.4/1.37.1/v0.1.12/0.3.19/0.6.6
2,OZ062158.1,B.1.1.7,2021-06-06,complete,Homo sapiens,29801,4.3.4/1.37.1/v0.1.12/0.3.19/0.6.6
2,OX473593.1,B.1.1.7,2021-02-22,complete,Homo sapiens,29884,4.3.4/1.37.1/v0.1.12/0.3.19/0.6.6
2,OX642136.1,B.1.1.7,2021-01-27,complete,Homo sapiens,29884,4.3.4/1.37.1/v0.1.12/0.3.19/0.6.6
2,OL522689.1,B.1.1.7,2021-06-21,complete,Homo sapiens,29884,4.3.4/1.37.1/v0.1.12/0.3.19/0.6.6
2,OD913562.1,B.1.1.7,2020-12-15,complete,Homo sapiens,29884,4.3.4/1.37.1/v0.1.12/0.3.19/0.6.6
2,MZ450753.1,B.1.1.7,2021-06-10,complete,Homo sapiens,29813,4.3.4/1.37.1/v0.1.12/0.3.19/0.6.6
2,MZ280021.1,B.1.1.7,2021-04-30,complete,Homo sapiens,29853,4.3.4/1.37.1/v0.1.12/0.3.19/0.6.6
2,OD985275.1,B.1.1.7,2021-02-13,complete,Homo sapiens,29884,4.3.4/1.37.1/v0.1.12/0.3.19/0.6.6
2,MZ131502.1,B.1.1.7,2021-04-16,complete,Homo sapiens,29763,4.3.4/1.37.1/v0.1.12/0.3.19/0.6.6
2,OX935101.1,B.1.1.7,2020,complete,Homo sapiens,29883,4.3.4/1.37.1/v0.1.12/0.3.19/0.6.6
2,OY374401.1,B.1.1.7,2021-01-20,complete,Homo sapiens,29884,4.3.4/1.37.1/v0.1.12/0.3.19/0.6.6
2,OY361110.1,B.1.1.7,2021-01-28,complete,Homo sapiens,29886,4.3.4/1.37.1/v0.1.12/0.3.19/0.6.6
2,OX545615.1,B.1.1.7,2021-03-23,complete,Homo sapiens,29885,4.3.4/1.37.1/v0.1.12/0.3.19/0.6.6
2,OY604942.1,B.1.1.7,2021-01-26,complete,Homo sapiens,29876,4.3.4/1.37.1/v0.1.12/0.3.19/0.6.6
2,OL601579.1,B.1.1.7,2021-01-07,complete,Homo sapiens,29762,4.3.4/1.37.1/v0.1.12/0.3.19/0.6.6
2,OX466789.1,B.1.1.7,2021-01-10,complete,Homo sapiens,29884,4.3.4/1.37.1/v0.1.12/0.3.19/0.6.6
2,OD989568.1,B.1.1.7,2021-02-11,complete,Homo sapiens,29827,4.3.4/1.37.1/v0.1.12/0.3.19/0.6.6
2,MZ378556.1,B.1.1.7,2021-05-03,complete,Homo sapiens,29764,4.3.4/1.37.1/v0.1.12/0.3.19/0.6.6
2,OD948881.1,B.1.1.7,2021-01-17,complete,Homo sapiens,29884,4.3.4/1.37.1/v0.1.12/0.3.19/0.6.6
2,MZ238441.1,B.1.1.7,2021-05-04,complete,Homo sapiens,29854,4.3.4/1.37.1/v0.1.12/0.3.19/0.6.6
2,OX494252.1,B.1.1.7,2021-05-18,complete,Homo sapiens,29884,4.3.4/1.37.1/v0.1.12/0.3.19/0.6.6
2,OD975483.1,B.1.1.7,2021-01-26,complete,Homo sapiens,29884,4.3.4/1.37.1/v0.1.12/0.3.19/0.6.6
2,OX873108.1,B.1.1.7,2020,complete,Homo sapiens,29883,4.3.4/1.37.1/v0.1.12/0.3.19/0.6.6
2,OD968380.1,B.1.1.7,2021-01-30,complete,Homo sapiens,29884,4.3.4/1.37.1/v0.1.12/0.3.19/0.6.6
2,OX643744.1,B.1.1.7,2021-03-31,complete,Homo sapiens,29884,4.3.4/1.37.1/v0.1.12/0.3.19/0.6.6
2,OX472142.1,B.1.1.7,2021-01-31,complete,Homo sapiens,29884,4.3.4/1.37.1/v0.1.12/0.3.19/0.6.6
2,OU394967.1,B.1.1.7,2021-01-03,complete,Homo sapiens,29885,4.3.4/1.37.1/v0.1.12/0.3.19/0.6.6
2,OX615356.1,B.1.1.7,2020,complete,Homo sapiens,29883,4.3.4/1.37.1/v0.1.12/0.3.19/0.6.6
2,OK147523.1,B.1.1.7,2021-04-29,complete,Homo sapiens,29728,4.3.4/1.37.1/v0.1.12/0.3.19/0.6.6
2,MZ145330.1,B.1.1.7,2021-02-20,complete,Homo sapiens,29836,4.3.4/1.37.1/v0.1.12/0.3.19/0.6.6
2,OZ293152.1,B.1.1.7,2021-05-11,complete,Homo sapiens,29883,4.3.4/1.37.1/v0.1.12/0.3.19/0.6.6
2,MZ342362.1,B.1.1.7,2021-05-20,complete,Homo sapiens,29761,4.3.4/1.37.1/v0.1.12/0.3.19/0.6.6
2,OX552327.1,B.1.1.7,2021-02-01,complete,Homo sapiens,29828,4.3.4/1.37.1/v0.1.12/0.3.19/0.6.6
2,OX559251.1,B.1.1.7,2021-01-31,complete,Homo sapiens,29886,4.3.4/1.37.1/v0.1.12/0.3.19/0.6.6
2,OD928992.1,B.1.1.7,2021-01-02,complete,Homo sapiens,29884,4.3.4/1.37.1/v0.1.12/0.3.19/0.6.6
2,MZ491958.1,B.1.1.7,2021-06-04,complete,Homo sapiens,29781,4.3.4/1.37.1/v0.1.12/0.3.19/0.6.6
2,OD918010.1,B.1.1.7,2020-12-17,complete,Homo sapiens,29884,4.3.4/1.37.1/v0.1.12/0.3.19/0.6.6
2,OX671558.1,B.1.1.7,2020-12-30,complete,Homo sapiens,29884,4.3.4/1.37.1/v0.1.12/0.3.19/0.6.6
2,OY953782.1,B.1.1.7,2020-11-09,complete,Homo sapiens,29884,4.3.4/1.37.1/v0.1.12/0.3.19/0.6.6
2,OD952773.1,B.1.1.7,2021-01-23,complete,Homo sapiens,29884,4.3.4/1.37.1/v0.1.12/0.3.19/0.6.6
2,OD914424.1,B.1.1.7,2020-12-18,complete,Homo sapiens,29884,4.3.4/1.37.1/v0.1.12/0.3.19/0.6.6
2,OD916999.1,B.1.1.7,2020-12-14,complete,Homo sapiens,29884,4.3.4/1.37.1/v0.1.12/0.3.19/0.6.6
2,OD905171.1,B.1.1.7,2020-12-06,complete,Homo sapiens,29884,4.3.4/1.37.1/v0.1.12/0.3.19/0.6.6
2,MW993522.1,B.1.1.7,2021-03-24,complete,Homo sapiens,29859,4.3.4/1.37.1/v0.1.12/0.3.19/0.6.6
2,OL369213.1,B.1.1.7,2021-04-28,complete,Homo sapiens,29883,4.3.4/1.37.1/v0.1.12/0.3.19/0.6.6
2,MZ185001.1,B.1.1.7,2021-04-28,complete,Homo sapiens,29881,4.3.4/1.37.1/v0.1.12/0.3.19/0.6.6
2,MZ278335.1,B.1.1.7,2021-04-30,complete,Homo sapiens,29848,4.3.4/1.37.1/v0.1.12/0.3.19/0.6.6
2,MZ354723.1,B.1.1.7,2021-05-15,complete,Homo sapiens,29782,4.3.4/1.37.1/v0.1.12/0.3.19/0.6.6
2,OD976847.1,B.1.1.7,2021-01-20,complete,Homo sapiens,29872,4.3.4/1.37.1/v0.1.12/0.3.19/0.6.6
2,OY859591.1,B.1.1.7,2021-02-10,complete,Homo sapiens,29884,4.3.4/1.37.1/v0.1.12/0.3.19/0.6.6
2,OZ292874.1,B.1.1.7,2021-05-05,complete,Homo sapiens,29884,4.3.4/1.37.1/v0.1.12/0.3.19/0.6.6
2,MW865680.1,B.1.1.7,2021-03-09,complete,Homo sapiens,29763,4.3.4/1.37.1/v0.1.12/0.3.19/0.6.6
2,MW869155.1,B.1.1.7,2021-03-08,complete,Homo sapiens,29854,4.3.4/1.37.1/v0.1.12/0.3.19/0.6.6
2,MZ132410.1,B.1.1.7,2021-04-16,complete,Homo sapiens,29813,4.3.4/1.37.1/v0.1.12/0.3.19/0.6.6
2,MZ813118.1,B.1.1.7,2021-07-27,complete,Homo sapiens,29817,4.3.4/1.37.1/v0.1.12/0.3.19/0.6.6
2,MZ194843.1,B.1.1.7,2021-05-03,complete,Homo sapiens,29856,4.3.4/1.37.1/v0.1.12/0.3.19/0.6.6
2,MZ415398.1,B.1.1.7,2021-06-03,complete,Homo sapiens,29808,4.3.4/1.37.1/v0.1.12/0.3.19/0.6.6
2,OU807564.1,B.1.1.7,2021-02-06,complete,Homo sapiens,29885,4.3.4/1.37.1/v0.1.12/0.3.19/0.6.6
2,MW914426.1,B.1.1.7,2021-03-22,complete,Homo sapiens,29695,4.3.4/1.37.1/v0.1.12/0.3.19/0.6.6
2,MZ255617.1,B.1.1.7,2021-03-23,complete,Homo sapiens,29879,4.3.4/1.37.1/v0.1.12/0.3.19/0.6.6
2,OD983081.1,B.1.1.7,2021-02-10,complete,Homo sapiens,29884,4.3.4/1.37.1/v0.1.12/0.3.19/0.6.6
2,OX589043.1,B.1.1.7,2021-01-03,complete,Homo sapiens,29885,4.3.4/1.37.1/v0.1.12/0.3.19/0.6.6
2,MZ213787.1,B.1.1.7,2021-04-13,complete,Homo sapiens,29867,4.3.4/1.37.1/v0.1.12/0.3.19/0.6.6
2,MZ390633.1,B.1.1.7,2021-05-16,complete,Homo sapiens,29763,4.3.4/1.37.1/v0.1.12/0.3.19/0.6.6
2,OX729393.1,B.1.1.7,2020,complete,Homo sapiens,29883,4.3.4/1.37.1/v0.1.12/0.3.19/0.6.6
2,OD923405.1,B.1.1.7,2020-12-27,complete,Homo sapiens,29884,4.3.4/1.37.1/v0.1.12/0.3.19/0.6.6
2,OY717299.1,B.1.1.7,2021-01-09,complete,Homo sapiens,29886,4.3.4/1.37.1/v0.1.12/0.3.19/0.6.6
2,OD976104.1,B.1.1.7,2021-01-25,complete,Homo sapiens,29886,4.3.4/1.37.1/v0.1.12/0.3.19/0.6.6
2,OD970035.1,B.1.1.7,2021-01-30,complete,Homo sapiens,29884,4.3.4/1.37.1/v0.1.12/0.3.19/0.6.6
2,OD968508.1,B.1.1.7,2021-01-30,complete,Homo sapiens,29884,4.3.4/1.37.1/v0.1.12/0.3.19/0.6.6
2,OD920278.1,B.1.1.7,2020-12-26,complete,Homo sapiens,29884,4.3.4/1.37.1/v0.1.12/0.3.19/0.6.6
2,MZ538117.1,B.1.1.7,2021-06-09,complete,Homo sapiens,29763,4.3.4/1.37.1/v0.1.12/0.3.19/0.6.6
2,OD947878.1,B.1.1.7,2021-01-16,complete,Homo sapiens,29884,4.3.4/1.37.1/v0.1.12/0.3.19/0.6.6
2,OY605706.1,B.1.1.7,2021-01-15,complete,Homo sapiens,29893,4.3.4/1.37.1/v0.1.12/0.3.19/0.6.6
2,OY884199.1,B.1.1.7,2021-02-07,complete,Homo sapiens,29886,4.3.4/1.37.1/v0.1.12/0.3.19/0.6.6
2,OY294349.1,B.1.1.7,2020,complete,Homo sapiens,29883,4.3.4/1.37.1/v0.1.12/0.3.19/0.6.6
2,OX476342.1,B.1.1.7,2021-06-15,complete,Homo sapiens,29884,4.3.4/1.37.1/v0.1.12/0.3.19/0.6.6
2,OU012937.1,B.1.1.7,2021-02-13,complete,Homo sapiens,29884,4.3.4/1.37.1/v0.1.12/0.3.19/0.6.6
2,MZ006555.1,B.1.1.7,2021-04-01,complete,Homo sapiens,29813,4.3.4/1.37.1/v0.1.12/0.3.19/0.6.6
2,MZ201892.1,B.1.1.7,2021-04-25,complete,Homo sapiens,29813,4.3.4/1.37.1/v0.1.12/0.3.19/0.6.6
2,OU029360.1,B.1.1.7,2021-03-11,complete,Homo sapiens,29884,4.3.4/1.37.1/v0.1.12/0.3.19/0.6.6
2,OZ290890.1,B.1.1.7,2021-04-11,complete,Homo sapiens,29884,4.3.4/1.37.1/v0.1.12/0.3.19/0.6.6
2,OY867037.1,B.1.1.7,2020-12-18,complete,Homo sapiens,29884,4.3.4/1.37.1/v0.1.12/0.3.19/0.6.6
2,OD994213.1,B.1.1.7,2021-02-15,complete,Homo sapiens,29884,4.3.4/1.37.1/v0.1.12/0.3.19/0.6.6
2,OZ292269.1,B.1.1.7,2021-04-21,complete,Homo sapiens,29884,4.3.4/1.37.1/v0.1.12/0.3.19/0.6.6
2,OX475441.1,B.1.1.7,2021-01-29,complete,Homo sapiens,29886,4.3.4/1.37.1/v0.1.12/0.3.19/0.6.6
2,OD941745.1,B.1.1.7,2021-01-15,complete,Homo sapiens,29884,4.3.4/1.37.1/v0.1.12/0.3.19/0.6.6
2,OD934030.1,B.1.1.7,2021-01-08,complete,Homo sapiens,29884,4.3.4/1.37.1/v0.1.12/0.3.19/0.6.6
2,MZ215045.1,B.1.1.7,2021-04-24,complete,Homo sapiens,29873,4.3.4/1.37.1/v0.1.12/0.3.19/0.6.6
2,OD941938.1,B.1.1.7,2021-01-14,complete,Homo sapiens,29884,4.3.4/1.37.1/v0.1.12/0.3.19/0.6.6
2,OD932791.1,B.1.1.7,2021-01-09,complete,Homo sapiens,29884,4.3.4/1.37.1/v0.1.12/0.3.19/0.6.6
2,OY620336.1,B.1.1.7,2021-04-15,complete,Homo sapiens,29884,4.3.4/1.37.1/v0.1.12/0.3.19/0.6.6
2,OX478529.1,B.1.1.7,2021-06-24,complete,Homo sapiens,29884,4.3.4/1.37.1/v0.1.12/0.3.19/0.6.6
2,OX448848.1,B.1.1.7,2021-05-25,complete,Homo sapiens,29803,4.3.4/1.37.1/v0.1.12/0.3.19/0.6.6
2,OY604717.1,B.1.1.7,2021-01-09,complete,Homo sapiens,29886,4.3.4/1.37.1/v0.1.12/0.3.19/0.6.6
2,OK231376.1,B.1.1.7,2021-06-07,complete,Homo sapiens,29761,4.3.4/1.37.1/v0.1.12/0.3.19/0.6.6
2,OX624509.1,B.1.1.7,2021-03-19,complete,Homo sapiens,29883,4.3.4/1.37.1/v0.1.12/0.3.19/0.6.6
2,OX483690.1,B.1.1.7,2021-02-26,complete,Homo sapiens,29884,4.3.4/1.37.1/v0.1.12/0.3.19/0.6.6
2,MZ056169.1,B.1.1.7,2021-04-02,complete,Homo sapiens,29848,4.3.4/1.37.1/v0.1.12/0.3.19/0.6.6
2,OD918889.1,B.1.1.7,2020-12-21,complete,Homo sapiens,29886,4.3.4/1.37.1/v0.1.12/0.3.19/0.6.6
2,MZ274643.1,B.1.1.7,2021-05-03,complete,Homo sapiens,29763,4.3.4/1.37.1/v0.1.12/0.3.19/0.6.6
2,OD933962.1,B.1.1.7,2021-01-09,complete,Homo sapiens,29884,4.3.4/1.37.1/v0.1.12/0.3.19/0.6.6
2,OZ293640.1,B.1.1.7,2021-05-29,complete,Homo sapiens,29884,4.3.4/1.37.1/v0.1.12/0.3.19/0.6.6
2,OY869636.1,B.1.1.7,2021-02-02,complete,Homo sapiens,29884,4.3.4/1.37.1/v0.1.12/0.3.19/0.6.6
2,OX748854.1,B.1.1.7,2020,complete,Homo sapiens,29883,4.3.4/1.37.1/v0.1.12/0.3.19/0.6.6
2,OD923958.1,B.1.1.7,2020-12-22,complete,Homo sapiens,29884,4.3.4/1.37.1/v0.1.12/0.3.19/0.6.6
2,OX583240.1,B.1.1.7,2021-03-18,complete,Homo sapiens,29885,4.3.4/1.37.1/v0.1.12/0.3.19/0.6.6
2,MZ493379.1,B.1.1.7,2021-06-04,complete,Homo sapiens,29839,4.3.4/1.37.1/v0.1.12/0.3.19/0.6.6
2,MZ288398.1,B.1.1.7,2021-05-03,complete,Homo sapiens,29763,4.3.4/1.37.1/v0.1.12/0.3.19/0.6.6
2,MW897368.1,B.1.1.7,2021-03-23,complete,Homo sapiens,29706,4.3.4/1.37.1/v0.1.12/0.3.19/0.6.6
2,OD976067.1,B.1.1.7,2021-01-25,complete,Homo sapiens,29884,4.3.4/1.37.1/v0.1.12/0.3.19/0.6.6
2,MZ647151.1,B.1.1.7,2021-04-06,complete,Homo sapiens,29783,4.3.4/1.37.1/v0.1.12/0.3.19/0.6.6
2,OV103541.1,B.1.1.7,2021-03-10,complete,Homo sapiens,29864,4.3.4/1.37.1/v0.1.12/0.3.19/0.6.6
2,OX552644.1,B.1.1.7,2020-12-24,complete,Homo sapiens,29888,4.3.4/1.37.1/v0.1.12/0.3.19/0.6.6
2,OY865175.1,B.1.1.7,2021-02-05,complete,Homo sapiens,29886,4.3.4/1.37.1/v0.1.12/0.3.19/0.6.6
2,MZ211665.1,B.1.1.7,2021-04-10,complete,Homo sapiens,29880,4.3.4/1.37.1/v0.1.12/0.3.19/0.6.6
2,OD953591.1,B.1.1.7,2021-01-20,complete,Homo sapiens,29884,4.3.4/1.37.1/v0.1.12/0.3.19/0.6.6
2,OY361053.1,B.1.1.7,2021-01-19,complete,Homo sapiens,29884,4.3.4/1.37.1/v0.1.12/0.3.19/0.6.6
2,OU387503.1,B.1.1.7,2021-05-21,complete,Homo sapiens,29884,4.3.4/1.37.1/v0.1.12/0.3.19/0.6.6
2,OY619871.1,B.1.1.7,2021-02-02,complete,Homo sapiens,29884,4.3.4/1.37.1/v0.1.12/0.3.19/0.6.6
2,OD959884.1,B.1.1.7,2021-01-05,complete,Homo sapiens,29884,4.3.4/1.37.1/v0.1.12/0.3.19/0.6.6
2,MZ499159.1,B.1.1.7,2021-04-24,complete,Homo sapiens,29786,4.3.4/1.37.1/v0.1.12/0.3.19/0.6.6
2,MW965091.1,B.1.1.7,2021-04-01,complete,Homo sapiens,29763,4.3.4/1.37.1/v0.1.12/0.3.19/0.6.6
2,OD948571.1,B.1.1.7,2021-01-18,complete,Homo sapiens,29884,4.3.4/1.37.1/v0.1.12/0.3.19/0.6.6
2,MZ161425.1,B.1.1.7,2021-04-18,complete,Homo sapiens,29763,4.3.4/1.37.1/v0.1.12/0.3.19/0.6.6
2,OD954842.1,B.1.1.7,2021-01-24,complete,Homo sapiens,29884,4.3.4/1.37.1/v0.1.12/0.3.19/0.6.6
2,MZ375720.1,B.1.1.7,2021-05-10,complete,Homo sapiens,29781,4.3.4/1.37.1/v0.1.12/0.3.19/0.6.6
2,MW841885.1,B.1.1.7,2021-02-25,complete,Homo sapiens,29763,4.3.4/1.37.1/v0.1.12/0.3.19/0.6.6
2,OD959421.1,B.1.1.7,2021-01-25,complete,Homo sapiens,29884,4.3.4/1.37.1/v0.1.12/0.3.19/0.6.6
2,OD944064.1,B.1.1.7,2021-01-09,complete,Homo sapiens,29884,4.3.4/1.37.1/v0.1.12/0.3.19/0.6.6
2,OX583027.1,B.1.1.7,2020-12-23,complete,Homo sapiens,29886,4.3.4/1.37.1/v0.1.12/0.3.19/0.6.6
2,OU012323.1,B.1.1.7,2021-02-12,complete,Homo sapiens,29884,4.3.4/1.37.1/v0.1.12/0.3.19/0.6.6
2,OX927262.1,B.1.1.7,2020,complete,Homo sapiens,29883,4.3.4/1.37.1/v0.1.12/0.3.19/0.6.6
2,MW869455.1,B.1.1.7,2021-03-07,complete,Homo sapiens,29695,4.3.4/1.37.1/v0.1.12/0.3.19/0.6.6
2,MZ180669.1,B.1.1.7,2021-05-01,complete,Homo sapiens,29695,4.3.4/1.37.1/v0.1.12/0.3.19/0.6.6
2,BS010803.1,B.1.1.7,2021-08-13,complete,Homo sapiens,29785,4.3.4/1.37.1/v0.1.12/0.3.19/0.6.6
2,MW877119.1,B.1.1.7,2021-03-09,complete,Homo sapiens,29884,4.3.4/1.37.1/v0.1.12/0.3.19/0.6.6
2,OU396013.1,B.1.1.7,2021-05-17,complete,Homo sapiens,29884,4.3.4/1.37.1/v0.1.12/0.3.19/0.6.6
2,OB997962.1,B.1.1.7,2021-03-18,complete,Homo sapiens,29893,4.3.4/1.37.1/v0.1.12/0.3.19/0.6.6
2,MZ011471.1,B.1.1.7,2021-03-29,complete,Homo sapiens,29882,4.3.4/1.37.1/v0.1.12/0.3.19/0.6.6
2,OX876557.1,B.1.1.7,2020,complete,Homo sapiens,29883,4.3.4/1.37.1/v0.1.12/0.3.19/0.6.6
2,OD969723.1,B.1.1.7,2021-01-29,complete,Homo sapiens,29882,4.3.4/1.37.1/v0.1.12/0.3.19/0.6.6
2,MZ565897.1,B.1.1.7,2021-06-19,complete,Homo sapiens,29817,4.3.4/1.37.1/v0.1.12/0.3.19/0.6.6
2,OY862652.1,B.1.1.7,2020,complete,Homo sapiens,29886,4.3.4/1.37.1/v0.1.12/0.3.19/0.6.6
2,OD951872.1,B.1.1.7,2021-01-25,complete,Homo sapiens,29884,4.3.4/1.37.1/v0.1.12/0.3.19/0.6.6
2,OX671681.1,B.1.1.7,2021-01-29,complete,Homo sapiens,29884,4.3.4/1.37.1/v0.1.12/0.3.19/0.6.6
2,OD927651.1,B.1.1.7,2021-01-02,complete,Homo sapiens,29884,4.3.4/1.37.1/v0.1.12/0.3.19/0.6.6
2,OD967814.1,B.1.1.7,2021-01-28,complete,Homo sapiens,29884,4.3.4/1.37.1/v0.1.12/0.3.19/0.6.6
2,MW928074.1,B.1.1.7,2021-04-05,complete,Homo sapiens,29760,4.3.4/1.37.1/v0.1.12/0.3.19/0.6.6
2,OY873181.1,B.1.1.7,2021-02-26,complete,Homo sapiens,29884,4.3.4/1.37.1/v0.1.12/0.3.19/0.6.6
2,OD945952.1,B.1.1.7,2021-01-19,complete,Homo sapiens,29884,4.3.4/1.37.1/v0.1.12/0.3.19/0.6.6
2,MW844365.1,B.1.1.7,2021-02-25,complete,Homo sapiens,29883,4.3.4/1.37.1/v0.1.12/0.3.19/0.6.6
2,OB998200.1,B.1.1.7,2021-03-07,complete,Homo sapiens,29884,4.3.4/1.37.1/v0.1.12/0.3.19/0.6.6
2,MW959611.1,B.1.1.7,2021-04-01,complete,Homo sapiens,29763,4.3.4/1.37.1/v0.1.12/0.3.19/0.6.6
2,OD955167.1,B.1.1.7,2021-01-25,complete,Homo sapiens,29884,4.3.4/1.37.1/v0.1.12/0.3.19/0.6.6
2,MZ213301.1,B.1.1.7,2021-04-13,complete,Homo sapiens,29857,4.3.4/1.37.1/v0.1.12/0.3.19/0.6.6
2,OX741386.1,B.1.1.7,2020,complete,Homo sapiens,29883,4.3.4/1.37.1/v0.1.12/0.3.19/0.6.6
2,OU388178.1,B.1.1.7,2021-02-04,complete,Homo sapiens,29886,4.3.4/1.37.1/v0.1.12/0.3.19/0.6.6
2,OD991195.1,B.1.1.7,2021-02-10,complete,Homo sapiens,29884,4.3.4/1.37.1/v0.1.12/0.3.19/0.6.6
2,OY891762.1,B.1.1.7,2021-02-24,complete,Homo sapiens,29906,4.3.4/1.37.1/v0.1.12/0.3.19/0.6.6
2,OD915953.1,B.1.1.7,2020-12-16,complete,Homo sapiens,29884,4.3.4/1.37.1/v0.1.12/0.3.19/0.6.6
2,MZ284565.1,B.1.1.7,2021-04-25,complete,Homo sapiens,29883,4.3.4/1.37.1/v0.1.12/0.3.19/0.6.6
2,MW699178.1,B.1.1.7,2021-02-24,complete,Homo sapiens,29885,4.3.4/1.37.1/v0.1.12/0.3.19/0.6.6
2,OD971313.1,B.1.1.7,2021-02-04,complete,Homo sapiens,29884,4.3.4/1.37.1/v0.1.12/0.3.19/0.6.6
2,OU013114.1,B.1.1.7,2021-02-15,complete,Homo sapiens,29884,4.3.4/1.37.1/v0.1.12/0.3.19/0.6.6
2,OD976074.1,B.1.1.7,2021-01-25,complete,Homo sapiens,29827,4.3.4/1.37.1/v0.1.12/0.3.19/0.6.6
2,OX564478.1,B.1.1.7,2021-06-14,complete,Homo sapiens,29871,4.3.4/1.37.1/v0.1.12/0.3.19/0.6.6
2,OY609660.1,B.1.1.7,2020,complete,Homo sapiens,29884,4.3.4/1.37.1/v0.1.12/0.3.19/0.6.6
2,OX833986.1,B.1.1.7,2020,complete,Homo sapiens,29903,4.3.4/1.37.1/v0.1.12/0.3.19/0.6.6
3,OX446986.1,B.1.351,2021-05-18,complete,Homo sapiens,29896,4.3.4/1.37.1/v0.1.12/0.3.19/0.6.6
3,MZ970738.1,B.1.351,2021-03-31,complete,Homo sapiens,29764,4.3.4/1.37.1/v0.1.12/0.3.19/0.6.6
3,OZ289872.1,B.1.351,2021-02-25,complete,Homo sapiens,29885,4.3.4/1.37.1/v0.1.12/0.3.19/0.6.6
3,PP522435.1,B.1.351,2021-01-04,complete,Homo sapiens,29750,4.3.4/1.37.1/v0.1.12/0.3.19/0.6.6
3,ON322587.1,B.1.351,2020-12-25,complete,Homo sapiens,29758,4.3.4/1.37.1/v0.1.12/0.3.19/0.6.6
3,OY297263.1,B.1.351,2021-01-26,complete,Homo sapiens,29893,4.3.4/1.37.1/v0.1.12/0.3.19/0.6.6
3,OX971562.1,B.1.351,2020,complete,Homo sapiens,29893,4.3.4/1.37.1/v0.1.12/0.3.19/0.6.6
3,OM062543.1,B.1.351,2021-04-22,complete,Homo sapiens,29764,4.3.4/1.37.1/v0.1.12/0.3.19/0.6.6
3,OY315462.1,B.1.351,2021-01-18,complete,Homo sapiens,29893,4.3.4/1.37.1/v0.1.12/0.3.19/0.6.6
3,OD917710.1,B.1.351,2020-12-15,complete,Homo sapiens,29885,4.3.4/1.37.1/v0.1.12/0.3.19/0.6.6
3,MZ259654.1,B.1.351,2021-03-02,complete,Homo sapiens,29858,4.3.4/1.37.1/v0.1.12/0.3.19/0.6.6
3,MZ283263.1,B.1.351,2021-04-21,complete,Homo sapiens,29885,4.3.4/1.37.1/v0.1.12/0.3.19/0.6.6
3,MZ316502.1,B.1.351,2021-05-07,complete,Homo sapiens,29818,4.3.4/1.37.1/v0.1.12/0.3.19/0.6.6
3,OX787272.1,B.1.351,2020,complete,Homo sapiens,29903,4.3.4/1.37.1/v0.1.12/0.3.19/0.6.6
3,OY860956.1,B.1.351,2020,complete,Homo sapiens,29885,4.3.4/1.37.1/v0.1.12/0.3.19/0.6.6
3,OM725570.1,B.1.351,2020-11-06,complete,Homo sapiens,29863,4.3.4/1.37.1/v0.1.12/0.3.19/0.6.6
3,MZ358520.1,B.1.351,2021-05-17,complete,Homo sapiens,29810,4.3.4/1.37.1/v0.1.12/0.3.19/0.6.6
3,PP522424.1,B.1.351,2020-12-15,complete,Homo sapiens,29759,4.3.4/1.37.1/v0.1.12/0.3.19/0.6.6
3,OX657734.1,B.1.351,2021-01-15,complete,Homo sapiens,29885,4.3.4/1.37.1/v0.1.12/0.3.19/0.6.6
3,OR584703.1,B.1.351,2021-04,complete,Homo sapiens,29803,4.3.4/1.37.1/v0.1.12/0.3.19/0.6.6
3,OK466713.1,B.1.351,2021-05-19,complete,Homo sapiens,29879,4.3.4/1.37.1/v0.1.12/0.3.19/0.6.6
3,OU396378.1,B.1.351,2021-01-29,complete,Homo sapiens,29891,4.3.4/1.37.1/v0.1.12/0.3.19/0.6.6
3,PP237012.1,B.1.351,2022-07-11,complete,Homo sapiens,29766,4.3.4/1.37.1/v0.1.12/0.3.19/0.6.6
3,OX719536.1,B.1.351,2021-01-18,complete,Homo sapiens,29884,4.3.4/1.37.1/v0.1.12/0.3.19/0.6.6
3,PP520819.1,B.1.351,2021-05-24,complete,Homo sapiens,29817,4.3.4/1.37.1/v0.1.12/0.3.19/0.6.6
3,PP522450.1,B.1.351,2021-01-17,complete,Homo sapiens,29805,4.3.4/1.37.1/v0.1.12/0.3.19/0.6.6
3,OM765703.1,B.1.351,2021-06-24,complete,Homo sapiens,29882,4.3.4/1.37.1/v0.1.12/0.3.19/0.6.6
3,OX954649.1,B.1.351,2020,complete,Homo sapiens,29890,4.3.4/1.37.1/v0.1.12/0.3.19/0.6.6
3,MZ368225.1,B.1.351,2021-03-20,complete,Homo sapiens,29883,4.3.4/1.37.1/v0.1.12/0.3.19/0.6.6
3,MZ619702.1,B.1.351,2021-03-29,complete,Homo sapiens,29816,4.3.4/1.37.1/v0.1.12/0.3.19/0.6.6
3,OX556874.1,B.1.351,2021-02-19,complete,Homo sapiens,29885,4.3.4/1.37.1/v0.1.12/0.3.19/0.6.6
3,OX750330.1,B.1.351,2021-03-30,complete,Homo sapiens,29884,4.3.4/1.37.1/v0.1.12/0.3.19/0.6.6
3,ON116535.1,B.1.351,2021-05-31,complete,Homo sapiens,29758,4.3.4/1.37.1/v0.1.12/0.3.19/0.6.6
3,MW598408.1,B.1.351,2021-01-10,complete,Homo sapiens,29885,4.3.4/1.37.1/v0.1.12/0.3.19/0.6.6
3,OD926918.1,B.1.351,2020-12-29,complete,Homo sapiens,29885,4.3.4/1.37.1/v0.1.12/0.3.19/0.6.6
3,OD923922.1,B.1.351,2020-12-26,complete,Homo sapiens,29885,4.3.4/1.37.1/v0.1.12/0.3.19/0.6.6
3,OD923472.1,B.1.351,2020-12-26,complete,Homo sapiens,29885,4.3.4/1.37.1/v0.1.12/0.3.19/0.6.6
3,OX894047.1,B.1.351,2020,complete,Homo sapiens,29903,4.3.4/1.37.1/v0.1.12/0.3.19/0.6.6
3,OQ747185.1,B.1.351,2022-11,complete,Homo sapiens,29864,4.3.4/1.37.1/v0.1.12/0.3.19/0.6.6
3,OK240179.1,B.1.351,2021-08-04,complete,Homo sapiens,29782,4.3.4/1.37.1/v0.1.12/0.3.19/0.6.6
3,MZ684607.1,B.1.351,2021-04-30,complete,Homo sapiens,29803,4.3.4/1.37.1/v0.1.12/0.3.19/0.6.6
3,MZ290246.1,B.1.351,2021-05-07,complete,Homo sapiens,29817,4.3.4/1.37.1/v0.1.12/0.3.19/0.6.6
3,OX781757.1,B.1.351,2020,complete,Homo sapiens,29884,4.3.4/1.37.1/v0.1.12/0.3.19/0.6.6
3,OD974316.1,B.1.351,2021-02-03,complete,Homo sapiens,29885,4.3.4/1.37.1/v0.1.12/0.3.19/0.6.6
3,PP522247.1,B.1.351,2021-06-14,complete,Homo sapiens,29796,4.3.4/1.37.1/v0.1.12/0.3.19/0.6.6
3,OX677304.1,B.1.351,2021-05-07,complete,Homo sapiens,29886,4.3.4/1.37.1/v0.1.12/0.3.19/0.6.6
3,OX889269.1,B.1.351,2020,complete,Homo sapiens,29893,4.3.4/1.37.1/v0.1.12/0.3.19/0.6.6
3,OX633996.1,B.1.351,2020,complete,Homo sapiens,29877,4.3.4/1.37.1/v0.1.12/0.3.19/0.6.6
3,ON647499.1,B.1.351,2020-12-28,complete,Homo sapiens,29758,4.3.4/1.37.1/v0.1.12/0.3.19/0.6.6
3,OY362450.1,B.1.351,2020-12-27,complete,Homo sapiens,29885,4.3.4/1.37.1/v0.1.12/0.3.19/0.6.6
3,OM739300.1,B.1.351,2020-12-07,complete,Homo sapiens,29813,4.3.4/1.37.1/v0.1.12/0.3.19/0.6.6
3,OX783131.1,B.1.351,2020,complete,Homo sapiens,29903,4.3.4/1.37.1/v0.1.12/0.3.19/0.6.6
3,MZ451707.1,B.1.351,2021-04-30,complete,Homo sapiens,29828,4.3.4/1.37.1/v0.1.12/0.3.19/0.6.6
3,MZ747272.1,B.1.351,2021-04-23,complete,Homo sapiens,29831,4.3.4/1.37.1/v0.1.12/0.3.19/0.6.6
3,MZ266501.1,B.1.351,2021-04-08,complete,Homo sapiens,29764,4.3.4/1.37.1/v0.1.12/0.3.19/0.6.6
3,MZ028925.1,B.1.351,2021-04-06,complete,Homo sapiens,29849,4.3.4/1.37.1/v0.1.12/0.3.19/0.6.6
3,MW763132.1,B.1.351,2021-02-23,complete,Homo sapiens,29854,4.3.4/1.37.1/v0.1.12/0.3.19/0.6.6
3,OY396040.1,B.1.351,2021-01-29,complete,Homo sapiens,29885,4.3.4/1.37.1/v0.1.12/0.3.19/0.6.6
3,MW763130.1,B.1.351,2021-02-22,complete,Homo sapiens,29856,4.3.4/1.37.1/v0.1.12/0.3.19/0.6.6
3,MW905875.1,B.1.351,2021-03-18,complete,Homo sapiens,29764,4.3.4/1.37.1/v0.1.12/0.3.19/0.6.6
3,MZ376663.1,B.1.351,2020-11-16,complete,Homo sapiens,29848,4.3.4/1.37.1/v0.1.12/0.3.19/0.6.6
3,MZ520101.1,B.1.351,2021-03-24,complete,Homo sapiens,29764,4.3.4/1.37.1/v0.1.12/0.3.19/0.6.6
3,OD982483.1,B.1.351,2021-01-25,complete,Homo sapiens,29885,4.3.4/1.37.1/v0.1.12/0.3.19/0.6.6
3,OK188304.1,B.1.351,2021-02-21,complete,Homo sapiens,29849,4.3.4/1.37.1/v0.1.12/0.3.19/0.6.6
3,MW763129.1,B.1.351,2021-02-21,complete,Homo sapiens,29856,4.3.4/1.37.1/v0.1.12/0.3.19/0.6.6
3,MZ306165.1,B.1.351,2021-05-06,complete,Homo sapiens,29726,4.3.4/1.37.1/v0.1.12/0.3.19/0.6.6
3,PP522445.1,B.1.351,2021-01-13,complete,Homo sapiens,29768,4.3.4/1.37.1/v0.1.12/0.3.19/0.6.6
3,PP521652.1,B.1.351,2021-05-20,complete,Homo sapiens,29758,4.3.4/1.37.1/v0.1.12/0.3.19/0.6.6
3,OX841034.1,B.1.351,2020,complete,Homo sapiens,29893,4.3.4/1.37.1/v0.1.12/0.3.19/0.6.6
3,PP518960.1,B.1.351,2020-12-09,complete,Homo sapiens,29819,4.3.4/1.37.1/v0.1.12/0.3.19/0.6.6
3,OY860095.1,B.1.351,2021-02-05,complete,Homo sapiens,29885,4.3.4/1.37.1/v0.1.12/0.3.19/0.6.6
3,MZ306477.1,B.1.351,2021-05-12,complete,Homo sapiens,29696,4.3.4/1.37.1/v0.1.12/0.3.19/0.6.6
3,MZ664733.1,B.1.351,2021-04-22,complete,Homo sapiens,29788,4.3.4/1.37.1/v0.1.12/0.3.19/0.6.6
3,OX446658.1,B.1.351,2021-05-03,complete,Homo sapiens,29885,4.3.4/1.37.1/v0.1.12/0.3.19/0.6.6
3,OM182041.1,B.1.351,2021-03-08,complete,Homo sapiens,29778,4.3.4/1.37.1/v0.1.12/0.3.19/0.6.6
3,MW906061.1,B.1.351,2021-03-22,complete,Homo sapiens,29764,4.3.4/1.37.1/v0.1.12/0.3.19/0.6.6
3,OP053412.1,B.1.351,2021-05-25,complete,Homo sapiens,29758,4.3.4/1.37.1/v0.1.12/0.3.19/0.6.6
3,MZ186600.1,B.1.351,2021-04-21,complete,Homo sapiens,29873,4.3.4/1.37.1/v0.1.12/0.3.19/0.6.6
3,OM720789.1,B.1.351,2021-09-21,complete,Homo sapiens,29804,4.3.4/1.37.1/v0.1.12/0.3.19/0.6.6
3,MZ684404.1,B.1.351,2021-04-22,complete,Homo sapiens,29804,4.3.4/1.37.1/v0.1.12/0.3.19/0.6.6
3,MZ036441.1,B.1.351,2021-04-08,complete,Homo sapiens,29696,4.3.4/1.37.1/v0.1.12/0.3.19/0.6.6
3,OX563522.1,B.1.351,2021-02-07,complete,Homo sapiens,29885,4.3.4/1.37.1/v0.1.12/0.3.19/0.6.6
3,PP520974.1,B.1.351,2021-09-24,complete,Homo sapiens,29818,4.3.4/1.37.1/v0.1.12/0.3.19/0.6.6
3,OU804938.1,B.1.351,2021-01-03,complete,Homo sapiens,29885,4.3.4/1.37.1/v0.1.12/0.3.19/0.6.6
3,MZ090333.1,B.1.351,2021-04-10,complete,Homo sapiens,29764,4.3.4/1.37.1/v0.1.12/0.3.19/0.6.6
3,PP519112.1,B.1.351,2020-11-04,complete,Homo sapiens,29882,4.3.4/1.37.1/v0.1.12/0.3.19/0.6.6
3,OD917621.1,B.1.351,2020-12-14,complete,Homo sapiens,29885,4.3.4/1.37.1/v0.1.12/0.3.19/0.6.6
3,OX861020.1,B.1.351,2021-01-26,complete,Homo sapiens,29893,4.3.4/1.37.1/v0.1.12/0.3.19/0.6.6
3,MW938315.1,B.1.351,2021-04-03,complete,Homo sapiens,29833,4.3.4/1.37.1/v0.1.12/0.3.19/0.6.6
3,MZ684773.1,B.1.351,2021-04-30,complete,Homo sapiens,29804,4.3.4/1.37.1/v0.1.12/0.3.19/0.6.6
3,ON078385.1,B.1.351,2021-01-25,complete,Homo sapiens,29758,4.3.4/1.37.1/v0.1.12/0.3.19/0.6.6
3,MZ394623.1,B.1.351,2021-04-07,complete,Homo sapiens,29764,4.3.4/1.37.1/v0.1.12/0.3.19/0.6.6
3,OY395712.1,B.1.351,2021-02-03,complete,Homo sapiens,29885,4.3.4/1.37.1/v0.1.12/0.3.19/0.6.6
3,ON192502.1,B.1.351,2021-03-29,complete,Homo sapiens,29706,4.3.4/1.37.1/v0.1.12/0.3.19/0.6.6
3,MZ451715.1,B.1.351,2021-05-07,complete,Homo sapiens,29828,4.3.4/1.37.1/v0.1.12/0.3.19/0.6.6
3,OP711853.1,B.1.351,2021-06-21,complete,Homo sapiens,29696,4.3.4/1.37.1/v0.1.12/0.3.19/0.6.6
3,ON279211.1,B.1.351,2021-04-19,complete,Homo sapiens,29684,4.3.4/1.37.1/v0.1.12/0.3.19/0.6.6
3,OU012755.1,B.1.351,2021-02-15,complete,Homo sapiens,29885,4.3.4/1.37.1/v0.1.12/0.3.19/0.6.6
3,OX677851.1,B.1.351,2021-04-16,complete,Homo sapiens,29885,4.3.4/1.37.1/v0.1.12/0.3.19/0.6.6
3,OX821871.1,B.1.351,2020,complete,Homo sapiens,29903,4.3.4/1.37.1/v0.1.12/0.3.19/0.6.6
3,PP519896.1,B.1.351,2021-06-15,complete,Homo sapiens,29819,4.3.4/1.37.1/v0.1.12/0.3.19/0.6.6
3,PP520898.1,B.1.351,2021-05-25,complete,Homo sapiens,29809,4.3.4/1.37.1/v0.1.12/0.3.19/0.6.6
3,OD947500.1,B.1.351,2021-01-22,complete,Homo sapiens,29885,4.3.4/1.37.1/v0.1.12/0.3.19/0.6.6
3,PP518972.1,B.1.351,2020-12-21,complete,Homo sapiens,29838,4.3.4/1.37.1/v0.1.12/0.3.19/0.6.6
3,MW598413.1,B.1.351,2021-01-12,complete,Homo sapiens,29885,4.3.4/1.37.1/v0.1.12/0.3.19/0.6.6
3,OY313283.1,B.1.351,2021-04-07,complete,Homo sapiens,29903,4.3.4/1.37.1/v0.1.12/0.3.19/0.6.6
3,OM765706.1,B.1.351,2021-06-14,complete,Homo sapiens,29751,4.3.4/1.37.1/v0.1.12/0.3.19/0.6.6
3,MZ469247.1,B.1.351,2021-05-07,complete,Homo sapiens,29636,4.3.4/1.37.1/v0.1.12/0.3.19/0.6.6
3,ON099796.1,B.1.351,2021-01-26,complete,Homo sapiens,29720,4.3.4/1.37.1/v0.1.12/0.3.19/0.6.6
3,OM212470.1,B.1.351,2021-03-17,complete,Homo sapiens,29764,4.3.4/1.37.1/v0.1.12/0.3.19/0.6.6
3,MZ003360.1,B.1.351,2021-04-01,complete,Homo sapiens,29695,4.3.4/1.37.1/v0.1.12/0.3.19/0.6.6
3,OX805176.1,B.1.351,2021-01-22,complete,Homo sapiens,29884,4.3.4/1.37.1/v0.1.12/0.3.19/0.6.6
3,PP519201.1,B.1.351,2020-10-22,complete,Homo sapiens,29868,4.3.4/1.37.1/v0.1.12/0.3.19/0.6.6
3,OX686110.1,B.1.351,2020,complete,Homo sapiens,29884,4.3.4/1.37.1/v0.1.12/0.3.19/0.6.6
3,MW964036.1,B.1.351,2021-03-08,complete,Homo sapiens,29882,4.3.4/1.37.1/v0.1.12/0.3.19/0.6.6
3,OX693074.1,B.1.351,2020,complete,Homo sapiens,29893,4.3.4/1.37.1/v0.1.12/0.3.19/0.6.6
3,MZ009465.1,B.1.351,2021-04-01,complete,Homo sapiens,29814,4.3.4/1.37.1/v0.1.12/0.3.19/0.6.6
3,MW988798.1,B.1.351,2021-04-06,complete,Homo sapiens,29764,4.3.4/1.37.1/v0.1.12/0.3.19/0.6.6
3,OX676856.1,B.1.351,2021-04-19,complete,Homo sapiens,29886,4.3.4/1.37.1/v0.1.12/0.3.19/0.6.6
3,MZ068160.1,B.1.351,2021-04-08,complete,Homo sapiens,29850,4.3.4/1.37.1/v0.1.12/0.3.19/0.6.6
3,MZ298847.1,B.1.351,2021-05-12,complete,Homo sapiens,29764,4.3.4/1.37.1/v0.1.12/0.3.19/0.6.6
3,OX931148.1,B.1.351,2021-01-18,complete,Homo sapiens,29891,4.3.4/1.37.1/v0.1.12/0.3.19/0.6.6
3,OX788859.1,B.1.351,2020,complete,Homo sapiens,29884,4.3.4/1.37.1/v0.1.12/0.3.19/0.6.6
3,OX685343.1,B.1.351,2020,complete,Homo sapiens,29884,4.3.4/1.37.1/v0.1.12/0.3.19/0.6.6
3,OX657073.1,B.1.351,2020,complete,Homo sapiens,29903,4.3.4/1.37.1/v0.1.12/0.3.19/0.6.6
3,OM721033.1,B.1.351,2021-05-19,complete,Homo sapiens,29821,4.3.4/1.37.1/v0.1.12/0.3.19/0.6.6
3,ON532063.1,B.1.351,2021-01-07,complete,Homo sapiens,29852,4.3.4/1.37.1/v0.1.12/0.3.19/0.6.6
3,MZ002856.1,B.1.351,2021-03-27,complete,Homo sapiens,29696,4.3.4/1.37.1/v0.1.12/0.3.19/0.6.6
3,MZ214383.1,B.1.351,2021-04-12,complete,Homo sapiens,29881,4.3.4/1.37.1/v0.1.12/0.3.19/0.6.6
3,PP519011.1,B.1.351,2021-01-05,complete,Homo sapiens,29805,4.3.4/1.37.1/v0.1.12/0.3.19/0.6.6
3,MZ664699.1,B.1.351,2021-04-22,complete,Homo sapiens,29786,4.3.4/1.37.1/v0.1.12/0.3.19/0.6.6
3,OD989135.1,B.1.351,2021-02-08,complete,Homo sapiens,29885,4.3.4/1.37.1/v0.1.12/0.3.19/0.6.6
3,MW883160.1,B.1.351,2021-03-14,complete,Homo sapiens,29803,4.3.4/1.37.1/v0.1.12/0.3.19/0.6.6
3,OX594885.1,B.1.351,2021-01-12,complete,Homo sapiens,29885,4.3.4/1.37.1/v0.1.12/0.3.19/0.6.6
3,MZ413998.1,B.1.351,2021-04-11,complete,Homo sapiens,29885,4.3.4/1.37.1/v0.1.12/0.3.19/0.6.6
3,OX919847.1,B.1.351,2020,complete,Homo sapiens,29884,4.3.4/1.37.1/v0.1.12/0.3.19/0.6.6
3,OU475544.1,B.1.351,2021-04-13,complete,Homo sapiens,29885,4.3.4/1.37.1/v0.1.12/0.3.19/0.6.6
3,OU801699.1,B.1.351,2020,complete,Homo sapiens,29885,4.3.4/1.37.1/v0.1.12/0.3.19/0.6.6
3,MZ310355.1,B.1.351,2021-05-13,complete,Homo sapiens,29818,4.3.4/1.37.1/v0.1.12/0.3.19/0.6.6
3,OM720997.1,B.1.351,2021-06-24,complete,Homo sapiens,29753,4.3.4/1.37.1/v0.1.12/0.3.19/0.6.6
3,OX808246.1,B.1.351,2020,complete,Homo sapiens,29903,4.3.4/1.37.1/v0.1.12/0.3.19/0.6.6
3,OX895225.1,B.1.351,2020,complete,Homo sapiens,29890,4.3.4/1.37.1/v0.1.12/0.3.19/0.6.6
3,OK191242.1,B.1.351,2021-03-18,complete,Homo sapiens,29809,4.3.4/1.37.1/v0.1.12/0.3.19/0.6.6
3,PP518931.1,B.1.351,2020-12-22,complete,Homo sapiens,29816,4.3.4/1.37.1/v0.1.12/0.3.19/0.6.6
3,OX971245.1,B.1.351,2021-01-10,complete,Homo sapiens,29884,4.3.4/1.37.1/v0.1.12/0.3.19/0.6.6
3,ON116541.1,B.1.351,2021-05-17,complete,Homo sapiens,29758,4.3.4/1.37.1/v0.1.12/0.3.19/0.6.6
3,OM725490.1,B.1.351,2020-10-30,complete,Homo sapiens,29857,4.3.4/1.37.1/v0.1.12/0.3.19/0.6.6
3,OX562311.1,B.1.351,2021-01-05,complete,Homo sapiens,29886,4.3.4/1.37.1/v0.1.12/0.3.19/0.6.6
3,OY978285.1,B.1.351,2021-05-27,complete,Homo sapiens,29885,4.3.4/1.37.1/v0.1.12/0.3.19/0.6.6
3,PP522123.1,B.1.351,2020-12-08,complete,Homo sapiens,29849,4.3.4/1.37.1/v0.1.12/0.3.19/0.6.6
3,OX793575.1,B.1.351,2021-04-08,complete,Homo sapiens,29903,4.3.4/1.37.1/v0.1.12/0.3.19/0.6.6
3,OU390045.1,B.1.351,2021-05-14,complete,Homo sapiens,29885,4.3.4/1.37.1/v0.1.12/0.3.19/0.6.6
3,MZ270525.1,B.1.351,2021-04-28,complete,Homo sapiens,29819,4.3.4/1.37.1/v0.1.12/0.3.19/0.6.6
3,OM721023.1,B.1.351,2021-06-06,complete,Homo sapiens,29806,4.3.4/1.37.1/v0.1.12/0.3.19/0.6.6
3,OD978898.1,B.1.351,2021-01-13,complete,Homo sapiens,29885,4.3.4/1.37.1/v0.1.12/0.3.19/0.6.6
3,OX545288.1,B.1.351,2021-01-16,complete,Homo sapiens,29885,4.3.4/1.37.1/v0.1.12/0.3.19/0.6.6
3,OM765428.1,B.1.351,2021-04-19,complete,Homo sapiens,29751,4.3.4/1.37.1/v0.1.12/0.3.19/0.6.6
3,OY005628.1,B.1.351,2021-03-29,complete,Homo sapiens,29903,4.3.4/1.37.1/v0.1.12/0.3.19/0.6.6
3,OX810548.1,B.1.351,2020,complete,Homo sapiens,29893,4.3.4/1.37.1/v0.1.12/0.3.19/0.6.6
3,OX792122.1,B.1.351,2020,complete,Homo sapiens,29903,4.3.4/1.37.1/v0.1.12/0.3.19/0.6.6
3,OY307874.1,B.1.351,2020,complete,Homo sapiens,29884,4.3.4/1.37.1/v0.1.12/0.3.19/0.6.6
3,OX646819.1,B.1.351,2021-01-12,complete,Homo sapiens,29885,4.3.4/1.37.1/v0.1.12/0.3.19/0.6.6
3,OX743854.1,B.1.351,2021-08-25,complete,Homo sapiens,29903,4.3.4/1.37.1/v0.1.12/0.3.19/0.6.6
3,MZ394620.1,B.1.351,2021-04-06,complete,Homo sapiens,29764,4.3.4/1.37.1/v0.1.12/0.3.19/0.6.6
3,MZ283331.1,B.1.351,2021-04-26,complete,Homo sapiens,29862,4.3.4/1.37.1/v0.1.12/0.3.19/0.6.6
3,OM725558.1,B.1.351,2020-11-02,complete,Homo sapiens,29890,4.3.4/1.37.1/v0.1.12/0.3.19/0.6.6
3,OX568227.1,B.1.351,2021-01-13,complete,Homo sapiens,29885,4.3.4/1.37.1/v0.1.12/0.3.19/0.6.6
3,MZ068155.1,B.1.351,2021-03-22,complete,Homo sapiens,29847,4.3.4/1.37.1/v0.1.12/0.3.19/0.6.6
3,PP522446.1,B.1.351,2021-01-14,complete,Homo sapiens,29805,4.3.4/1.37.1/v0.1.12/0.3.19/0.6.6
3,OX627640.1,B.1.351,2021-04-10,complete,Homo sapiens,29884,4.3.4/1.37.1/v0.1.12/0.3.19/0.6.6
3,MZ394611.1,B.1.351,2021-03-29,complete,Homo sapiens,29764,4.3.4/1.37.1/v0.1.12/0.3.19/0.6.6
3,OB998360.1,B.1.351,2020,complete,Homo sapiens,29885,4.3.4/1.37.1/v0.1.12/0.3.19/0.6.6
3,OX469785.1,B.1.351,2021-02-08,complete,Homo sapiens,29885,4.3.4/1.37.1/v0.1.12/0.3.19/0.6.6
3,OY388227.1,B.1.351,2021-05-04,complete,Homo sapiens,29885,4.3.4/1.37.1/v0.1.12/0.3.19/0.6.6
3,MZ030166.1,B.1.351,2021-04-06,complete,Homo sapiens,29761,4.3.4/1.37.1/v0.1.12/0.3.19/0.6.6
3,MZ007317.1,B.1.351,2021-04-01,complete,Homo sapiens,29813,4.3.4/1.37.1/v0.1.12/0.3.19/0.6.6
3,MW889949.1,B.1.351,2021-03-14,complete,Homo sapiens,29782,4.3.4/1.37.1/v0.1.12/0.3.19/0.6.6
3,MZ317893.1,B.1.351,2021-02-02,complete,Homo sapiens,29784,4.3.4/1.37.1/v0.1.12/0.3.19/0.6.6
3,OY304648.1,B.1.351,2020,complete,Homo sapiens,29894,4.3.4/1.37.1/v0.1.12/0.3.19/0.6.6
3,OY313899.1,B.1.351,2020,complete,Homo sapiens,29893,4.3.4/1.37.1/v0.1.12/0.3.19/0.6.6
3,OD927808.1,B.1.351,2021-01-01,complete,Homo sapiens,29885,4.3.4/1.37.1/v0.1.12/0.3.19/0.6.6
3,OK233737.1,B.1.351,2021-06-09,complete,Homo sapiens,29762,4.3.4/1.37.1/v0.1.12/0.3.19/0.6.6
3,OP522609.1,B.1.351,2021-01-20,complete,Homo sapiens,29758,4.3.4/1.37.1/v0.1.12/0.3.19/0.6.6
3,OK291845.1,B.1.351,2021-07-14,complete,Homo sapiens,29818,4.3.4/1.37.1/v0.1.12/0.3.19/0.6.6
3,MZ394612.1,B.1.351,2021-03-29,complete,Homo sapiens,29764,4.3.4/1.37.1/v0.1.12/0.3.19/0.6.6
3,OM765458.1,B.1.351,2021-05-19,complete,Homo sapiens,29827,4.3.4/1.37.1/v0.1.12/0.3.19/0.6.6
3,OU811948.1,B.1.351,2020,complete,Homo sapiens,29885,4.3.4/1.37.1/v0.1.12/0.3.19/0.6.6
3,PP520501.1,B.1.351,2021-05-05,complete,Homo sapiens,29751,4.3.4/1.37.1/v0.1.12/0.3.19/0.6.6
3,OD917732.1,B.1.351,2020-12-11,complete,Homo sapiens,29894,4.3.4/1.37.1/v0.1.12/0.3.19/0.6.6
3,OD980834.1,B.1.351,2021-02-01,complete,Homo sapiens,29885,4.3.4/1.37.1/v0.1.12/0.3.19/0.6.6
3,OX827153.1,B.1.351,2020,complete,Homo sapiens,29903,4.3.4/1.37.1/v0.1.12/0.3.19/0.6.6
3,OX857827.1,B.1.351,2020,complete,Homo sapiens,29885,4.3.4/1.37.1/v0.1.12/0.3.19/0.6.6
3,MZ520108.1,B.1.351,2021-03-19,complete,Homo sapiens,29764,4.3.4/1.37.1/v0.1.12/0.3.19/0.6.6
3,OX962524.1,B.1.351,2021-01-11,complete,Homo sapiens,29893,4.3.4/1.37.1/v0.1.12/0.3.19/0.6.6
3,MW912490.1,B.1.351,2021-03-23,complete,Homo sapiens,29813,4.3.4/1.37.1/v0.1.12/0.3.19/0.6.6
3,MW909222.1,B.1.351,2021-03-16,complete,Homo sapiens,29696,4.3.4/1.37.1/v0.1.12/0.3.19/0.6.6
3,OU812638.1,B.1.351,2021-02-05,complete,Homo sapiens,29885,4.3.4/1.37.1/v0.1.12/0.3.19/0.6.6
3,OX723752.1,B.1.351,2021-04-24,complete,Homo sapiens,29892,4.3.4/1.37.1/v0.1.12/0.3.19/0.6.6
3,OM062514.1,B.1.351,2021-03-22,complete,Homo sapiens,29764,4.3.4/1.37.1/v0.1.12/0.3.19/0.6.6
3,OY320465.1,B.1.351,2020,complete,Homo sapiens,29890,4.3.4/1.37.1/v0.1.12/0.3.19/0.6.6
3,ON281102.1,B.1.351,2021-01-25,complete,Homo sapiens,29684,4.3.4/1.37.1/v0.1.12/0.3.19/0.6.6
3,MW621453.1,B.1.351,2021-02-03,complete,Homo sapiens,29829,4.3.4/1.37.1/v0.1.12/0.3.19/0.6.6
3,MZ004754.1,B.1.351,2021-03-02,complete,Homo sapiens,29828,4.3.4/1.37.1/v0.1.12/0.3.19/0.6.6
3,ON283869.1,B.1.351,2021-07-20,complete,Homo sapiens,29684,4.3.4/1.37.1/v0.1.12/0.3.19/0.6.6
3,MZ187471.1,B.1.351,2021-04-18,complete,Homo sapiens,29884,4.3.4/1.37.1/v0.1.12/0.3.19/0.6.6
3,OY387878.1,B.1.351,2021-01-18,complete,Homo sapiens,29885,4.3.4/1.37.1/v0.1.12/0.3.19/0.6.6
3,MW965893.1,B.1.351,2021-03-20,complete,Homo sapiens,29883,4.3.4/1.37.1/v0.1.12/0.3.19/0.6.6
3,MW763124.1,B.1.351,2021-02-20,complete,Homo sapiens,29855,4.3.4/1.37.1/v0.1.12/0.3.19/0.6.6
3,OM725080.1,B.1.351,2021-05-20,complete,Homo sapiens,29758,4.3.4/1.37.1/v0.1.12/0.3.19/0.6.6
3,OX746033.1,B.1.351,2020-12-24,complete,Homo sapiens,29884,4.3.4/1.37.1/v0.1.12/0.3.19/0.6.6
3,OX593688.1,B.1.351,2021-06-09,complete,Homo sapiens,29894,4.3.4/1.37.1/v0.1.12/0.3.19/0.6.6
3,MZ685483.1,B.1.351,2021-04-19,complete,Homo sapiens,29810,4.3.4/1.37.1/v0.1.12/0.3.19/0.6.6
3,OY603284.1,B.1.351,2021-04-07,complete,Homo sapiens,29885,4.3.4/1.37.1/v0.1.12/0.3.19/0.6.6
3,PP521954.1,B.1.351,2020-11-30,complete,Homo sapiens,29767,4.3.4/1.37.1/v0.1.12/0.3.19/0.6.6
3,OX582181.1,B.1.351,2021-01-17,complete,Homo sapiens,29879,4.3.4/1.37.1/v0.1.12/0.3.19/0.6.6
3,OY609655.1,B.1.351,2021-04-07,complete,Homo sapiens,29885,4.3.4/1.37.1/v0.1.12/0.3.19/0.6.6
3,MZ035813.1,B.1.351,2021-04-05,complete,Homo sapiens,29813,4.3.4/1.37.1/v0.1.12/0.3.19/0.6.6
3,MZ394617.1,B.1.351,2021-04-06,complete,Homo sapiens,29764,4.3.4/1.37.1/v0.1.12/0.3.19/0.6.6
3,OD990239.1,B.1.351,2021-01-29,complete,Homo sapiens,29885,4.3.4/1.37.1/v0.1.12/0.3.19/0.6.6
3,MZ453423.1,B.1.351,2021-05-06,complete,Homo sapiens,29841,4.3.4/1.37.1/v0.1.12/0.3.19/0.6.6
3,MZ451708.1,B.1.351,2021-05-08,complete,Homo sapiens,29828,4.3.4/1.37.1/v0.1.12/0.3.19/0.6.6
3,MZ970764.1,B.1.351,2021-04-03,complete,Homo sapiens,29764,4.3.4/1.37.1/v0.1.12/0.3.19/0.6.6
3,ON099774.1,B.1.351,2021-01-08,complete,Homo sapiens,29720,4.3.4/1.37.1/v0.1.12/0.3.19/0.6.6
3,OM765668.1,B.1.351,2021-06-24,complete,Homo sapiens,29751,4.3.4/1.37.1/v0.1.12/0.3.19/0.6.6
3,OX881228.1,B.1.351,2020,complete,Homo sapiens,29903,4.3.4/1.37.1/v0.1.12/0.3.19/0.6.6
3,PP520934.1,B.1.351,2021-06-20,complete,Homo sapiens,29813,4.3.4/1.37.1/v0.1.12/0.3.19/0.6.6
3,OZ288401.1,B.1.351,2021-02-12,complete,Homo sapiens,29885,4.3.4/1.37.1/v0.1.12/0.3.19/0.6.6
3,OM739331.1,B.1.351,2020-12-09,complete,Homo sapiens,29819,4.3.4/1.37.1/v0.1.12/0.3.19/0.6.6
3,PP522455.1,B.1.351,2021-01-20,complete,Homo sapiens,29759,4.3.4/1.37.1/v0.1.12/0.3.19/0.6.6
3,PP519200.1,B.1.351,2020-10-20,complete,Homo sapiens,29883,4.3.4/1.37.1/v0.1.12/0.3.19/0.6.6
3,OM000278.1,B.1.351,2021-04-01,complete,Homo sapiens,29855,4.3.4/1.37.1/v0.1.12/0.3.19/0.6.6
3,OD915445.1,B.1.351,2020-12-17,complete,Homo sapiens,29885,4.3.4/1.37.1/v0.1.12/0.3.19/0.6.6
3,MZ394609.1,B.1.351,2021-03-28,complete,Homo sapiens,29764,4.3.4/1.37.1/v0.1.12/0.3.19/0.6.6
3,OY878154.1,B.1.351,2021-05-24,complete,Homo sapiens,29885,4.3.4/1.37.1/v0.1.12/0.3.19/0.6.6
3,OX624192.1,B.1.351,2020,complete,Homo sapiens,29903,4.3.4/1.37.1/v0.1.12/0.3.19/0.6.6
3,MZ201762.1,B.1.351,2021-04-23,complete,Homo sapiens,29813,4.3.4/1.37.1/v0.1.12/0.3.19/0.6.6
3,OY381433.1,B.1.351,2021-02-07,complete,Homo sapiens,29885,4.3.4/1.37.1/v0.1.12/0.3.19/0.6.6
3,MZ028926.1,B.1.351,2021-04-02,complete,Homo sapiens,29849,4.3.4/1.37.1/v0.1.12/0.3.19/0.6.6
3,OK183005.1,B.1.351,2021-07-22,complete,Homo sapiens,29696,4.3.4/1.37.1/v0.1.12/0.3.19/0.6.6
3,OX553276.1,B.1.351,2021-01-05,complete,Homo sapiens,29886,4.3.4/1.37.1/v0.1.12/0.3.19/0.6.6
3,PP519220.1,B.1.351,2020-11-12,complete,Homo sapiens,29822,4.3.4/1.37.1/v0.1.12/0.3.19/0.6.6
3,ON776009.1,B.1.351,2021-03-18,complete,Homo sapiens,29862,4.3.4/1.37.1/v0.1.12/0.3.19/0.6.6
3,OX678842.1,B.1.351,2021-04-18,complete,Homo sapiens,29886,4.3.4/1.37.1/v0.1.12/0.3.19/0.6.6
3,OU471705.1,B.1.351,2021-03-10,complete,Homo sapiens,29885,4.3.4/1.37.1/v0.1.12/0.3.19/0.6.6
3,OD983146.1,B.1.351,2021-02-10,complete,Homo sapiens,29885,4.3.4/1.37.1/v0.1.12/0.3.19/0.6.6
3,MW793569.1,B.1.351,2021-02-25,complete,Homo sapiens,29791,4.3.4/1.37.1/v0.1.12/0.3.19/0.6.6
3,OQ439760.1,B.1.351,2021-06-24,complete,Homo sapiens,29793,4.3.4/1.37.1/v0.1.12/0.3.19/0.6.6
3,MZ238552.1,B.1.351,2021-05-04,complete,Homo sapiens,29885,4.3.4/1.37.1/v0.1.12/0.3.19/0.6.6
3,OY584439.1,B.1.351,2021-04-07,complete,Homo sapiens,29885,4.3.4/1.37.1/v0.1.12/0.3.19/0.6.6
3,OX986290.1,B.1.351,2020,complete,Homo sapiens,29884,4.3.4/1.37.1/v0.1.12/0.3.19/0.6.6
3,PP522463.1,B.1.351,2021-03-22,complete,Homo sapiens,29796,4.3.4/1.37.1/v0.1.12/0.3.19/0.6.6
3,MZ879918.1,B.1.351,2021-08-02,complete,Homo sapiens,29782,4.3.4/1.37.1/v0.1.12/0.3.19/0.6.6
3,OX551354.1,B.1.351,2021-01-08,complete,Homo sapiens,29885,4.3.4/1.37.1/v0.1.12/0.3.19/0.6.6
3,OX795919.1,B.1.351,2021-08-24,complete,Homo sapiens,29903,4.3.4/1.37.1/v0.1.12/0.3.19/0.6.6
3,OY006021.1,B.1.351,2021-02-01,complete,Homo sapiens,29889,4.3.4/1.37.1/v0.1.12/0.3.19/0.6.6
3,MW906028.1,B.1.351,2021-03-22,complete,Homo sapiens,29764,4.3.4/1.37.1/v0.1.12/0.3.19/0.6.6
3,OX681346.1,B.1.351,2020,complete,Homo sapiens,29884,4.3.4/1.37.1/v0.1.12/0.3.19/0.6.6
3,PP697202.1,B.1.351,2021-04-12,complete,Homo sapiens,29855,4.3.4/1.37.1/v0.1.12/0.3.19/0.6.6
3,OP053450.1,B.1.351,2021-06-21,complete,Homo sapiens,29758,4.3.4/1.37.1/v0.1.12/0.3.19/0.6.6
3,OM721050.1,B.1.351,2021-05-22,complete,Homo sapiens,29810,4.3.4/1.37.1/v0.1.12/0.3.19/0.6.6
3,MW990804.1,B.1.351,2021-03-30,complete,Homo sapiens,29855,4.3.4/1.37.1/v0.1.12/0.3.19/0.6.6
3,OU012575.1,B.1.351,2021-02-15,complete,Homo sapiens,29885,4.3.4/1.37.1/v0.1.12/0.3.19/0.6.6
3,OQ757017.1,B.1.351,2021-04-21,complete,Homo sapiens,29828,4.3.4/1.37.1/v0.1.12/0.3.19/0.6.6
3,MZ291414.1,B.1.351,2021-05-06,complete,Homo sapiens,29808,4.3.4/1.37.1/v0.1.12/0.3.19/0.6.6
3,OX519881.1,B.1.351,2021-02-26,complete,Homo sapiens,29891,4.3.4/1.37.1/v0.1.12/0.3.19/0.6.6
3,MZ451709.1,B.1.351,2021-05-07,complete,Homo sapiens,29828,4.3.4/1.37.1/v0.1.12/0.3.19/0.6.6
3,OX680307.1,B.1.351,2020,complete,Homo sapiens,29884,4.3.4/1.37.1/v0.1.12/0.3.19/0.6.6
3,MW914542.1,B.1.351,2021-03-25,complete,Homo sapiens,29697,4.3.4/1.37.1/v0.1.12/0.3.19/0.6.6
3,MW959968.1,B.1.351,2021-03-08,complete,Homo sapiens,29829,4.3.4/1.37.1/v0.1.12/0.3.19/0.6.6
3,OD913545.1,B.1.351,2020-12-15,complete,Homo sapiens,29885,4.3.4/1.37.1/v0.1.12/0.3.19/0.6.6
3,OD970146.1,B.1.351,2021-02-05,complete,Homo sapiens,29885,4.3.4/1.37.1/v0.1.12/0.3.19/0.6.6
3,ON647459.1,B.1.351,2021-01-02,complete,Homo sapiens,29758,4.3.4/1.37.1/v0.1.12/0.3.19/0.6.6
3,OR615650.1,B.1.351,2021-05-19,complete,Homo sapiens,29866,4.3.4/1.37.1/v0.1.12/0.3.19/0.6.6
3,OY018347.1,B.1.351,2020,complete,Homo sapiens,29893,4.3.4/1.37.1/v0.1.12/0.3.19/0.6.6
3,MZ451713.1,B.1.351,2021-05-07,complete,Homo sapiens,29830,4.3.4/1.37.1/v0.1.12/0.3.19/0.6.6
3,OM725581.1,B.1.351,2020-11-12,complete,Homo sapiens,29822,4.3.4/1.37.1/v0.1.12/0.3.19/0.6.6
3,MZ214249.1,B.1.351,2021-04-14,complete,Homo sapiens,29882,4.3.4/1.37.1/v0.1.12/0.3.19/0.6.6
3,OB997847.1,B.1.351,2021-02-23,complete,Homo sapiens,29885,4.3.4/1.37.1/v0.1.12/0.3.19/0.6.6
3,MZ025085.1,B.1.351,2021-04-02,complete,Homo sapiens,29884,4.3.4/1.37.1/v0.1.12/0.3.19/0.6.6
3,PP518932.1,B.1.351,2020-12-22,complete,Homo sapiens,29801,4.3.4/1.37.1/v0.1.12/0.3.19/0.6.6
3,OQ897488.1,B.1.351,2021-06,complete,Homo sapiens,29684,4.3.4/1.37.1/v0.1.12/0.3.19/0.6.6
3,OD947472.1,B.1.351,2021-01-22,complete,Homo sapiens,29885,4.3.4/1.37.1/v0.1.12/0.3.19/0.6.6
3,OV104318.1,B.1.351,2021-04-12,complete,Homo sapiens,29862,4.3.4/1.37.1/v0.1.12/0.3.19/0.6.6
3,MW773815.1,B.1.351,2021-02-16,complete,Homo sapiens,29696,4.3.4/1.37.1/v0.1.12/0.3.19/0.6.6
3,PP519217.1,B.1.351,2020-11-05,complete,Homo sapiens,29873,4.3.4/1.37.1/v0.1.12/0.3.19/0.6.6
3,OX774439.1,B.1.351,2020,complete,Homo sapiens,29884,4.3.4/1.37.1/v0.1.12/0.3.19/0.6.6
3,OQ521352.1,B.1.351,2021-02-15,complete,Homo sapiens,29844,4.3.4/1.37.1/v0.1.12/0.3.19/0.6.6
3,ON647500.1,B.1.351,2020-12-30,complete,Homo sapiens,29758,4.3.4/1.37.1/v0.1.12/0.3.19/0.6.6
3,OK192433.1,B.1.351,2021-03-24,complete,Homo sapiens,29812,4.3.4/1.37.1/v0.1.12/0.3.19/0.6.6
3,OY606244.1,B.1.351,2020-12-29,complete,Homo sapiens,29889,4.3.4/1.37.1/v0.1.12/0.3.19/0.6.6
3,OQ341920.1,B.1.351,2020-12-17,complete,Homo sapiens,29758,4.3.4/1.37.1/v0.1.12/0.3.19/0.6.6
3,PP519860.1,B.1.351,2021-06-17,complete,Homo sapiens,29835,4.3.4/1.37.1/v0.1.12/0.3.19/0.6.6
3,OX798801.1,B.1.351,2020,complete,Homo sapiens,29903,4.3.4/1.37.1/v0.1.12/0.3.19/0.6.6
3,MW880890.1,B.1.351,2021-03-17,complete,Homo sapiens,29795,4.3.4/1.37.1/v0.1.12/0.3.19/0.6.6
3,MZ316336.1,B.1.351,2021-05-09,complete,Homo sapiens,29812,4.3.4/1.37.1/v0.1.12/0.3.19/0.6.6
3,OY612427.1,B.1.351,2021-01-05,complete,Homo sapiens,29885,4.3.4/1.37.1/v0.1.12/0.3.19/0.6.6
3,OX965812.1,B.1.351,2020,complete,Homo sapiens,29903,4.3.4/1.37.1/v0.1.12/0.3.19/0.6.6
3,PP519236.1,B.1.351,2020-11-24,complete,Homo sapiens,29879,4.3.4/1.37.1/v0.1.12/0.3.19/0.6.6
3,OX669092.1,B.1.351,2020,complete,Homo sapiens,29884,4.3.4/1.37.1/v0.1.12/0.3.19/0.6.6
3,OK193237.1,B.1.351,2021-03-20,complete,Homo sapiens,29812,4.3.4/1.37.1/v0.1.12/0.3.19/0.6.6
3,OY604006.1,B.1.351,2021-02-23,complete,Homo sapiens,29885,4.3.4/1.37.1/v0.1.12/0.3.19/0.6.6
3,OM721017.1,B.1.351,2021-05-24,complete,Homo sapiens,29807,4.3.4/1.37.1/v0.1.12/0.3.19/0.6.6
3,MZ195662.1,B.1.351,2021-04-26,complete,Homo sapiens,29881,4.3.4/1.37.1/v0.1.12/0.3.19/0.6.6
3,MZ000844.1,B.1.351,2021-03-26,complete,Homo sapiens,29695,4.3.4/1.37.1/v0.1.12/0.3.19/0.6.6
3,OX847010.1,B.1.351,2020,complete,Homo sapiens,29884,4.3.4/1.37.1/v0.1.12/0.3.19/0.6.6
3,OX089325.1,B.1.351,2021-09-28,complete,Homo sapiens,29885,4.3.4/1.37.1/v0.1.12/0.3.19/0.6.6
3,OX651037.1,B.1.351,2020,complete,Homo sapiens,29884,4.3.4/1.37.1/v0.1.12/0.3.19/0.6.6
3,PP141612.1,B.1.351,2021-04-14,complete,Homo sapiens,29827,4.3.4/1.37.1/v0.1.12/0.3.19/0.6.6
3,MZ342809.1,B.1.351,2021-03-11,complete,Homo sapiens,29784,4.3.4/1.37.1/v0.1.12/0.3.19/0.6.6
3,OX695542.1,B.1.351,2020,complete,Homo sapiens,29903,4.3.4/1.37.1/v0.1.12/0.3.19/0.6.6
3,MZ185983.1,B.1.351,2021-04-27,complete,Homo sapiens,29884,4.3.4/1.37.1/v0.1.12/0.3.19/0.6.6
3,MZ473593.1,B.1.351,2021-04-27,complete,Homo sapiens,29773,4.3.4/1.37.1/v0.1.12/0.3.19/0.6.6
3,OX909402.1,B.1.351,2020,complete,Homo sapiens,29893,4.3.4/1.37.1/v0.1.12/0.3.19/0.6.6
3,MZ970754.1,B.1.351,2021-03-19,complete,Homo sapiens,29764,4.3.4/1.37.1/v0.1.12/0.3.19/0.6.6
3,OX829345.1,B.1.351,2020,complete,Homo sapiens,29903,4.3.4/1.37.1/v0.1.12/0.3.19/0.6.6
3,PP522131.1,B.1.351,2021-02-27,complete,Homo sapiens,29759,4.3.4/1.37.1/v0.1.12/0.3.19/0.6.6
3,MZ684333.1,B.1.351,2021-04-23,complete,Homo sapiens,29803,4.3.4/1.37.1/v0.1.12/0.3.19/0.6.6
3,OX842781.1,B.1.351,2020,complete,Homo sapiens,29884,4.3.4/1.37.1/v0.1.12/0.3.19/0.6.6
3,OK193642.1,B.1.351,2021-03-24,complete,Homo sapiens,29810,4.3.4/1.37.1/v0.1.12/0.3.19/0.6.6
3,ON116536.1,B.1.351,2021-06-08,complete,Homo sapiens,29758,4.3.4/1.37.1/v0.1.12/0.3.19/0.6.6
3,MW763127.1,B.1.351,2021-02-22,complete,Homo sapiens,29855,4.3.4/1.37.1/v0.1.12/0.3.19/0.6.6
3,OY715305.1,B.1.351,2021-01-04,complete,Homo sapiens,29885,4.3.4/1.37.1/v0.1.12/0.3.19/0.6.6
3,OU385295.1,B.1.351,2021-01-21,complete,Homo sapiens,29891,4.3.4/1.37.1/v0.1.12/0.3.19/0.6.6
3,MZ154546.1,B.1.351,2021-04-19,complete,Homo sapiens,29812,4.3.4/1.37.1/v0.1.12/0.3.19/0.6.6
3,MW938318.1,B.1.351,2021-04-06,complete,Homo sapiens,29840,4.3.4/1.37.1/v0.1.12/0.3.19/0.6.6
3,PP522122.1,B.1.351,2020-12-07,complete,Homo sapiens,29837,4.3.4/1.37.1/v0.1.12/0.3.19/0.6.6
3,OY590026.1,B.1.351,2021-04-18,complete,Homo sapiens,29885,4.3.4/1.37.1/v0.1.12/0.3.19/0.6.6
3,OX979420.1,B.1.351,2020,complete,Homo sapiens,29884,4.3.4/1.37.1/v0.1.12/0.3.19/0.6.6
3,MZ238492.1,B.1.351,2021-05-04,complete,Homo sapiens,29883,4.3.4/1.37.1/v0.1.12/0.3.19/0.6.6
3,OX929690.1,B.1.351,2020,complete,Homo sapiens,29893,4.3.4/1.37.1/v0.1.12/0.3.19/0.6.6
3,MW687146.1,B.1.351,2021-02-20,complete,Homo sapiens,29800,4.3.4/1.37.1/v0.1.12/0.3.19/0.6.6
3,OD960020.1,B.1.351,2020-12-28,complete,Homo sapiens,29885,4.3.4/1.37.1/v0.1.12/0.3.19/0.6.6
3,MZ303934.1,B.1.351,2021-04-14,complete,Homo sapiens,29807,4.3.4/1.37.1/v0.1.12/0.3.19/0.6.6
3,OX793165.1,B.1.351,2020,complete,Homo sapiens,29884,4.3.4/1.37.1/v0.1.12/0.3.19/0.6.6
3,OX682959.1,B.1.351,2021-04-16,complete,Homo sapiens,29886,4.3.4/1.37.1/v0.1.12/0.3.19/0.6.6
3,PP519283.1,B.1.351,2020-11-19,complete,Homo sapiens,29890,4.3.4/1.37.1/v0.1.12/0.3.19/0.6.6
3,OY322760.1,B.1.351,2020,complete,Homo sapiens,29903,4.3.4/1.37.1/v0.1.12/0.3.19/0.6.6
3,OM739199.1,B.1.351,2020-11-24,complete,Homo sapiens,29879,4.3.4/1.37.1/v0.1.12/0.3.19/0.6.6
3,MZ877734.1,B.1.351,2021-08-02,complete,Homo sapiens,29782,4.3.4/1.37.1/v0.1.12/0.3.19/0.6.6
3,PP520490.1,B.1.351,2021-06-22,complete,Homo sapiens,29751,4.3.4/1.37.1/v0.1.12/0.3.19/0.6.6
3,MW999996.1,B.1.351,2021-03-21,complete,Homo sapiens,29695,4.3.4/1.37.1/v0.1.12/0.3.19/0.6.6
3,OY385138.1,B.1.351,2021-05-08,complete,Homo sapiens,29885,4.3.4/1.37.1/v0.1.12/0.3.19/0.6.6
3,OX815572.1,B.1.351,2020,complete,Homo sapiens,29884,4.3.4/1.37.1/v0.1.12/0.3.19/0.6.6
3,OX892286.1,B.1.351,2020,complete,Homo sapiens,29884,4.3.4/1.37.1/v0.1.12/0.3.19/0.6.6
3,OR584721.1,B.1.351,2021-04,complete,Homo sapiens,29810,4.3.4/1.37.1/v0.1.12/0.3.19/0.6.6
3,OU471495.1,B.1.351,2021-03-03,complete,Homo sapiens,29885,4.3.4/1.37.1/v0.1.12/0.3.19/0.6.6
3,PP697194.1,B.1.351,2021-04-11,complete,Homo sapiens,29881,4.3.4/1.37.1/v0.1.12/0.3.19/0.6.6
3,OU012720.1,B.1.351,2021-02-10,complete,Homo sapiens,29885,4.3.4/1.37.1/v0.1.12/0.3.19/0.6.6
3,MZ001358.1,B.1.351,2021-03-25,complete,Homo sapiens,29695,4.3.4/1.37.1/v0.1.12/0.3.19/0.6.6
3,OX833438.1,B.1.351,2020,complete,Homo sapiens,29884,4.3.4/1.37.1/v0.1.12/0.3.19/0.6.6
3,MZ010598.1,B.1.351,2021-03-17,complete,Homo sapiens,29847,4.3.4/1.37.1/v0.1.12/0.3.19/0.6.6
3,OZ061848.1,B.1.351,2021-04-24,complete,Homo sapiens,29806,4.3.4/1.37.1/v0.1.12/0.3.19/0.6.6
3,OM766157.1,B.1.351,2021-06-22,complete,Homo sapiens,29751,4.3.4/1.37.1/v0.1.12/0.3.19/0.6.6
3,OX690037.1,B.1.351,2020,complete,Homo sapiens,29893,4.3.4/1.37.1/v0.1.12/0.3.19/0.6.6
3,MZ970739.1,B.1.351,2021-04-02,complete,Homo sapiens,29768,4.3.4/1.37.1/v0.1.12/0.3.19/0.6.6
3,OQ896567.1,B.1.351,2021-03,complete,Homo sapiens,29684,4.3.4/1.37.1/v0.1.12/0.3.19/0.6.6
3,OU471787.1,B.1.351,2021-03-13,complete,Homo sapiens,29891,4.3.4/1.37.1/v0.1.12/0.3.19/0.6.6
3,MZ061538.1,B.1.351,2021-04-12,complete,Homo sapiens,29813,4.3.4/1.37.1/v0.1.12/0.3.19/0.6.6
3,MZ970755.1,B.1.351,2021-03-28,complete,Homo sapiens,29764,4.3.4/1.37.1/v0.1.12/0.3.19/0.6.6
3,OM765441.1,B.1.351,2021-05-12,complete,Homo sapiens,29796,4.3.4/1.37.1/v0.1.12/0.3.19/0.6.6
3,MZ054818.1,B.1.351,2021-04,complete,Homo sapiens,29778,4.3.4/1.37.1/v0.1.12/0.3.19/0.6.6
3,MZ062216.1,B.1.351,2021-03-23,complete,Homo sapiens,29785,4.3.4/1.37.1/v0.1.12/0.3.19/0.6.6
3,OK187818.1,B.1.351,2021-06-16,complete,Homo sapiens,29778,4.3.4/1.37.1/v0.1.12/0.3.19/0.6.6
3,OR306571.1,B.1.351,2021-01-02,complete,Homo sapiens,29847,4.3.4/1.37.1/v0.1.12/0.3.19/0.6.6
3,OX761991.1,B.1.351,2020,complete,Homo sapiens,29903,4.3.4/1.37.1/v0.1.12/0.3.19/0.6.6
3,OD941620.1,B.1.351,2021-01-13,complete,Homo sapiens,29885,4.3.4/1.37.1/v0.1.12/0.3.19/0.6.6
3,PP520054.1,B.1.351,2021-05-12,complete,Homo sapiens,29796,4.3.4/1.37.1/v0.1.12/0.3.19/0.6.6
3,OD967146.1,B.1.351,2021-01-28,complete,Homo sapiens,29885,4.3.4/1.37.1/v0.1.12/0.3.19/0.6.6
3,ON279179.1,B.1.351,2021-03-26,complete,Homo sapiens,29684,4.3.4/1.37.1/v0.1.12/0.3.19/0.6.6
3,MW908243.1,B.1.351,2021-03-15,complete,Homo sapiens,29818,4.3.4/1.37.1/v0.1.12/0.3.19/0.6.6
3,MZ244934.1,B.1.351,2021-05-11,complete,Homo sapiens,29855,4.3.4/1.37.1/v0.1.12/0.3.19/0.6.6
3,OY010430.1,B.1.351,2020,complete,Homo sapiens,29893,4.3.4/1.37.1/v0.1.12/0.3.19/0.6.6
3,OM739271.1,B.1.351,2020-12-02,complete,Homo sapiens,29769,4.3.4/1.37.1/v0.1.12/0.3.19/0.6.6
3,ON078383.1,B.1.351,2021-01-15,complete,Homo sapiens,29767,4.3.4/1.37.1/v0.1.12/0.3.19/0.6.6
3,MZ619438.1,B.1.351,2021-02-26,complete,Homo sapiens,29821,4.3.4/1.37.1/v0.1.12/0.3.19/0.6.6
3,OM062530.1,B.1.351,2021-05-06,complete,Homo sapiens,29764,4.3.4/1.37.1/v0.1.12/0.3.19/0.6.6
3,MW809047.1,B.1.351,2021-03-08,complete,Homo sapiens,29827,4.3.4/1.37.1/v0.1.12/0.3.19/0.6.6
3,MZ970741.1,B.1.351,2021-04-05,complete,Homo sapiens,29768,4.3.4/1.37.1/v0.1.12/0.3.19/0.6.6
3,MZ447074.1,B.1.351,2021-05-14,complete,Homo sapiens,29862,4.3.4/1.37.1/v0.1.12/0.3.19/0.6.6
3,OP053567.1,B.1.351,2021-05-17,complete,Homo sapiens,29767,4.3.4/1.37.1/v0.1.12/0.3.19/0.6.6
3,OX567626.2,B.1.351,2021-01-05,complete,Homo sapiens,29885,4.3.4/1.37.1/v0.1.12/0.3.19/0.6.6
3,OX677789.1,B.1.351,2021-05-05,complete,Homo sapiens,29883,4.3.4/1.37.1/v0.1.12/0.3.19/0.6.6
3,MZ001587.1,B.1.351,2021-03-29,complete,Homo sapiens,29695,4.3.4/1.37.1/v0.1.12/0.3.19/0.6.6
3,OP053531.1,B.1.351,2021-06-01,complete,Homo sapiens,29758,4.3.4/1.37.1/v0.1.12/0.3.19/0.6.6
3,OY858149.1,B.1.351,2021-02-10,complete,Homo sapiens,29885,4.3.4/1.37.1/v0.1.12/0.3.19/0.6.6
3,MZ164548.2,B.1.351,2021-04-17,complete,Homo sapiens,29785,4.3.4/1.37.1/v0.1.12/0.3.19/0.6.6
3,PP519194.1,B.1.351,2020-11-02,complete,Homo sapiens,29890,4.3.4/1.37.1/v0.1.12/0.3.19/0.6.6
3,ON192370.1,B.1.351,2021-03-30,complete,Homo sapiens,29697,4.3.4/1.37.1/v0.1.12/0.3.19/0.6.6
3,MZ281742.1,B.1.351,2021-05-06,complete,Homo sapiens,29869,4.3.4/1.37.1/v0.1.12/0.3.19/0.6.6
3,OD950234.1,B.1.351,2021-01-19,complete,Homo sapiens,29885,4.3.4/1.37.1/v0.1.12/0.3.19/0.6.6
3,OB998165.1,B.1.351,2021-03-23,complete,Homo sapiens,29885,4.3.4/1.37.1/v0.1.12/0.3.19/0.6.6
3,OD964855.1,B.1.351,2021-01-29,complete,Homo sapiens,29875,4.3.4/1.37.1/v0.1.12/0.3.19/0.6.6
3,MZ451885.1,B.1.351,2021-05-29,complete,Homo sapiens,29810,4.3.4/1.37.1/v0.1.12/0.3.19/0.6.6
3,OY305740.1,B.1.351,2021-03-25,complete,Homo sapiens,29893,4.3.4/1.37.1/v0.1.12/0.3.19/0.6.6
3,MZ164747.1,B.1.351,2021-03-27,complete,Homo sapiens,29831,4.3.4/1.37.1/v0.1.12/0.3.19/0.6.6
3,MW981442.1,B.1.351,2020-11-16,complete,Homo sapiens,29848,4.3.4/1.37.1/v0.1.12/0.3.19/0.6.6
3,OK191988.1,B.1.351,2021-03-28,complete,Homo sapiens,29812,4.3.4/1.37.1/v0.1.12/0.3.19/0.6.6
3,MZ684604.1,B.1.351,2021-04-30,complete,Homo sapiens,29803,4.3.4/1.37.1/v0.1.12/0.3.19/0.6.6
3,OY373844.1,B.1.351,2021-01-26,complete,Homo sapiens,29885,4.3.4/1.37.1/v0.1.12/0.3.19/0.6.6
3,OD970635.1,B.1.351,2021-02-04,complete,Homo sapiens,29885,4.3.4/1.37.1/v0.1.12/0.3.19/0.6.6
3,OY921434.1,B.1.351,2021-05-14,complete,Homo sapiens,29885,4.3.4/1.37.1/v0.1.12/0.3.19/0.6.6
3,MZ291435.1,B.1.351,2021-04-30,complete,Homo sapiens,29838,4.3.4/1.37.1/v0.1.12/0.3.19/0.6.6
3,OQ341960.1,B.1.351,2021-01-12,complete,Homo sapiens,29758,4.3.4/1.37.1/v0.1.12/0.3.19/0.6.6
4,PQ967276.1,B.1.427,2021-05-11,complete,Homo sapiens,29771,4.3.4/1.37.1/v0.1.12/0.3.19/0.6.6
4,MW808430.1,B.1.427,2021-03-07,complete,Homo sapiens,29872,4.3.4/1.37.1/v0.1.12/0.3.19/0.6.6
4,OP143274.1,B.1.427,2021-01-05,complete,Homo sapiens,29825,4.3.4/1.37.1/v0.1.12/0.3.19/0.6.6
4,MW780427.1,B.1.427,2021-02-22,complete,Homo sapiens,29736,4.3.4/1.37.1/v0.1.12/0.3.19/0.6.6
4,MW697008.1,B.1.427,2021-02-16,complete,Homo sapiens,29782,4.3.4/1.37.1/v0.1.12/0.3.19/0.6.6
4,MZ358629.1,B.1.427,2021-05-15,complete,Homo sapiens,29868,4.3.4/1.37.1/v0.1.12/0.3.19/0.6.6
4,MW966518.1,B.1.427,2021-03-14,complete,Homo sapiens,29901,4.3.4/1.37.1/v0.1.12/0.3.19/0.6.6
4,OM432620.1,B.1.427,2021-09-14,complete,Homo sapiens,29800,4.3.4/1.37.1/v0.1.12/0.3.19/0.6.6
4,MZ008661.1,B.1.427,2021-03-01,complete,Homo sapiens,29819,4.3.4/1.37.1/v0.1.12/0.3.19/0.6.6
4,MZ635963.1,B.1.427,2021-01-23,complete,Homo sapiens,29903,4.3.4/1.37.1/v0.1.12/0.3.19/0.6.6
4,MW967002.1,B.1.427,2021-03-18,complete,Homo sapiens,29899,4.3.4/1.37.1/v0.1.12/0.3.19/0.6.6
4,ON343908.1,B.1.427,2020-12-10,complete,Homo sapiens,29859,4.3.4/1.37.1/v0.1.12/0.3.19/0.6.6
4,PP120802.1,B.1.427,2021-02-22,complete,Homo sapiens,29846,4.3.4/1.37.1/v0.1.12/0.3.19/0.6.6
4,OK548778.1,B.1.427,2021-01-18,complete,Homo sapiens,29598,4.3.4/1.37.1/v0.1.12/0.3.19/0.6.6
4,OK220967.1,B.1.427,2021-04-23,complete,Homo sapiens,29817,4.3.4/1.37.1/v0.1.12/0.3.19/0.6.6
4,OK653270.1,B.1.427,2020-12-14,complete,Homo sapiens,29869,4.3.4/1.37.1/v0.1.12/0.3.19/0.6.6
4,OM128999.1,B.1.427,2021-02-25,complete,Homo sapiens,29873,4.3.4/1.37.1/v0.1.12/0.3.19/0.6.6
4,OR939172.1,B.1.427,2021-01-16,complete,Homo sapiens,29865,4.3.4/1.37.1/v0.1.12/0.3.19/0.6.6
4,OK548351.1,B.1.427,2021-04-19,complete,Homo sapiens,29891,4.3.4/1.37.1/v0.1.12/0.3.19/0.6.6
4,PP122815.1,B.1.427,2021-01-17,complete,Homo sapiens,29839,4.3.4/1.37.1/v0.1.12/0.3.19/0.6.6
4,MW739132.1,B.1.427,2021-01-10,complete,Homo sapiens,29835,4.3.4/1.37.1/v0.1.12/0.3.19/0.6.6
4,PP162678.1,B.1.427,2021-04-01,complete,Homo sapiens,29899,4.3.4/1.37.1/v0.1.12/0.3.19/0.6.6
4,MZ131898.1,B.1.427,2021-04-17,complete,Homo sapiens,29771,4.3.4/1.37.1/v0.1.12/0.3.19/0.6.6
4,ON011231.1,B.1.427,2020-12-02,complete,Homo sapiens,29833,4.3.4/1.37.1/v0.1.12/0.3.19/0.6.6
4,MZ006411.1,B.1.427,2021-04-01,complete,Homo sapiens,29826,4.3.4/1.37.1/v0.1.12/0.3.19/0.6.6
4,MZ029259.1,B.1.427,2021-04-02,complete,Homo sapiens,29879,4.3.4/1.37.1/v0.1.12/0.3.19/0.6.6
4,MZ058491.1,B.1.427,2021-04-10,complete,Homo sapiens,29869,4.3.4/1.37.1/v0.1.12/0.3.19/0.6.6
4,MW848139.1,B.1.427,2021-03-11,complete,Homo sapiens,29828,4.3.4/1.37.1/v0.1.12/0.3.19/0.6.6
4,MW868876.1,B.1.427,2021-03-16,complete,Homo sapiens,29885,4.3.4/1.37.1/v0.1.12/0.3.19/0.6.6
4,PP144860.1,B.1.427,2021-01-12,complete,Homo sapiens,29845,4.3.4/1.37.1/v0.1.12/0.3.19/0.6.6
4,MZ133031.1,B.1.427,2021-04-15,complete,Homo sapiens,29826,4.3.4/1.37.1/v0.1.12/0.3.19/0.6.6
4,MZ271106.1,B.1.427,2021-04-16,complete,Homo sapiens,29892,4.3.4/1.37.1/v0.1.12/0.3.19/0.6.6
4,PP605893.1,B.1.427,2021-02-28,complete,Homo sapiens,29745,4.3.4/1.37.1/v0.1.12/0.3.19/0.6.6
4,PP123732.1,B.1.427,2021-01-16,complete,Homo sapiens,29870,4.3.4/1.37.1/v0.1.12/0.3.19/0.6.6
4,OM128507.1,B.1.427,2021-02-25,complete,Homo sapiens,29863,4.3.4/1.37.1/v0.1.12/0.3.19/0.6.6
4,OL848870.1,B.1.427,2021-03-22,complete,Homo sapiens,29887,4.3.4/1.37.1/v0.1.12/0.3.19/0.6.6
4,OK218869.1,B.1.427,2021-03-31,complete,Homo sapiens,29866,4.3.4/1.37.1/v0.1.12/0.3.19/0.6.6
4,MZ074373.1,B.1.427,2021-04-02,complete,Homo sapiens,29901,4.3.4/1.37.1/v0.1.12/0.3.19/0.6.6
4,MW821785.1,B.1.427,2021-03-02,complete,Homo sapiens,29782,4.3.4/1.37.1/v0.1.12/0.3.19/0.6.6
4,OL540803.1,B.1.427,2021-01-06,complete,Homo sapiens,29832,4.3.4/1.37.1/v0.1.12/0.3.19/0.6.6
4,OK547442.1,B.1.427,2021-05-01,complete,Homo sapiens,29598,4.3.4/1.37.1/v0.1.12/0.3.19/0.6.6
4,MZ166937.1,B.1.427,2021-04-06,complete,Homo sapiens,29823,4.3.4/1.37.1/v0.1.12/0.3.19/0.6.6
4,MW739859.1,B.1.427,2021-02-03,complete,Homo sapiens,29843,4.3.4/1.37.1/v0.1.12/0.3.19/0.6.6
4,MZ202840.1,B.1.427,2021-02-10,complete,Homo sapiens,29814,4.3.4/1.37.1/v0.1.12/0.3.19/0.6.6
4,MZ058166.1,B.1.427,2021-04-09,complete,Homo sapiens,29878,4.3.4/1.37.1/v0.1.12/0.3.19/0.6.6
4,MZ075200.1,B.1.427,2021-04-05,complete,Homo sapiens,29901,4.3.4/1.37.1/v0.1.12/0.3.19/0.6.6
4,MZ462459.1,B.1.427,2021-04-13,complete,Homo sapiens,29829,4.3.4/1.37.1/v0.1.12/0.3.19/0.6.6
4,PP121346.1,B.1.427,2021-01-13,complete,Homo sapiens,29870,4.3.4/1.37.1/v0.1.12/0.3.19/0.6.6
4,MW868619.1,B.1.427,2021-03-14,complete,Homo sapiens,29831,4.3.4/1.37.1/v0.1.12/0.3.19/0.6.6
4,PP121563.1,B.1.427,2021-03-02,complete,Homo sapiens,29846,4.3.4/1.37.1/v0.1.12/0.3.19/0.6.6
4,MW990893.1,B.1.427,2021-03-30,complete,Homo sapiens,29876,4.3.4/1.37.1/v0.1.12/0.3.19/0.6.6
4,OL369187.1,B.1.427,2021-04-28,complete,Homo sapiens,29901,4.3.4/1.37.1/v0.1.12/0.3.19/0.6.6
4,OL540537.1,B.1.427,2020-12-30,complete,Homo sapiens,29833,4.3.4/1.37.1/v0.1.12/0.3.19/0.6.6
4,OK546297.1,B.1.427,2021-04-21,complete,Homo sapiens,29903,4.3.4/1.37.1/v0.1.12/0.3.19/0.6.6
4,MW851067.1,B.1.427,2021-03-03,complete,Homo sapiens,29877,4.3.4/1.37.1/v0.1.12/0.3.19/0.6.6
4,MW776998.1,B.1.427,2021-02-16,complete,Homo sapiens,29873,4.3.4/1.37.1/v0.1.12/0.3.19/0.6.6
4,MW739423.1,B.1.427,2021-02-02,complete,Homo sapiens,29852,4.3.4/1.37.1/v0.1.12/0.3.19/0.6.6
4,MW778731.1,B.1.427,2021-02-21,complete,Homo sapiens,29902,4.3.4/1.37.1/v0.1.12/0.3.19/0.6.6
4,MZ167164.1,B.1.427,2021-04-08,complete,Homo sapiens,29838,4.3.4/1.37.1/v0.1.12/0.3.19/0.6.6
4,MW739514.1,B.1.427,2021-01-21,complete,Homo sapiens,29842,4.3.4/1.37.1/v0.1.12/0.3.19/0.6.6
4,ON343513.1,B.1.427,2020-12-15,complete,Homo sapiens,29827,4.3.4/1.37.1/v0.1.12/0.3.19/0.6.6
4,MW904186.1,B.1.427,2021-03-18,complete,Homo sapiens,29832,4.3.4/1.37.1/v0.1.12/0.3.19/0.6.6
4,MW968612.1,B.1.427,2021-03-24,complete,Homo sapiens,29861,4.3.4/1.37.1/v0.1.12/0.3.19/0.6.6
4,MW903098.1,B.1.427,2021-03-18,complete,Homo sapiens,29716,4.3.4/1.37.1/v0.1.12/0.3.19/0.6.6
4,MW945230.1,B.1.427,2021-03-22,complete,Homo sapiens,29829,4.3.4/1.37.1/v0.1.12/0.3.19/0.6.6
4,MZ075899.1,B.1.427,2021-04-02,complete,Homo sapiens,29898,4.3.4/1.37.1/v0.1.12/0.3.19/0.6.6
4,PP046773.1,B.1.427,2021-01-28,complete,Homo sapiens,29887,4.3.4/1.37.1/v0.1.12/0.3.19/0.6.6
4,PP121724.1,B.1.427,2021-03-11,complete,Homo sapiens,29845,4.3.4/1.37.1/v0.1.12/0.3.19/0.6.6
4,MW702762.1,B.1.427,2021-01-14,complete,Homo sapiens,29816,4.3.4/1.37.1/v0.1.12/0.3.19/0.6.6
4,MW903268.1,B.1.427,2021-03-19,complete,Homo sapiens,29714,4.3.4/1.37.1/v0.1.12/0.3.19/0.6.6
4,MZ718062.1,B.1.427,2021-03-20,complete,Homo sapiens,29863,4.3.4/1.37.1/v0.1.12/0.3.19/0.6.6
4,MZ166685.1,B.1.427,2021-04-05,complete,Homo sapiens,29822,4.3.4/1.37.1/v0.1.12/0.3.19/0.6.6
4,MW777482.1,B.1.427,2021-02-18,complete,Homo sapiens,29903,4.3.4/1.37.1/v0.1.12/0.3.19/0.6.6
4,MW974445.1,B.1.427,2021-01-17,complete,Homo sapiens,29826,4.3.4/1.37.1/v0.1.12/0.3.19/0.6.6
4,MW731356.1,B.1.427,2021-02-09,complete,Homo sapiens,29867,4.3.4/1.37.1/v0.1.12/0.3.19/0.6.6
4,OM128581.1,B.1.427,2021-02-08,complete,Homo sapiens,29891,4.3.4/1.37.1/v0.1.12/0.3.19/0.6.6
4,MW550387.1,B.1.427,2020-12-14,complete,Homo sapiens,29869,4.3.4/1.37.1/v0.1.12/0.3.19/0.6.6
4,PP121698.1,B.1.427,2021-03-10,complete,Homo sapiens,29854,4.3.4/1.37.1/v0.1.12/0.3.19/0.6.6
4,OK547374.1,B.1.427,2021-02-02,complete,Homo sapiens,29598,4.3.4/1.37.1/v0.1.12/0.3.19/0.6.6
4,MW731234.1,B.1.427,2021-02-02,complete,Homo sapiens,29867,4.3.4/1.37.1/v0.1.12/0.3.19/0.6.6
4,MZ082932.1,B.1.427,2021-04-07,complete,Homo sapiens,29867,4.3.4/1.37.1/v0.1.12/0.3.19/0.6.6
4,PP120648.1,B.1.427,2021-02-19,complete,Homo sapiens,29846,4.3.4/1.37.1/v0.1.12/0.3.19/0.6.6
4,MW968136.1,B.1.427,2021-03-19,complete,Homo sapiens,29887,4.3.4/1.37.1/v0.1.12/0.3.19/0.6.6
4,MZ258168.1,B.1.427,2021-03-22,complete,Homo sapiens,29859,4.3.4/1.37.1/v0.1.12/0.3.19/0.6.6
4,OK547619.1,B.1.427,2020-12-17,complete,Homo sapiens,29598,4.3.4/1.37.1/v0.1.12/0.3.19/0.6.6
4,MW847651.1,B.1.427,2021-03-11,complete,Homo sapiens,29782,4.3.4/1.37.1/v0.1.12/0.3.19/0.6.6
4,MZ449080.1,B.1.427,2021-04-08,complete,Homo sapiens,29730,4.3.4/1.37.1/v0.1.12/0.3.19/0.6.6
4,MW731747.1,B.1.427,2021-01-31,complete,Homo sapiens,29815,4.3.4/1.37.1/v0.1.12/0.3.19/0.6.6
4,MW880349.1,B.1.427,2021-03-21,complete,Homo sapiens,29878,4.3.4/1.37.1/v0.1.12/0.3.19/0.6.6
4,MW731283.1,B.1.427,2021-01-29,complete,Homo sapiens,29867,4.3.4/1.37.1/v0.1.12/0.3.19/0.6.6
4,MZ189564.1,B.1.427,2021-04-06,complete,Homo sapiens,29828,4.3.4/1.37.1/v0.1.12/0.3.19/0.6.6
4,MZ023472.1,B.1.427,2021-03-27,complete,Homo sapiens,29901,4.3.4/1.37.1/v0.1.12/0.3.19/0.6.6
4,MW577112.1,B.1.427,2021-01-21,complete,Homo sapiens,29866,4.3.4/1.37.1/v0.1.12/0.3.19/0.6.6
4,MZ685142.1,B.1.427,2021-04-28,complete,Homo sapiens,29811,4.3.4/1.37.1/v0.1.12/0.3.19/0.6.6
4,MZ449204.1,B.1.427,2020-12-14,complete,Homo sapiens,29895,4.3.4/1.37.1/v0.1.12/0.3.19/0.6.6
4,MW731273.1,B.1.427,2021-02-04,complete,Homo sapiens,29867,4.3.4/1.37.1/v0.1.12/0.3.19/0.6.6
4,PP123652.1,B.1.427,2021-01-29,complete,Homo sapiens,29847,4.3.4/1.37.1/v0.1.12/0.3.19/0.6.6
4,MW672788.1,B.1.427,2021-02-05,complete,Homo sapiens,29868,4.3.4/1.37.1/v0.1.12/0.3.19/0.6.6
4,OM432609.1,B.1.427,2021-09-14,complete,Homo sapiens,29782,4.3.4/1.37.1/v0.1.12/0.3.19/0.6.6
4,MZ045196.1,B.1.427,2021-04-07,complete,Homo sapiens,29782,4.3.4/1.37.1/v0.1.12/0.3.19/0.6.6
4,MW923571.1,B.1.427,2021-02-05,complete,Homo sapiens,29850,4.3.4/1.37.1/v0.1.12/0.3.19/0.6.6
4,MW972818.1,B.1.427,2020-12-21,complete,Homo sapiens,29826,4.3.4/1.37.1/v0.1.12/0.3.19/0.6.6
4,OK194361.1,B.1.427,2021-03-23,complete,Homo sapiens,29826,4.3.4/1.37.1/v0.1.12/0.3.19/0.6.6
4,MZ245184.1,B.1.427,2021-05-10,complete,Homo sapiens,29900,4.3.4/1.37.1/v0.1.12/0.3.19/0.6.6
4,OP143328.1,B.1.427,2021-01-08,complete,Homo sapiens,29782,4.3.4/1.37.1/v0.1.12/0.3.19/0.6.6
4,OR317411.1,B.1.427,2021-02-19,complete,Homo sapiens,29837,4.3.4/1.37.1/v0.1.12/0.3.19/0.6.6
4,PP046673.1,B.1.427,2021-01-17,complete,Homo sapiens,29887,4.3.4/1.37.1/v0.1.12/0.3.19/0.6.6
4,OL844132.1,B.1.427,2020-12-02,complete,Homo sapiens,29825,4.3.4/1.37.1/v0.1.12/0.3.19/0.6.6
4,MZ636064.1,B.1.427,2021-01-07,complete,Homo sapiens,29903,4.3.4/1.37.1/v0.1.12/0.3.19/0.6.6
4,MW973120.1,B.1.427,2020-12-21,complete,Homo sapiens,29826,4.3.4/1.37.1/v0.1.12/0.3.19/0.6.6
4,MW837324.1,B.1.427,2021-01-20,complete,Homo sapiens,29901,4.3.4/1.37.1/v0.1.12/0.3.19/0.6.6
4,MZ082927.1,B.1.427,2021-04-01,complete,Homo sapiens,29846,4.3.4/1.37.1/v0.1.12/0.3.19/0.6.6
4,MZ378478.1,B.1.427,2021-04-06,complete,Homo sapiens,29826,4.3.4/1.37.1/v0.1.12/0.3.19/0.6.6
4,MZ444363.1,B.1.427,2021-01-21,complete,Homo sapiens,29882,4.3.4/1.37.1/v0.1.12/0.3.19/0.6.6
4,MZ163528.1,B.1.427,2021-04-22,complete,Homo sapiens,29830,4.3.4/1.37.1/v0.1.12/0.3.19/0.6.6
4,ON186210.1,B.1.427,2021-04-15,complete,Homo sapiens,29797,4.3.4/1.37.1/v0.1.12/0.3.19/0.6.6
4,OK547813.1,B.1.427,2021-01-11,complete,Homo sapiens,29598,4.3.4/1.37.1/v0.1.12/0.3.19/0.6.6
4,MZ471816.1,B.1.427,2021-04-29,complete,Homo sapiens,29836,4.3.4/1.37.1/v0.1.12/0.3.19/0.6.6
4,PP123159.1,B.1.427,2021-01-19,complete,Homo sapiens,29844,4.3.4/1.37.1/v0.1.12/0.3.19/0.6.6
4,OK191965.1,B.1.427,2021-03-23,complete,Homo sapiens,29831,4.3.4/1.37.1/v0.1.12/0.3.19/0.6.6
4,OR309695.1,B.1.427,2021-03-23,complete,Homo sapiens,29827,4.3.4/1.37.1/v0.1.12/0.3.19/0.6.6
4,MW826007.1,B.1.427,2021-03-10,complete,Homo sapiens,29902,4.3.4/1.37.1/v0.1.12/0.3.19/0.6.6
4,MW731284.1,B.1.427,2021-02-02,complete,Homo sapiens,29867,4.3.4/1.37.1/v0.1.12/0.3.19/0.6.6
4,MW923072.1,B.1.427,2021-02-04,complete,Homo sapiens,29852,4.3.4/1.37.1/v0.1.12/0.3.19/0.6.6
4,PP141360.1,B.1.427,2021-03-24,complete,Homo sapiens,29845,4.3.4/1.37.1/v0.1.12/0.3.19/0.6.6
4,MZ207187.1,B.1.427,2021-03-17,complete,Homo sapiens,29818,4.3.4/1.37.1/v0.1.12/0.3.19/0.6.6
4,ON195121.1,B.1.427,2021-05-04,complete,Homo sapiens,29697,4.3.4/1.37.1/v0.1.12/0.3.19/0.6.6
4,OK173295.1,B.1.427,2020-12-10,complete,Homo sapiens,29760,4.3.4/1.37.1/v0.1.12/0.3.19/0.6.6
4,ON339792.1,B.1.427,2020-12-11,complete,Homo sapiens,29851,4.3.4/1.37.1/v0.1.12/0.3.19/0.6.6
4,MZ271524.1,B.1.427,2021-04-16,complete,Homo sapiens,29887,4.3.4/1.37.1/v0.1.12/0.3.19/0.6.6
4,MZ780392.1,B.1.427,2021-04-28,complete,Homo sapiens,29871,4.3.4/1.37.1/v0.1.12/0.3.19/0.6.6
4,PP122308.1,B.1.427,2021-02-10,complete,Homo sapiens,29846,4.3.4/1.37.1/v0.1.12/0.3.19/0.6.6
4,MZ207263.1,B.1.427,2021-02-09,complete,Homo sapiens,29901,4.3.4/1.37.1/v0.1.12/0.3.19/0.6.6
4,MW891432.1,B.1.427,2021-03-22,complete,Homo sapiens,29823,4.3.4/1.37.1/v0.1.12/0.3.19/0.6.6
4,MZ143725.1,B.1.427,2021-03-27,complete,Homo sapiens,29867,4.3.4/1.37.1/v0.1.12/0.3.19/0.6.6
4,PP144140.1,B.1.427,2021-01-06,complete,Homo sapiens,29846,4.3.4/1.37.1/v0.1.12/0.3.19/0.6.6
4,MW868727.1,B.1.427,2021-03-11,complete,Homo sapiens,29884,4.3.4/1.37.1/v0.1.12/0.3.19/0.6.6
4,ON216777.1,B.1.427,2020-12-11,complete,Homo sapiens,29759,4.3.4/1.37.1/v0.1.12/0.3.19/0.6.6
4,MW808893.1,B.1.427,2021-03-03,complete,Homo sapiens,29873,4.3.4/1.37.1/v0.1.12/0.3.19/0.6.6
4,MW931270.1,B.1.427,2021-03-30,complete,Homo sapiens,29818,4.3.4/1.37.1/v0.1.12/0.3.19/0.6.6
4,PP122637.1,B.1.427,2021-02-22,complete,Homo sapiens,29846,4.3.4/1.37.1/v0.1.12/0.3.19/0.6.6
4,OK547600.1,B.1.427,2020-12-23,complete,Homo sapiens,29598,4.3.4/1.37.1/v0.1.12/0.3.19/0.6.6
4,MZ378542.1,B.1.427,2021-03-21,complete,Homo sapiens,29866,4.3.4/1.37.1/v0.1.12/0.3.19/0.6.6
4,MZ049802.1,B.1.427,2021-04-09,complete,Homo sapiens,29782,4.3.4/1.37.1/v0.1.12/0.3.19/0.6.6
4,OK548169.1,B.1.427,2021-01-02,complete,Homo sapiens,29598,4.3.4/1.37.1/v0.1.12/0.3.19/0.6.6
4,ON776075.1,B.1.427,2021-03-22,complete,Homo sapiens,29886,4.3.4/1.37.1/v0.1.12/0.3.19/0.6.6
4,OL540699.1,B.1.427,2021-01-09,complete,Homo sapiens,29826,4.3.4/1.37.1/v0.1.12/0.3.19/0.6.6
4,MZ252579.1,B.1.427,2021-05-08,complete,Homo sapiens,29747,4.3.4/1.37.1/v0.1.12/0.3.19/0.6.6
4,ON344559.1,B.1.427,2020-12-11,complete,Homo sapiens,29851,4.3.4/1.37.1/v0.1.12/0.3.19/0.6.6
4,ON776239.1,B.1.427,2020-12-31,complete,Homo sapiens,29714,4.3.4/1.37.1/v0.1.12/0.3.19/0.6.6
4,ON618992.1,B.1.427,2021-01-30,complete,Homo sapiens,29714,4.3.4/1.37.1/v0.1.12/0.3.19/0.6.6
4,MZ100668.1,B.1.427,2021-04-13,complete,Homo sapiens,29829,4.3.4/1.37.1/v0.1.12/0.3.19/0.6.6
4,OK547270.1,B.1.427,2020-12-07,complete,Homo sapiens,29598,4.3.4/1.37.1/v0.1.12/0.3.19/0.6.6
4,MW837292.1,B.1.427,2021-03-05,complete,Homo sapiens,29904,4.3.4/1.37.1/v0.1.12/0.3.19/0.6.6
4,PP120194.1,B.1.427,2021-03-07,complete,Homo sapiens,29846,4.3.4/1.37.1/v0.1.12/0.3.19/0.6.6
4,MW838440.2,B.1.427,2021-01-05,complete,Homo sapiens,29899,4.3.4/1.37.1/v0.1.12/0.3.19/0.6.6
4,MZ378541.1,B.1.427,2021-03-21,complete,Homo sapiens,29864,4.3.4/1.37.1/v0.1.12/0.3.19/0.6.6
4,OR938855.1,B.1.427,2020-11-27,complete,Homo sapiens,29901,4.3.4/1.37.1/v0.1.12/0.3.19/0.6.6
4,MW850236.1,B.1.427,2021-03-05,complete,Homo sapiens,29874,4.3.4/1.37.1/v0.1.12/0.3.19/0.6.6
4,PP144313.1,B.1.427,2021-02-08,complete,Homo sapiens,29846,4.3.4/1.37.1/v0.1.12/0.3.19/0.6.6
4,OK547287.1,B.1.427,2021-04-26,complete,Homo sapiens,29598,4.3.4/1.37.1/v0.1.12/0.3.19/0.6.6
4,MW969343.1,B.1.427,2021-03-25,complete,Homo sapiens,29888,4.3.4/1.37.1/v0.1.12/0.3.19/0.6.6
4,PP120185.1,B.1.427,2021-01-28,complete,Homo sapiens,29846,4.3.4/1.37.1/v0.1.12/0.3.19/0.6.6
4,MW903426.1,B.1.427,2021-03-17,complete,Homo sapiens,29738,4.3.4/1.37.1/v0.1.12/0.3.19/0.6.6
4,MZ022287.1,B.1.427,2021-03-30,complete,Homo sapiens,29900,4.3.4/1.37.1/v0.1.12/0.3.19/0.6.6
4,OM486378.1,B.1.427,2021-04-13,complete,Homo sapiens,29835,4.3.4/1.37.1/v0.1.12/0.3.19/0.6.6
4,OR888230.1,B.1.427,2020-12-30,complete,Homo sapiens,29598,4.3.4/1.37.1/v0.1.12/0.3.19/0.6.6
4,PP161805.1,B.1.427,2021-02-16,complete,Homo sapiens,29849,4.3.4/1.37.1/v0.1.12/0.3.19/0.6.6
4,ON316664.1,B.1.427,2021-04-23,complete,Homo sapiens,29869,4.3.4/1.37.1/v0.1.12/0.3.19/0.6.6
4,PP119576.1,B.1.427,2021-03-07,complete,Homo sapiens,29845,4.3.4/1.37.1/v0.1.12/0.3.19/0.6.6
4,MZ455166.1,B.1.427,2021-05-18,complete,Homo sapiens,29782,4.3.4/1.37.1/v0.1.12/0.3.19/0.6.6
4,ON344694.1,B.1.427,2020-12-10,complete,Homo sapiens,29840,4.3.4/1.37.1/v0.1.12/0.3.19/0.6.6
4,MW518822.1,B.1.427,2021-01-02,complete,Homo sapiens,29875,4.3.4/1.37.1/v0.1.12/0.3.19/0.6.6
4,MW995057.1,B.1.427,2021-03-18,complete,Homo sapiens,29890,4.3.4/1.37.1/v0.1.12/0.3.19/0.6.6
4,PP144533.1,B.1.427,2021-02-09,complete,Homo sapiens,29843,4.3.4/1.37.1/v0.1.12/0.3.19/0.6.6
4,ON074359.1,B.1.427,2021-03-17,complete,Homo sapiens,29747,4.3.4/1.37.1/v0.1.12/0.3.19/0.6.6
4,OK322867.1,B.1.427,2021-02-09,complete,Homo sapiens,29782,4.3.4/1.37.1/v0.1.12/0.3.19/0.6.6
4,MW778190.1,B.1.427,2021-02-21,complete,Homo sapiens,29893,4.3.4/1.37.1/v0.1.12/0.3.19/0.6.6
4,OK188735.1,B.1.427,2021-02-05,complete,Homo sapiens,29849,4.3.4/1.37.1/v0.1.12/0.3.19/0.6.6
4,PP123179.1,B.1.427,2021-01-18,complete,Homo sapiens,29846,4.3.4/1.37.1/v0.1.12/0.3.19/0.6.6
4,PP144809.1,B.1.427,2021-02-12,complete,Homo sapiens,29831,4.3.4/1.37.1/v0.1.12/0.3.19/0.6.6
4,MZ378540.1,B.1.427,2021-03-20,complete,Homo sapiens,29818,4.3.4/1.37.1/v0.1.12/0.3.19/0.6.6
4,MW904257.1,B.1.427,2021-03-18,complete,Homo sapiens,29831,4.3.4/1.37.1/v0.1.12/0.3.19/0.6.6
4,MZ473535.1,B.1.427,2021-03-15,complete,Homo sapiens,29782,4.3.4/1.37.1/v0.1.12/0.3.19/0.6.6
4,PP161816.1,B.1.427,2021-02-21,complete,Homo sapiens,29849,4.3.4/1.37.1/v0.1.12/0.3.19/0.6.6
4,PP123692.1,B.1.427,2021-01-22,complete,Homo sapiens,29845,4.3.4/1.37.1/v0.1.12/0.3.19/0.6.6
4,MZ914348.1,B.1.427,2021-06-24,complete,Homo sapiens,29817,4.3.4/1.37.1/v0.1.12/0.3.19/0.6.6
4,MW700652.1,B.1.427,2021-01-10,complete,Homo sapiens,29806,4.3.4/1.37.1/v0.1.12/0.3.19/0.6.6
4,PP162024.1,B.1.427,2021-02-17,complete,Homo sapiens,29849,4.3.4/1.37.1/v0.1.12/0.3.19/0.6.6
4,MW848164.1,B.1.427,2021-03-12,complete,Homo sapiens,29829,4.3.4/1.37.1/v0.1.12/0.3.19/0.6.6
4,PP611008.1,B.1.427,2021-04-06,complete,Homo sapiens,29746,4.3.4/1.37.1/v0.1.12/0.3.19/0.6.6
4,OR305168.1,B.1.427,2021-04-18,complete,Homo sapiens,29816,4.3.4/1.37.1/v0.1.12/0.3.19/0.6.6
4,OL365565.1,B.1.427,2020-11-10,complete,Homo sapiens,29824,4.3.4/1.37.1/v0.1.12/0.3.19/0.6.6
4,PP122580.1,B.1.427,2021-02-23,complete,Homo sapiens,29846,4.3.4/1.37.1/v0.1.12/0.3.19/0.6.6
4,MW669761.1,B.1.427,2021-02-08,complete,Homo sapiens,29782,4.3.4/1.37.1/v0.1.12/0.3.19/0.6.6
4,PP161964.1,B.1.427,2021-02-02,complete,Homo sapiens,29849,4.3.4/1.37.1/v0.1.12/0.3.19/0.6.6
4,MZ378066.1,B.1.427,2021-04-11,complete,Homo sapiens,29817,4.3.4/1.37.1/v0.1.12/0.3.19/0.6.6
4,MW708629.1,B.1.427,2021-01-27,complete,Homo sapiens,29868,4.3.4/1.37.1/v0.1.12/0.3.19/0.6.6
4,ON340037.1,B.1.427,2020-12-10,complete,Homo sapiens,29859,4.3.4/1.37.1/v0.1.12/0.3.19/0.6.6
4,MZ473586.1,B.1.427,2021-04-23,complete,Homo sapiens,29782,4.3.4/1.37.1/v0.1.12/0.3.19/0.6.6
4,ON339571.1,B.1.427,2020-12-11,complete,Homo sapiens,29867,4.3.4/1.37.1/v0.1.12/0.3.19/0.6.6
4,OR307265.1,B.1.427,2021-03-17,complete,Homo sapiens,29821,4.3.4/1.37.1/v0.1.12/0.3.19/0.6.6
4,PP141512.1,B.1.427,2021-01-06,complete,Homo sapiens,29845,4.3.4/1.37.1/v0.1.12/0.3.19/0.6.6
4,PP122717.1,B.1.427,2021-03-09,complete,Homo sapiens,29846,4.3.4/1.37.1/v0.1.12/0.3.19/0.6.6
4,MW968408.1,B.1.427,2021-03-25,complete,Homo sapiens,29885,4.3.4/1.37.1/v0.1.12/0.3.19/0.6.6
4,OL844230.1,B.1.427,2020-12-15,complete,Homo sapiens,29834,4.3.4/1.37.1/v0.1.12/0.3.19/0.6.6
4,MZ207003.1,B.1.427,2021-03-04,complete,Homo sapiens,29826,4.3.4/1.37.1/v0.1.12/0.3.19/0.6.6
4,MW966560.1,B.1.427,2021-03-12,complete,Homo sapiens,29900,4.3.4/1.37.1/v0.1.12/0.3.19/0.6.6
4,OL540602.1,B.1.427,2021-01-09,complete,Homo sapiens,29798,4.3.4/1.37.1/v0.1.12/0.3.19/0.6.6
4,MW672679.1,B.1.427,2021-02-03,complete,Homo sapiens,29832,4.3.4/1.37.1/v0.1.12/0.3.19/0.6.6
4,MZ282998.1,B.1.427,2021-05-03,complete,Homo sapiens,29890,4.3.4/1.37.1/v0.1.12/0.3.19/0.6.6
4,OK546931.1,B.1.427,2020-12-23,complete,Homo sapiens,29598,4.3.4/1.37.1/v0.1.12/0.3.19/0.6.6
4,MZ358658.1,B.1.427,2021-04-27,complete,Homo sapiens,29867,4.3.4/1.37.1/v0.1.12/0.3.19/0.6.6
4,PP121709.1,B.1.427,2021-03-08,complete,Homo sapiens,29846,4.3.4/1.37.1/v0.1.12/0.3.19/0.6.6
4,PP144352.1,B.1.427,2021-02-06,complete,Homo sapiens,29846,4.3.4/1.37.1/v0.1.12/0.3.19/0.6.6
4,MW460624.1,B.1.427,2020-12-26,complete,Homo sapiens,29782,4.3.4/1.37.1/v0.1.12/0.3.19/0.6.6
4,MW921931.1,B.1.427,2021-01-28,complete,Homo sapiens,29812,4.3.4/1.37.1/v0.1.12/0.3.19/0.6.6
4,PP186850.1,B.1.427,2021-01-12,complete,Homo sapiens,29598,4.3.4/1.37.1/v0.1.12/0.3.19/0.6.6
4,MW586771.1,B.1.427,2021-01-15,complete,Homo sapiens,29782,4.3.4/1.37.1/v0.1.12/0.3.19/0.6.6
4,PP144830.1,B.1.427,2021-03-01,complete,Homo sapiens,29844,4.3.4/1.37.1/v0.1.12/0.3.19/0.6.6
4,PP161963.1,B.1.427,2021-02-02,complete,Homo sapiens,29863,4.3.4/1.37.1/v0.1.12/0.3.19/0.6.6
4,ON776147.1,B.1.427,2021-03-22,complete,Homo sapiens,29872,4.3.4/1.37.1/v0.1.12/0.3.19/0.6.6
4,MW900216.1,B.1.427,2021-04-03,complete,Homo sapiens,29903,4.3.4/1.37.1/v0.1.12/0.3.19/0.6.6
4,MZ085858.1,B.1.427,2021-04-07,complete,Homo sapiens,29899,4.3.4/1.37.1/v0.1.12/0.3.19/0.6.6
4,OK657811.1,B.1.427,2020-12-15,complete,Homo sapiens,29876,4.3.4/1.37.1/v0.1.12/0.3.19/0.6.6
4,MZ060971.1,B.1.427,2021-04-11,complete,Homo sapiens,29830,4.3.4/1.37.1/v0.1.12/0.3.19/0.6.6
4,MW779242.1,B.1.427,2021-02-24,complete,Homo sapiens,29903,4.3.4/1.37.1/v0.1.12/0.3.19/0.6.6
4,PP122462.1,B.1.427,2021-02-15,complete,Homo sapiens,29840,4.3.4/1.37.1/v0.1.12/0.3.19/0.6.6
4,PP120454.1,B.1.427,2021-02-25,complete,Homo sapiens,29845,4.3.4/1.37.1/v0.1.12/0.3.19/0.6.6
4,MW993185.1,B.1.427,2021-03-12,complete,Homo sapiens,29872,4.3.4/1.37.1/v0.1.12/0.3.19/0.6.6
4,MW968549.1,B.1.427,2021-03-25,complete,Homo sapiens,29900,4.3.4/1.37.1/v0.1.12/0.3.19/0.6.6
4,MW583211.1,B.1.427,2021-01-16,complete,Homo sapiens,29845,4.3.4/1.37.1/v0.1.12/0.3.19/0.6.6
4,MW673041.1,B.1.427,2021-02-07,complete,Homo sapiens,29818,4.3.4/1.37.1/v0.1.12/0.3.19/0.6.6
4,MZ635958.1,B.1.427,2021-01-03,complete,Homo sapiens,29903,4.3.4/1.37.1/v0.1.12/0.3.19/0.6.6
4,MZ260422.1,B.1.427,2021-03-06,complete,Homo sapiens,29866,4.3.4/1.37.1/v0.1.12/0.3.19/0.6.6
4,MW777211.1,B.1.427,2021-02-11,complete,Homo sapiens,29886,4.3.4/1.37.1/v0.1.12/0.3.19/0.6.6
4,ON339869.1,B.1.427,2020-12-10,complete,Homo sapiens,29827,4.3.4/1.37.1/v0.1.12/0.3.19/0.6.6
4,MZ007330.1,B.1.427,2021-03-31,complete,Homo sapiens,29825,4.3.4/1.37.1/v0.1.12/0.3.19/0.6.6
4,ON196844.1,B.1.427,2021-03-17,complete,Homo sapiens,29724,4.3.4/1.37.1/v0.1.12/0.3.19/0.6.6
4,MZ207102.1,B.1.427,2021-03-03,complete,Homo sapiens,29862,4.3.4/1.37.1/v0.1.12/0.3.19/0.6.6
4,OL848826.1,B.1.427,2021-03-29,complete,Homo sapiens,29875,4.3.4/1.37.1/v0.1.12/0.3.19/0.6.6
4,MZ206763.1,B.1.427,2021-01-29,complete,Homo sapiens,29847,4.3.4/1.37.1/v0.1.12/0.3.19/0.6.6
4,MW921603.1,B.1.427,2021-02-04,complete,Homo sapiens,29854,4.3.4/1.37.1/v0.1.12/0.3.19/0.6.6
4,OR939220.1,B.1.427,2020-11-19,complete,Homo sapiens,29865,4.3.4/1.37.1/v0.1.12/0.3.19/0.6.6
4,MZ213053.1,B.1.427,2021-04-10,complete,Homo sapiens,29901,4.3.4/1.37.1/v0.1.12/0.3.19/0.6.6
4,OR938970.1,B.1.427,2021-01-06,complete,Homo sapiens,29898,4.3.4/1.37.1/v0.1.12/0.3.19/0.6.6
4,PP119657.1,B.1.427,2021-01-11,complete,Homo sapiens,29845,4.3.4/1.37.1/v0.1.12/0.3.19/0.6.6
4,MZ915337.1,B.1.427,2021-03-19,complete,Homo sapiens,29859,4.3.4/1.37.1/v0.1.12/0.3.19/0.6.6
4,MW766636.1,B.1.427,2021-02-05,complete,Homo sapiens,29849,4.3.4/1.37.1/v0.1.12/0.3.19/0.6.6
4,MZ045335.1,B.1.427,2021-04-03,complete,Homo sapiens,29782,4.3.4/1.37.1/v0.1.12/0.3.19/0.6.6
4,OR888117.1,B.1.427,2021-01-23,complete,Homo sapiens,29598,4.3.4/1.37.1/v0.1.12/0.3.19/0.6.6
4,MZ722966.1,B.1.427,2020-12-15,complete,Homo sapiens,29903,4.3.4/1.37.1/v0.1.12/0.3.19/0.6.6
4,MZ257237.1,B.1.427,2021-03-22,complete,Homo sapiens,29899,4.3.4/1.37.1/v0.1.12/0.3.19/0.6.6
4,PP606270.1,B.1.427,2021-03-02,complete,Homo sapiens,29743,4.3.4/1.37.1/v0.1.12/0.3.19/0.6.6
4,MZ207013.1,B.1.427,2021-03-05,complete,Homo sapiens,29849,4.3.4/1.37.1/v0.1.12/0.3.19/0.6.6
4,OP143111.1,B.1.427,2021-01-04,complete,Homo sapiens,29808,4.3.4/1.37.1/v0.1.12/0.3.19/0.6.6
4,PP123523.1,B.1.427,2021-01-07,complete,Homo sapiens,29846,4.3.4/1.37.1/v0.1.12/0.3.19/0.6.6
4,MW776952.1,B.1.427,2021-02-14,complete,Homo sapiens,29903,4.3.4/1.37.1/v0.1.12/0.3.19/0.6.6
4,ON316636.1,B.1.427,2021-04-19,complete,Homo sapiens,29880,4.3.4/1.37.1/v0.1.12/0.3.19/0.6.6
4,OM128609.1,B.1.427,2021-02-08,complete,Homo sapiens,29877,4.3.4/1.37.1/v0.1.12/0.3.19/0.6.6
4,MW868713.1,B.1.427,2021-03-11,complete,Homo sapiens,29898,4.3.4/1.37.1/v0.1.12/0.3.19/0.6.6
4,PP120953.1,B.1.427,2021-02-11,complete,Homo sapiens,29846,4.3.4/1.37.1/v0.1.12/0.3.19/0.6.6
4,MZ373454.1,B.1.427,2021-01-26,complete,Homo sapiens,29850,4.3.4/1.37.1/v0.1.12/0.3.19/0.6.6
4,PQ964181.1,B.1.427,2021-02-08,complete,Homo sapiens,29770,4.3.4/1.37.1/v0.1.12/0.3.19/0.6.6
4,MZ378480.1,B.1.427,2021-04-06,complete,Homo sapiens,29782,4.3.4/1.37.1/v0.1.12/0.3.19/0.6.6
4,OM128551.1,B.1.427,2021-02-18,complete,Homo sapiens,29874,4.3.4/1.37.1/v0.1.12/0.3.19/0.6.6
4,MZ448913.1,B.1.427,2021-03-08,complete,Homo sapiens,29724,4.3.4/1.37.1/v0.1.12/0.3.19/0.6.6
4,MZ456015.1,B.1.427,2021-02-17,complete,Homo sapiens,29837,4.3.4/1.37.1/v0.1.12/0.3.19/0.6.6
4,ON216793.1,B.1.427,2020-12-11,complete,Homo sapiens,29778,4.3.4/1.37.1/v0.1.12/0.3.19/0.6.6
4,MZ011430.1,B.1.427,2021-03-29,complete,Homo sapiens,29866,4.3.4/1.37.1/v0.1.12/0.3.19/0.6.6
4,PP144121.1,B.1.427,2021-03-03,complete,Homo sapiens,29845,4.3.4/1.37.1/v0.1.12/0.3.19/0.6.6
4,PP144202.1,B.1.427,2021-03-02,complete,Homo sapiens,29846,4.3.4/1.37.1/v0.1.12/0.3.19/0.6.6
4,MZ313034.1,B.1.427,2021-01-26,complete,Homo sapiens,29867,4.3.4/1.37.1/v0.1.12/0.3.19/0.6.6
4,PP162172.1,B.1.427,2021-02-26,complete,Homo sapiens,29849,4.3.4/1.37.1/v0.1.12/0.3.19/0.6.6
4,PP121576.1,B.1.427,2021-03-10,complete,Homo sapiens,29846,4.3.4/1.37.1/v0.1.12/0.3.19/0.6.6
4,MZ192179.1,B.1.427,2021-04-22,complete,Homo sapiens,29836,4.3.4/1.37.1/v0.1.12/0.3.19/0.6.6
4,MW706124.1,B.1.427,2021-02-10,complete,Homo sapiens,29714,4.3.4/1.37.1/v0.1.12/0.3.19/0.6.6
4,PP123413.1,B.1.427,2021-01-21,complete,Homo sapiens,29846,4.3.4/1.37.1/v0.1.12/0.3.19/0.6.6
4,MW777270.1,B.1.427,2021-02-12,complete,Homo sapiens,29898,4.3.4/1.37.1/v0.1.12/0.3.19/0.6.6
4,MW891842.1,B.1.427,2021-03-21,complete,Homo sapiens,29887,4.3.4/1.37.1/v0.1.12/0.3.19/0.6.6
4,PP120424.1,B.1.427,2021-02-25,complete,Homo sapiens,29846,4.3.4/1.37.1/v0.1.12/0.3.19/0.6.6
4,PP046918.1,B.1.427,2021-01-26,complete,Homo sapiens,29849,4.3.4/1.37.1/v0.1.12/0.3.19/0.6.6
4,PP121710.1,B.1.427,2021-03-08,complete,Homo sapiens,29851,4.3.4/1.37.1/v0.1.12/0.3.19/0.6.6
4,OP143041.1,B.1.427,2021-01-02,complete,Homo sapiens,29782,4.3.4/1.37.1/v0.1.12/0.3.19/0.6.6
4,MW700643.1,B.1.427,2021-01-10,complete,Homo sapiens,29814,4.3.4/1.37.1/v0.1.12/0.3.19/0.6.6
4,PP120217.1,B.1.427,2021-01-29,complete,Homo sapiens,29846,4.3.4/1.37.1/v0.1.12/0.3.19/0.6.6
4,MW968790.1,B.1.427,2021-03-26,complete,Homo sapiens,29873,4.3.4/1.37.1/v0.1.12/0.3.19/0.6.6
4,OL848718.1,B.1.427,2021-03-29,complete,Homo sapiens,29899,4.3.4/1.37.1/v0.1.12/0.3.19/0.6.6
4,MZ164622.1,B.1.427,2021-03-31,complete,Homo sapiens,29867,4.3.4/1.37.1/v0.1.12/0.3.19/0.6.6
4,PP144565.1,B.1.427,2021-02-09,complete,Homo sapiens,29846,4.3.4/1.37.1/v0.1.12/0.3.19/0.6.6
4,MZ202905.1,B.1.427,2021-03-09,complete,Homo sapiens,29816,4.3.4/1.37.1/v0.1.12/0.3.19/0.6.6
4,MZ237100.1,B.1.427,2021-04-30,complete,Homo sapiens,29830,4.3.4/1.37.1/v0.1.12/0.3.19/0.6.6
4,PP162046.1,B.1.427,2021-02-15,complete,Homo sapiens,29849,4.3.4/1.37.1/v0.1.12/0.3.19/0.6.6
4,MZ448956.1,B.1.427,2021-03-11,complete,Homo sapiens,29730,4.3.4/1.37.1/v0.1.12/0.3.19/0.6.6
4,ON316663.1,B.1.427,2021-04-23,complete,Homo sapiens,29824,4.3.4/1.37.1/v0.1.12/0.3.19/0.6.6
4,ON011276.1,B.1.427,2020-12-02,complete,Homo sapiens,29832,4.3.4/1.37.1/v0.1.12/0.3.19/0.6.6
4,MZ022560.1,B.1.427,2021-03-31,complete,Homo sapiens,29870,4.3.4/1.37.1/v0.1.12/0.3.19/0.6.6
4,MZ070566.1,B.1.427,2021-04-09,complete,Homo sapiens,29714,4.3.4/1.37.1/v0.1.12/0.3.19/0.6.6
4,PP120284.1,B.1.427,2021-02-06,complete,Homo sapiens,29846,4.3.4/1.37.1/v0.1.12/0.3.19/0.6.6
4,MZ363994.1,B.1.427,2021-01-14,complete,Homo sapiens,29899,4.3.4/1.37.1/v0.1.12/0.3.19/0.6.6
4,PP123101.1,B.1.427,2021-01-13,complete,Homo sapiens,29843,4.3.4/1.37.1/v0.1.12/0.3.19/0.6.6
4,PP120805.1,B.1.427,2021-02-23,complete,Homo sapiens,29846,4.3.4/1.37.1/v0.1.12/0.3.19/0.6.6
4,OL540417.1,B.1.427,2020-12-29,complete,Homo sapiens,29812,4.3.4/1.37.1/v0.1.12/0.3.19/0.6.6
4,OM109349.1,B.1.427,2021-03-26,complete,Homo sapiens,29886,4.3.4/1.37.1/v0.1.12/0.3.19/0.6.6
4,OQ756881.1,B.1.427,2021-03-22,complete,Homo sapiens,29874,4.3.4/1.37.1/v0.1.12/0.3.19/0.6.6
4,MZ260898.1,B.1.427,2021-05-03,complete,Homo sapiens,29812,4.3.4/1.37.1/v0.1.12/0.3.19/0.6.6
4,MZ164028.1,B.1.427,2021-04-23,complete,Homo sapiens,29831,4.3.4/1.37.1/v0.1.12/0.3.19/0.6.6
4,MW629495.1,B.1.427,2021-01-27,complete,Homo sapiens,29816,4.3.4/1.37.1/v0.1.12/0.3.19/0.6.6
4,PP047037.1,B.1.427,2021-02-01,complete,Homo sapiens,29897,4.3.4/1.37.1/v0.1.12/0.3.19/0.6.6
4,MZ454576.1,B.1.427,2021-05-03,complete,Homo sapiens,29782,4.3.4/1.37.1/v0.1.12/0.3.19/0.6.6
4,MZ187148.1,B.1.427,2021-04-16,complete,Homo sapiens,29896,4.3.4/1.37.1/v0.1.12/0.3.19/0.6.6
4,MW565001.1,B.1.427,2020-11-24,complete,Homo sapiens,29849,4.3.4/1.37.1/v0.1.12/0.3.19/0.6.6
4,MZ101240.1,B.1.427,2021-04-14,complete,Homo sapiens,29831,4.3.4/1.37.1/v0.1.12/0.3.19/0.6.6
4,PP607914.1,B.1.427,2021-03-14,complete,Homo sapiens,29746,4.3.4/1.37.1/v0.1.12/0.3.19/0.6.6
4,OK136347.1,B.1.427,2021-01-18,complete,Homo sapiens,29772,4.3.4/1.37.1/v0.1.12/0.3.19/0.6.6
4,PP121372.1,B.1.427,2021-01-18,complete,Homo sapiens,29846,4.3.4/1.37.1/v0.1.12/0.3.19/0.6.6
4,MZ666642.1,B.1.427,2021-02-10,complete,Homo sapiens,29859,4.3.4/1.37.1/v0.1.12/0.3.19/0.6.6
4,PP144424.1,B.1.427,2021-02-08,complete,Homo sapiens,29846,4.3.4/1.37.1/v0.1.12/0.3.19/0.6.6
4,PP603603.1,B.1.427,2021-02-06,complete,Homo sapiens,29746,4.3.4/1.37.1/v0.1.12/0.3.19/0.6.6
4,MZ207159.1,B.1.427,2021-01-05,complete,Homo sapiens,29794,4.3.4/1.37.1/v0.1.12/0.3.19/0.6.6
4,PP120553.1,B.1.427,2021-02-19,complete,Homo sapiens,29846,4.3.4/1.37.1/v0.1.12/0.3.19/0.6.6
4,MW877731.1,B.1.427,2021-03-17,complete,Homo sapiens,29782,4.3.4/1.37.1/v0.1.12/0.3.19/0.6.6
4,PQ964223.1,B.1.427,2021-02-18,complete,Homo sapiens,29770,4.3.4/1.37.1/v0.1.12/0.3.19/0.6.6
4,MW969085.1,B.1.427,2021-03-25,complete,Homo sapiens,29847,4.3.4/1.37.1/v0.1.12/0.3.19/0.6.6
4,OM128548.1,B.1.427,2021-02-25,complete,Homo sapiens,29882,4.3.4/1.37.1/v0.1.12/0.3.19/0.6.6
4,MZ131203.1,B.1.427,2021-04-12,complete,Homo sapiens,29901,4.3.4/1.37.1/v0.1.12/0.3.19/0.6.6
4,PP120206.1,B.1.427,2021-01-28,complete,Homo sapiens,29846,4.3.4/1.37.1/v0.1.12/0.3.19/0.6.6
4,PP120014.1,B.1.427,2021-03-10,complete,Homo sapiens,29845,4.3.4/1.37.1/v0.1.12/0.3.19/0.6.6
4,OK547330.1,B.1.427,2020-12-29,complete,Homo sapiens,29598,4.3.4/1.37.1/v0.1.12/0.3.19/0.6.6
4,MW583310.1,B.1.427,2021-01-13,complete,Homo sapiens,29829,4.3.4/1.37.1/v0.1.12/0.3.19/0.6.6
4,ON339832.1,B.1.427,2020-12-10,complete,Homo sapiens,29827,4.3.4/1.37.1/v0.1.12/0.3.19/0.6.6
4,OM434068.1,B.1.427,2021-03-22,complete,Homo sapiens,29873,4.3.4/1.37.1/v0.1.12/0.3.19/0.6.6
4,MW739866.1,B.1.427,2021-02-01,complete,Homo sapiens,29852,4.3.4/1.37.1/v0.1.12/0.3.19/0.6.6
4,MZ201435.1,B.1.427,2021-04-27,complete,Homo sapiens,29831,4.3.4/1.37.1/v0.1.12/0.3.19/0.6.6
4,PP162779.1,B.1.427,2020-12-28,complete,Homo sapiens,29849,4.3.4/1.37.1/v0.1.12/0.3.19/0.6.6
4,OK657717.1,B.1.427,2020-12-14,complete,Homo sapiens,29847,4.3.4/1.37.1/v0.1.12/0.3.19/0.6.6
4,MZ290777.1,B.1.427,2021-05-03,complete,Homo sapiens,29831,4.3.4/1.37.1/v0.1.12/0.3.19/0.6.6
4,PP123290.1,B.1.427,2021-01-19,complete,Homo sapiens,29846,4.3.4/1.37.1/v0.1.12/0.3.19/0.6.6
4,MZ281528.1,B.1.427,2021-05-05,complete,Homo sapiens,29878,4.3.4/1.37.1/v0.1.12/0.3.19/0.6.6
4,MW792918.1,B.1.427,2021-03-02,complete,Homo sapiens,29867,4.3.4/1.37.1/v0.1.12/0.3.19/0.6.6
4,OR177637.1,B.1.427,2020-12-29,complete,Homo sapiens,29886,4.3.4/1.37.1/v0.1.12/0.3.19/0.6.6
4,PP144706.1,B.1.427,2021-03-15,complete,Homo sapiens,29845,4.3.4/1.37.1/v0.1.12/0.3.19/0.6.6
4,MW640132.1,B.1.427,2021-01-21,complete,Homo sapiens,29714,4.3.4/1.37.1/v0.1.12/0.3.19/0.6.6
4,PX058729.1,B.1.427,2021-03-18,complete,Homo sapiens,29726,4.3.4/1.37.1/v0.1.12/0.3.19/0.6.6
4,PP144704.1,B.1.427,2021-03-15,complete,Homo sapiens,29845,4.3.4/1.37.1/v0.1.12/0.3.19/0.6.6
4,OL555508.1,B.1.427,2021-09-14,complete,Homo sapiens,29813,4.3.4/1.37.1/v0.1.12/0.3.19/0.6.6
4,MZ635780.1,B.1.427,2021-01-08,complete,Homo sapiens,29903,4.3.4/1.37.1/v0.1.12/0.3.19/0.6.6
4,PP046476.1,B.1.427,2021-01-20,complete,Homo sapiens,29849,4.3.4/1.37.1/v0.1.12/0.3.19/0.6.6
4,MZ413527.1,B.1.427,2021-04-06,complete,Homo sapiens,29898,4.3.4/1.37.1/v0.1.12/0.3.19/0.6.6
4,MW838294.2,B.1.427,2021-01-20,complete,Homo sapiens,29892,4.3.4/1.37.1/v0.1.12/0.3.19/0.6.6
4,MW766773.1,B.1.427,2021-02-12,complete,Homo sapiens,29867,4.3.4/1.37.1/v0.1.12/0.3.19/0.6.6
4,ON343461.1,B.1.427,2020-12-15,complete,Homo sapiens,29850,4.3.4/1.37.1/v0.1.12/0.3.19/0.6.6
4,PP120638.1,B.1.427,2021-02-20,complete,Homo sapiens,29846,4.3.4/1.37.1/v0.1.12/0.3.19/0.6.6
4,OK548666.1,B.1.427,2021-04-23,complete,Homo sapiens,29849,4.3.4/1.37.1/v0.1.12/0.3.19/0.6.6
4,MZ635972.1,B.1.427,2021-01-02,complete,Homo sapiens,29903,4.3.4/1.37.1/v0.1.12/0.3.19/0.6.6
4,MW725590.1,B.1.427,2021-02-11,complete,Homo sapiens,29832,4.3.4/1.37.1/v0.1.12/0.3.19/0.6.6
4,MW693583.1,B.1.427,2021-02-09,complete,Homo sapiens,29876,4.3.4/1.37.1/v0.1.12/0.3.19/0.6.6
4,MZ454997.1,B.1.427,2021-05-14,complete,Homo sapiens,29782,4.3.4/1.37.1/v0.1.12/0.3.19/0.6.6
4,MZ202860.1,B.1.427,2021-03-26,complete,Homo sapiens,29815,4.3.4/1.37.1/v0.1.12/0.3.19/0.6.6
4,MW738476.1,B.1.427,2021-01-13,complete,Homo sapiens,29840,4.3.4/1.37.1/v0.1.12/0.3.19/0.6.6
4,MZ029381.1,B.1.427,2021-04-02,complete,Homo sapiens,29896,4.3.4/1.37.1/v0.1.12/0.3.19/0.6.6
4,OM128837.1,B.1.427,2021-02-08,complete,Homo sapiens,29881,4.3.4/1.37.1/v0.1.12/0.3.19/0.6.6
4,OR939114.1,B.1.427,2021-01-12,complete,Homo sapiens,29865,4.3.4/1.37.1/v0.1.12/0.3.19/0.6.6
4,MW922902.1,B.1.427,2021-01-16,complete,Homo sapiens,29854,4.3.4/1.37.1/v0.1.12/0.3.19/0.6.6
4,OR584619.1,B.1.427,2021-03,complete,Homo sapiens,29691,4.3.4/1.37.1/v0.1.12/0.3.19/0.6.6
4,MW968577.1,B.1.427,2021-03-25,complete,Homo sapiens,29899,4.3.4/1.37.1/v0.1.12/0.3.19/0.6.6
4,MW930693.1,B.1.427,2021-03-03,complete,Homo sapiens,29782,4.3.4/1.37.1/v0.1.12/0.3.19/0.6.6
4,OK548092.1,B.1.427,2020-12-30,complete,Homo sapiens,29598,4.3.4/1.37.1/v0.1.12/0.3.19/0.6.6
4,PP122806.1,B.1.427,2021-01-18,complete,Homo sapiens,29846,4.3.4/1.37.1/v0.1.12/0.3.19/0.6.6
4,PP121409.1,B.1.427,2021-01-20,complete,Homo sapiens,29846,4.3.4/1.37.1/v0.1.12/0.3.19/0.6.6
4,MW972789.1,B.1.427,2020-12-28,complete,Homo sapiens,29831,4.3.4/1.37.1/v0.1.12/0.3.19/0.6.6
4,MZ059986.1,B.1.427,2021-04-07,complete,Homo sapiens,29825,4.3.4/1.37.1/v0.1.12/0.3.19/0.6.6
4,MW766709.1,B.1.427,2021-02-12,complete,Homo sapiens,29867,4.3.4/1.37.1/v0.1.12/0.3.19/0.6.6
4,OK218960.1,B.1.427,2021-03-31,complete,Homo sapiens,29854,4.3.4/1.37.1/v0.1.12/0.3.19/0.6.6
4,ON217116.1,B.1.427,2021-01-12,complete,Homo sapiens,29786,4.3.4/1.37.1/v0.1.12/0.3.19/0.6.6
4,MZ474118.1,B.1.427,2021-01-21,complete,Homo sapiens,29782,4.3.4/1.37.1/v0.1.12/0.3.19/0.6.6
4,OM840498.1,B.1.427,2021-01-22,complete,Homo sapiens,29746,4.3.4/1.37.1/v0.1.12/0.3.19/0.6.6
4,OK436066.1,B.1.427,2021-02-09,complete,Homo sapiens,29828,4.3.4/1.37.1/v0.1.12/0.3.19/0.6.6
4,MW704569.1,B.1.427,2021-02-09,complete,Homo sapiens,29714,4.3.4/1.37.1/v0.1.12/0.3.19/0.6.6
4,MW777613.1,B.1.427,2021-02-16,complete,Homo sapiens,29902,4.3.4/1.37.1/v0.1.12/0.3.19/0.6.6
4,OK548004.1,B.1.427,2021-01-03,complete,Homo sapiens,29598,4.3.4/1.37.1/v0.1.12/0.3.19/0.6.6
4,OL844528.1,B.1.427,2020-12-15,complete,Homo sapiens,29797,4.3.4/1.37.1/v0.1.12/0.3.19/0.6.6
4,OM109449.1,B.1.427,2021-03-22,complete,Homo sapiens,29873,4.3.4/1.37.1/v0.1.12/0.3.19/0.6.6
4,OL555477.1,B.1.427,2021-09-14,complete,Homo sapiens,29822,4.3.4/1.37.1/v0.1.12/0.3.19/0.6.6
4,MZ028716.1,B.1.427,2021-04-07,complete,Homo sapiens,29849,4.3.4/1.37.1/v0.1.12/0.3.19/0.6.6
4,MW672716.1,B.1.427,2021-02-02,complete,Homo sapiens,29855,4.3.4/1.37.1/v0.1.12/0.3.19/0.6.6
4,MZ206826.1,B.1.427,2021-03-16,complete,Homo sapiens,29819,4.3.4/1.37.1/v0.1.12/0.3.19/0.6.6
4,MW731252.1,B.1.427,2021-02-11,complete,Homo sapiens,29867,4.3.4/1.37.1/v0.1.12/0.3.19/0.6.6
4,PP144438.1,B.1.427,2021-02-07,complete,Homo sapiens,29846,4.3.4/1.37.1/v0.1.12/0.3.19/0.6.6
4,MW738514.1,B.1.427,2021-01-11,complete,Homo sapiens,29818,4.3.4/1.37.1/v0.1.12/0.3.19/0.6.6
4,MZ722612.1,B.1.427,2020-12-21,complete,Homo sapiens,29903,4.3.4/1.37.1/v0.1.12/0.3.19/0.6.6
4,PP120339.1,B.1.427,2021-02-05,complete,Homo sapiens,29846,4.3.4/1.37.1/v0.1.12/0.3.19/0.6.6
4,OK653743.1,B.1.427,2020-12-15,complete,Homo sapiens,29872,4.3.4/1.37.1/v0.1.12/0.3.19/0.6.6
4,OL848580.1,B.1.427,2021-03-26,complete,Homo sapiens,29886,4.3.4/1.37.1/v0.1.12/0.3.19/0.6.6
4,PQ617884.1,B.1.427,2022-06-12,complete,Homo sapiens,29778,4.3.4/1.37.1/v0.1.12/0.3.19/0.6.6
4,OR587675.1,B.1.427,2021-02,complete,Homo sapiens,29782,4.3.4/1.37.1/v0.1.12/0.3.19/0.6.6
4,OK548403.1,B.1.427,2021-01-04,complete,Homo sapiens,29598,4.3.4/1.37.1/v0.1.12/0.3.19/0.6.6
4,OP143307.1,B.1.427,2021-01-08,complete,Homo sapiens,29820,4.3.4/1.37.1/v0.1.12/0.3.19/0.6.6
4,ON344327.1,B.1.427,2020-12-10,complete,Homo sapiens,29827,4.3.4/1.37.1/v0.1.12/0.3.19/0.6.6
4,MZ187635.1,B.1.427,2021-04-18,complete,Homo sapiens,29903,4.3.4/1.37.1/v0.1.12/0.3.19/0.6.6
4,MZ320824.1,B.1.427,2021-05-23,complete,Homo sapiens,29892,4.3.4/1.37.1/v0.1.12/0.3.19/0.6.6
4,OK653436.1,B.1.427,2020-12-14,complete,Homo sapiens,29869,4.3.4/1.37.1/v0.1.12/0.3.19/0.6.6
4,MW565087.1,B.1.427,2020-11-18,complete,Homo sapiens,29816,4.3.4/1.37.1/v0.1.12/0.3.19/0.6.6
4,MZ722538.1,B.1.427,2020-12-28,complete,Homo sapiens,29903,4.3.4/1.37.1/v0.1.12/0.3.19/0.6.6
4,OM105551.1,B.1.427,2021-09-14,complete,Homo sapiens,29782,4.3.4/1.37.1/v0.1.12/0.3.19/0.6.6
4,OM244921.1,B.1.427,2021-05-04,complete,Homo sapiens,29892,4.3.4/1.37.1/v0.1.12/0.3.19/0.6.6
4,MZ684469.1,B.1.427,2021-04-12,complete,Homo sapiens,29829,4.3.4/1.37.1/v0.1.12/0.3.19/0.6.6
4,OM128797.1,B.1.427,2021-02-08,complete,Homo sapiens,29876,4.3.4/1.37.1/v0.1.12/0.3.19/0.6.6
4,MW737948.1,B.1.427,2021-02-03,complete,Homo sapiens,29850,4.3.4/1.37.1/v0.1.12/0.3.19/0.6.6
4,MZ168056.1,B.1.427,2021-04-12,complete,Homo sapiens,29836,4.3.4/1.37.1/v0.1.12/0.3.19/0.6.6
4,MZ206527.1,B.1.427,2021-02-02,complete,Homo sapiens,29846,4.3.4/1.37.1/v0.1.12/0.3.19/0.6.6
4,ON343275.1,B.1.427,2020-12-16,complete,Homo sapiens,29874,4.3.4/1.37.1/v0.1.12/0.3.19/0.6.6
4,MZ058435.1,B.1.427,2021-04-08,complete,Homo sapiens,29868,4.3.4/1.37.1/v0.1.12/0.3.19/0.6.6
4,PQ617803.1,B.1.427,2022-03-23,complete,Homo sapiens,29778,4.3.4/1.37.1/v0.1.12/0.3.19/0.6.6
4,OK653703.1,B.1.427,2020-12-16,complete,Homo sapiens,29827,4.3.4/1.37.1/v0.1.12/0.3.19/0.6.6
4,OL848660.1,B.1.427,2021-03-22,complete,Homo sapiens,29898,4.3.4/1.37.1/v0.1.12/0.3.19/0.6.6
4,MZ012415.1,B.1.427,2021-03-24,complete,Homo sapiens,29864,4.3.4/1.37.1/v0.1.12/0.3.19/0.6.6
4,ON216781.1,B.1.427,2020-12-11,complete,Homo sapiens,29759,4.3.4/1.37.1/v0.1.12/0.3.19/0.6.6
4,MZ074527.1,B.1.427,2021-04-02,complete,Homo sapiens,29880,4.3.4/1.37.1/v0.1.12/0.3.19/0.6.6
4,MW731421.1,B.1.427,2021-02-17,complete,Homo sapiens,29867,4.3.4/1.37.1/v0.1.12/0.3.19/0.6.6
4,MW700605.1,B.1.427,2021-01-06,complete,Homo sapiens,29804,4.3.4/1.37.1/v0.1.12/0.3.19/0.6.6
4,PP144433.1,B.1.427,2021-02-08,complete,Homo sapiens,29846,4.3.4/1.37.1/v0.1.12/0.3.19/0.6.6
4,OR938649.1,B.1.427,2020-12-01,complete,Homo sapiens,29899,4.3.4/1.37.1/v0.1.12/0.3.19/0.6.6
4,MZ635637.1,B.1.427,2021-02-16,complete,Homo sapiens,29903,4.3.4/1.37.1/v0.1.12/0.3.19/0.6.6
4,MW849167.1,B.1.427,2021-03-11,complete,Homo sapiens,29771,4.3.4/1.37.1/v0.1.12/0.3.19/0.6.6
4,MW693798.1,B.1.427,2021-02-12,complete,Homo sapiens,29848,4.3.4/1.37.1/v0.1.12/0.3.19/0.6.6
4,OL540548.1,B.1.427,2020-12-29,complete,Homo sapiens,29834,4.3.4/1.37.1/v0.1.12/0.3.19/0.6.6
4,MZ211237.1,B.1.427,2021-04-11,complete,Homo sapiens,29888,4.3.4/1.37.1/v0.1.12/0.3.19/0.6.6
4,MZ490185.1,B.1.427,2021-03-25,complete,Homo sapiens,29836,4.3.4/1.37.1/v0.1.12/0.3.19/0.6.6
4,OK549506.1,B.1.427,2020-12-31,complete,Homo sapiens,29598,4.3.4/1.37.1/v0.1.12/0.3.19/0.6.6
4,MW825826.1,B.1.427,2021-03-11,complete,Homo sapiens,29902,4.3.4/1.37.1/v0.1.12/0.3.19/0.6.6
4,PP141513.1,B.1.427,2021-01-05,complete,Homo sapiens,29846,4.3.4/1.37.1/v0.1.12/0.3.19/0.6.6
4,OP703155.1,B.1.427,2021-01-23,complete,Homo sapiens,29807,4.3.4/1.37.1/v0.1.12/0.3.19/0.6.6
4,MW825793.1,B.1.427,2021-03-09,complete,Homo sapiens,29903,4.3.4/1.37.1/v0.1.12/0.3.19/0.6.6
4,MZ023003.1,B.1.427,2021-03-28,complete,Homo sapiens,29898,4.3.4/1.37.1/v0.1.12/0.3.19/0.6.6
4,PP119801.1,B.1.427,2021-02-01,complete,Homo sapiens,29845,4.3.4/1.37.1/v0.1.12/0.3.19/0.6.6
4,PP144315.1,B.1.427,2021-02-09,complete,Homo sapiens,29845,4.3.4/1.37.1/v0.1.12/0.3.19/0.6.6
4,OM432610.1,B.1.427,2021-09-14,complete,Homo sapiens,29813,4.3.4/1.37.1/v0.1.12/0.3.19/0.6.6
4,MZ475445.1,B.1.427,2021-05-28,complete,Homo sapiens,29806,4.3.4/1.37.1/v0.1.12/0.3.19/0.6.6
4,MW815759.1,B.1.427,2021-02-27,complete,Homo sapiens,29725,4.3.4/1.37.1/v0.1.12/0.3.19/0.6.6
4,PQ617434.1,B.1.427,2021-03-19,complete,Homo sapiens,29778,4.3.4/1.37.1/v0.1.12/0.3.19/0.6.6
4,OM129068.1,B.1.427,2021-02-25,complete,Homo sapiens,29873,4.3.4/1.37.1/v0.1.12/0.3.19/0.6.6
4,MW696943.1,B.1.427,2021-02-09,complete,Homo sapiens,29782,4.3.4/1.37.1/v0.1.12/0.3.19/0.6.6
4,MW808374.1,B.1.427,2021-03-07,complete,Homo sapiens,29898,4.3.4/1.37.1/v0.1.12/0.3.19/0.6.6
4,MZ207166.1,B.1.427,2021-01-04,complete,Homo sapiens,29854,4.3.4/1.37.1/v0.1.12/0.3.19/0.6.6
4,MZ474081.1,B.1.427,2021-01-11,complete,Homo sapiens,29782,4.3.4/1.37.1/v0.1.12/0.3.19/0.6.6
4,OM109434.1,B.1.427,2021-03-25,complete,Homo sapiens,29890,4.3.4/1.37.1/v0.1.12/0.3.19/0.6.6
4,MW694009.1,B.1.427,2021-02-11,complete,Homo sapiens,29825,4.3.4/1.37.1/v0.1.12/0.3.19/0.6.6
4,PP120968.1,B.1.427,2021-02-11,complete,Homo sapiens,29845,4.3.4/1.37.1/v0.1.12/0.3.19/0.6.6
4,MZ206760.1,B.1.427,2021-01-29,complete,Homo sapiens,29802,4.3.4/1.37.1/v0.1.12/0.3.19/0.6.6
4,MZ377686.1,B.1.427,2021-02-11,complete,Homo sapiens,29845,4.3.4/1.37.1/v0.1.12/0.3.19/0.6.6
4,MW921926.1,B.1.427,2021-01-29,complete,Homo sapiens,29838,4.3.4/1.37.1/v0.1.12/0.3.19/0.6.6
4,MZ206935.1,B.1.427,2021-03-04,complete,Homo sapiens,29851,4.3.4/1.37.1/v0.1.12/0.3.19/0.6.6
4,OK546965.1,B.1.427,2020-12-23,complete,Homo sapiens,29598,4.3.4/1.37.1/v0.1.12/0.3.19/0.6.6
4,MW642614.1,B.1.427,2021-02-02,complete,Homo sapiens,29854,4.3.4/1.37.1/v0.1.12/0.3.19/0.6.6
4,MZ685542.1,B.1.427,2021-05-03,complete,Homo sapiens,29824,4.3.4/1.37.1/v0.1.12/0.3.19/0.6.6
4,PP120572.1,B.1.427,2021-02-18,complete,Homo sapiens,29846,4.3.4/1.37.1/v0.1.12/0.3.19/0.6.6
4,MZ451495.1,B.1.427,2021-03-04,complete,Homo sapiens,29730,4.3.4/1.37.1/v0.1.12/0.3.19/0.6.6
4,PP144909.1,B.1.427,2020-11-18,complete,Homo sapiens,29846,4.3.4/1.37.1/v0.1.12/0.3.19/0.6.6
4,OK547090.1,B.1.427,2020-12-15,complete,Homo sapiens,29868,4.3.4/1.37.1/v0.1.12/0.3.19/0.6.6
4,MZ184348.1,B.1.427,2021-04-29,complete,Homo sapiens,29878,4.3.4/1.37.1/v0.1.12/0.3.19/0.6.6
4,MW736712.1,B.1.427,2021-01-09,complete,Homo sapiens,29802,4.3.4/1.37.1/v0.1.12/0.3.19/0.6.6
4,ON141985.1,B.1.427,2021-03-01,complete,Homo sapiens,29836,4.3.4/1.37.1/v0.1.12/0.3.19/0.6.6
4,MZ012475.1,B.1.427,2021-03-24,complete,Homo sapiens,29840,4.3.4/1.37.1/v0.1.12/0.3.19/0.6.6
4,MZ717989.1,B.1.427,2021-03-17,complete,Homo sapiens,29874,4.3.4/1.37.1/v0.1.12/0.3.19/0.6.6
4,PP121300.1,B.1.427,2021-01-11,complete,Homo sapiens,29846,4.3.4/1.37.1/v0.1.12/0.3.19/0.6.6
4,PP141560.1,B.1.427,2021-01-04,complete,Homo sapiens,29846,4.3.4/1.37.1/v0.1.12/0.3.19/0.6.6
4,MZ832702.1,B.1.427,2021-03-30,complete,Homo sapiens,29782,4.3.4/1.37.1/v0.1.12/0.3.19/0.6.6
4,MZ518322.1,B.1.427,2021-04-20,complete,Homo sapiens,29827,4.3.4/1.37.1/v0.1.12/0.3.19/0.6.6
4,MW460576.1,B.1.427,2020-12-24,complete,Homo sapiens,29782,4.3.4/1.37.1/v0.1.12/0.3.19/0.6.6
4,OP143053.1,B.1.427,2020-12-31,complete,Homo sapiens,29819,4.3.4/1.37.1/v0.1.12/0.3.19/0.6.6
4,OM128737.1,B.1.427,2021-02-24,complete,Homo sapiens,29875,4.3.4/1.37.1/v0.1.12/0.3.19/0.6.6
4,PP046940.1,B.1.427,2021-01-26,complete,Homo sapiens,29886,4.3.4/1.37.1/v0.1.12/0.3.19/0.6.6
4,MW889956.1,B.1.427,2021-03-16,complete,Homo sapiens,29838,4.3.4/1.37.1/v0.1.12/0.3.19/0.6.6
4,PP122353.1,B.1.427,2021-02-08,complete,Homo sapiens,29846,4.3.4/1.37.1/v0.1.12/0.3.19/0.6.6
4,MZ256349.1,B.1.427,2021-03-15,complete,Homo sapiens,29899,4.3.4/1.37.1/v0.1.12/0.3.19/0.6.6
4,MW851019.1,B.1.427,2021-03-02,complete,Homo sapiens,29897,4.3.4/1.37.1/v0.1.12/0.3.19/0.6.6
4,MW966051.1,B.1.427,2021-03-13,complete,Homo sapiens,29900,4.3.4/1.37.1/v0.1.12/0.3.19/0.6.6
4,OK548902.1,B.1.427,2021-01-15,complete,Homo sapiens,29598,4.3.4/1.37.1/v0.1.12/0.3.19/0.6.6
4,PP122689.1,B.1.427,2021-01-15,complete,Homo sapiens,29846,4.3.4/1.37.1/v0.1.12/0.3.19/0.6.6
4,MW777031.1,B.1.427,2021-02-17,complete,Homo sapiens,29868,4.3.4/1.37.1/v0.1.12/0.3.19/0.6.6
4,MZ258292.1,B.1.427,2021-03-18,complete,Homo sapiens,29867,4.3.4/1.37.1/v0.1.12/0.3.19/0.6.6
4,MW792981.1,B.1.427,2021-02-19,complete,Homo sapiens,29867,4.3.4/1.37.1/v0.1.12/0.3.19/0.6.6
4,MW702212.1,B.1.427,2020-12-29,complete,Homo sapiens,29887,4.3.4/1.37.1/v0.1.12/0.3.19/0.6.6
4,MZ474105.1,B.1.427,2021-01-19,complete,Homo sapiens,29782,4.3.4/1.37.1/v0.1.12/0.3.19/0.6.6
4,MW851031.1,B.1.427,2021-03-02,complete,Homo sapiens,29873,4.3.4/1.37.1/v0.1.12/0.3.19/0.6.6
4,MZ914129.1,B.1.427,2021-05-03,complete,Homo sapiens,29806,4.3.4/1.37.1/v0.1.12/0.3.19/0.6.6
4,MW671720.1,B.1.427,2021-02-01,complete,Homo sapiens,29782,4.3.4/1.37.1/v0.1.12/0.3.19/0.6.6
4,MW848975.1,B.1.427,2021-03-15,complete,Homo sapiens,29782,4.3.4/1.37.1/v0.1.12/0.3.19/0.6.6
4,PP121075.1,B.1.427,2021-02-14,complete,Homo sapiens,29845,4.3.4/1.37.1/v0.1.12/0.3.19/0.6.6
4,MW702244.1,B.1.427,2020-12-21,complete,Homo sapiens,29894,4.3.4/1.37.1/v0.1.12/0.3.19/0.6.6
4,OK653305.1,B.1.427,2020-12-14,complete,Homo sapiens,29874,4.3.4/1.37.1/v0.1.12/0.3.19/0.6.6
4,MW904321.1,B.1.427,2021-03-16,complete,Homo sapiens,29836,4.3.4/1.37.1/v0.1.12/0.3.19/0.6.6
4,ON339670.1,B.1.427,2020-12-12,complete,Homo sapiens,29827,4.3.4/1.37.1/v0.1.12/0.3.19/0.6.6
4,MZ377685.1,B.1.427,2021-02-11,complete,Homo sapiens,29847,4.3.4/1.37.1/v0.1.12/0.3.19/0.6.6
4,MW974392.1,B.1.427,2020-12-16,complete,Homo sapiens,29848,4.3.4/1.37.1/v0.1.12/0.3.19/0.6.6
4,MW780613.1,B.1.427,2021-03-01,complete,Homo sapiens,29738,4.3.4/1.37.1/v0.1.12/0.3.19/0.6.6
4,PP123189.1,B.1.427,2021-01-19,complete,Homo sapiens,29846,4.3.4/1.37.1/v0.1.12/0.3.19/0.6.6
4,MW708002.1,B.1.427,2021-02-11,complete,Homo sapiens,29715,4.3.4/1.37.1/v0.1.12/0.3.19/0.6.6
4,MW877010.1,B.1.427,2021-03-10,complete,Homo sapiens,29904,4.3.4/1.37.1/v0.1.12/0.3.19/0.6.6
4,MZ206741.1,B.1.427,2021-03-29,complete,Homo sapiens,29857,4.3.4/1.37.1/v0.1.12/0.3.19/0.6.6
4,MW779027.1,B.1.427,2021-02-22,complete,Homo sapiens,29896,4.3.4/1.37.1/v0.1.12/0.3.19/0.6.6
4,PP161746.1,B.1.427,2021-02-18,complete,Homo sapiens,29849,4.3.4/1.37.1/v0.1.12/0.3.19/0.6.6
4,PP046652.1,B.1.427,2021-01-07,complete,Homo sapiens,29878,4.3.4/1.37.1/v0.1.12/0.3.19/0.6.6
4,MW687168.1,B.1.427,2021-02-10,complete,Homo sapiens,29816,4.3.4/1.37.1/v0.1.12/0.3.19/0.6.6
4,MW738134.1,B.1.427,2021-01-13,complete,Homo sapiens,29841,4.3.4/1.37.1/v0.1.12/0.3.19/0.6.6
4,MW851586.1,B.1.427,2021-03-12,complete,Homo sapiens,29877,4.3.4/1.37.1/v0.1.12/0.3.19/0.6.6
4,PP120548.1,B.1.427,2021-02-16,complete,Homo sapiens,29846,4.3.4/1.37.1/v0.1.12/0.3.19/0.6.6
4,MZ473495.1,B.1.427,2021-02-26,complete,Homo sapiens,29782,4.3.4/1.37.1/v0.1.12/0.3.19/0.6.6
4,PQ964306.1,B.1.427,2021-01-26,complete,Homo sapiens,29803,4.3.4/1.37.1/v0.1.12/0.3.19/0.6.6
4,ON217134.1,B.1.427,2021-01-12,complete,Homo sapiens,29782,4.3.4/1.37.1/v0.1.12/0.3.19/0.6.6
4,MZ023004.1,B.1.427,2021-03-27,complete,Homo sapiens,29899,4.3.4/1.37.1/v0.1.12/0.3.19/0.6.6
4,OK548754.1,B.1.427,2021-01-19,complete,Homo sapiens,29598,4.3.4/1.37.1/v0.1.12/0.3.19/0.6.6
4,MZ286654.1,B.1.427,2021-02-26,complete,Homo sapiens,29824,4.3.4/1.37.1/v0.1.12/0.3.19/0.6.6
4,MZ349154.1,B.1.427,2021-04-03,complete,Homo sapiens,29898,4.3.4/1.37.1/v0.1.12/0.3.19/0.6.6
4,PP144412.1,B.1.427,2021-02-09,complete,Homo sapiens,29846,4.3.4/1.37.1/v0.1.12/0.3.19/0.6.6
4,MW973115.1,B.1.427,2020-12-23,complete,Homo sapiens,29845,4.3.4/1.37.1/v0.1.12/0.3.19/0.6.6
4,ON776319.1,B.1.427,2021-01-04,complete,Homo sapiens,29714,4.3.4/1.37.1/v0.1.12/0.3.19/0.6.6
4,ON340032.1,B.1.427,2020-12-11,complete,Homo sapiens,29867,4.3.4/1.37.1/v0.1.12/0.3.19/0.6.6
4,MW739696.1,B.1.427,2021-02-08,complete,Homo sapiens,29846,4.3.4/1.37.1/v0.1.12/0.3.19/0.6.6
4,PP046681.1,B.1.427,2021-01-27,complete,Homo sapiens,29866,4.3.4/1.37.1/v0.1.12/0.3.19/0.6.6
4,OP143120.1,B.1.427,2021-01-04,complete,Homo sapiens,29782,4.3.4/1.37.1/v0.1.12/0.3.19/0.6.6
4,OL540587.1,B.1.427,2021-01-09,complete,Homo sapiens,29819,4.3.4/1.37.1/v0.1.12/0.3.19/0.6.6
4,MW672709.1,B.1.427,2021-02-03,complete,Homo sapiens,29876,4.3.4/1.37.1/v0.1.12/0.3.19/0.6.6
4,MZ472037.1,B.1.427,2021-04-01,complete,Homo sapiens,29806,4.3.4/1.37.1/v0.1.12/0.3.19/0.6.6
4,OK188175.1,B.1.427,2021-02-18,complete,Homo sapiens,29867,4.3.4/1.37.1/v0.1.12/0.3.19/0.6.6
4,OR301796.1,B.1.427,2021-03-12,complete,Homo sapiens,29825,4.3.4/1.37.1/v0.1.12/0.3.19/0.6.6
4,MW772132.1,B.1.427,2021-02-28,complete,Homo sapiens,29903,4.3.4/1.37.1/v0.1.12/0.3.19/0.6.6
4,PP606464.1,B.1.427,2021-03-06,complete,Homo sapiens,29744,4.3.4/1.37.1/v0.1.12/0.3.19/0.6.6
4,OR939086.1,B.1.427,2021-01-15,complete,Homo sapiens,29881,4.3.4/1.37.1/v0.1.12/0.3.19/0.6.6
4,OL440662.1,B.1.427,2021-01-13,complete,Homo sapiens,29778,4.3.4/1.37.1/v0.1.12/0.3.19/0.6.6
4,MW902062.1,B.1.427,2021-03-14,complete,Homo sapiens,29714,4.3.4/1.37.1/v0.1.12/0.3.19/0.6.6
4,PP161670.1,B.1.427,2021-02-08,complete,Homo sapiens,29895,4.3.4/1.37.1/v0.1.12/0.3.19/0.6.6
4,MZ377378.1,B.1.427,2021-02-02,complete,Homo sapiens,29843,4.3.4/1.37.1/v0.1.12/0.3.19/0.6.6
4,PP121631.1,B.1.427,2021-03-05,complete,Homo sapiens,29845,4.3.4/1.37.1/v0.1.12/0.3.19/0.6.6
4,MW703166.1,B.1.427,2021-01,complete,Homo sapiens,29898,4.3.4/1.37.1/v0.1.12/0.3.19/0.6.6
4,PP603367.1,B.1.427,2021-01-13,complete,Homo sapiens,29741,4.3.4/1.37.1/v0.1.12/0.3.19/0.6.6
4,PP144477.1,B.1.427,2021-02-07,complete,Homo sapiens,29845,4.3.4/1.37.1/v0.1.12/0.3.19/0.6.6
4,MZ260325.1,B.1.427,2021-03-09,complete,Homo sapiens,29874,4.3.4/1.37.1/v0.1.12/0.3.19/0.6.6
4,PP046551.1,B.1.427,2020-12-07,complete,Homo sapiens,29888,4.3.4/1.37.1/v0.1.12/0.3.19/0.6.6
4,OR305076.1,B.1.427,2021-04-24,complete,Homo sapiens,29817,4.3.4/1.37.1/v0.1.12/0.3.19/0.6.6
4,MW731288.1,B.1.427,2021-02-01,complete,Homo sapiens,29867,4.3.4/1.37.1/v0.1.12/0.3.19/0.6.6
4,MW586438.1,B.1.427,2021-01-22,complete,Homo sapiens,29887,4.3.4/1.37.1/v0.1.12/0.3.19/0.6.6
4,MW903012.1,B.1.427,2021-03-11,complete,Homo sapiens,29716,4.3.4/1.37.1/v0.1.12/0.3.19/0.6.6
4,PP119516.1,B.1.427,2021-01-27,complete,Homo sapiens,29845,4.3.4/1.37.1/v0.1.12/0.3.19/0.6.6
4,MZ206686.1,B.1.427,2021-03-24,complete,Homo sapiens,29842,4.3.4/1.37.1/v0.1.12/0.3.19/0.6.6
4,PP144740.1,B.1.427,2021-03-16,complete,Homo sapiens,29845,4.3.4/1.37.1/v0.1.12/0.3.19/0.6.6
4,MZ212840.1,B.1.427,2021-04-11,complete,Homo sapiens,29901,4.3.4/1.37.1/v0.1.12/0.3.19/0.6.6
4,MZ213763.1,B.1.427,2021-04-13,complete,Homo sapiens,29897,4.3.4/1.37.1/v0.1.12/0.3.19/0.6.6
4,PP119551.1,B.1.427,2021-02-11,complete,Homo sapiens,29846,4.3.4/1.37.1/v0.1.12/0.3.19/0.6.6
4,MZ535861.1,B.1.427,2021-06-25,complete,Homo sapiens,29782,4.3.4/1.37.1/v0.1.12/0.3.19/0.6.6
4,PP120970.1,B.1.427,2021-02-12,complete,Homo sapiens,29845,4.3.4/1.37.1/v0.1.12/0.3.19/0.6.6
4,PP144739.1,B.1.427,2021-03-16,complete,Homo sapiens,29844,4.3.4/1.37.1/v0.1.12/0.3.19/0.6.6
4,MZ349155.1,B.1.427,2021-04-03,complete,Homo sapiens,29896,4.3.4/1.37.1/v0.1.12/0.3.19/0.6.6
4,PP121693.1,B.1.427,2021-03-11,complete,Homo sapiens,29845,4.3.4/1.37.1/v0.1.12/0.3.19/0.6.6
4,MZ022616.1,B.1.427,2021-03-30,complete,Homo sapiens,29890,4.3.4/1.37.1/v0.1.12/0.3.19/0.6.6
4,OD996397.1,B.1.427,2021-02-06,complete,Homo sapiens,29903,4.3.4/1.37.1/v0.1.12/0.3.19/0.6.6
4,MW838456.2,B.1.427,2021-01-06,complete,Homo sapiens,29875,4.3.4/1.37.1/v0.1.12/0.3.19/0.6.6
4,ON216751.1,B.1.427,2020-12-11,complete,Homo sapiens,29759,4.3.4/1.37.1/v0.1.12/0.3.19/0.6.6
4,OM067345.1,B.1.427,2021-03-30,complete,Homo sapiens,29782,4.3.4/1.37.1/v0.1.12/0.3.19/0.6.6
4,MW564965.1,B.1.427,2020-11-29,complete,Homo sapiens,29804,4.3.4/1.37.1/v0.1.12/0.3.19/0.6.6
4,MZ206897.1,B.1.427,2020-12-21,complete,Homo sapiens,29819,4.3.4/1.37.1/v0.1.12/0.3.19/0.6.6
4,MW849115.1,B.1.427,2021-03-11,complete,Homo sapiens,29771,4.3.4/1.37.1/v0.1.12/0.3.19/0.6.6
4,MZ636153.1,B.1.427,2021-01-04,complete,Homo sapiens,29903,4.3.4/1.37.1/v0.1.12/0.3.19/0.6.6
4,OK549396.1,B.1.427,2021-01-21,complete,Homo sapiens,29598,4.3.4/1.37.1/v0.1.12/0.3.19/0.6.6
4,MZ003342.1,B.1.427,2021-04-02,complete,Homo sapiens,29713,4.3.4/1.37.1/v0.1.12/0.3.19/0.6.6
4,OL555506.1,B.1.427,2021-09-14,complete,Homo sapiens,29820,4.3.4/1.37.1/v0.1.12/0.3.19/0.6.6
4,PP161723.1,B.1.427,2021-02-12,complete,Homo sapiens,29849,4.3.4/1.37.1/v0.1.12/0.3.19/0.6.6
4,OL848113.1,B.1.427,2021-09-14,complete,Homo sapiens,29782,4.3.4/1.37.1/v0.1.12/0.3.19/0.6.6
4,PP144270.1,B.1.427,2021-02-28,complete,Homo sapiens,29846,4.3.4/1.37.1/v0.1.12/0.3.19/0.6.6
4,PP119738.1,B.1.427,2021-01-31,complete,Homo sapiens,29845,4.3.4/1.37.1/v0.1.12/0.3.19/0.6.6
4,OR305540.1,B.1.427,2021-04-09,complete,Homo sapiens,29822,4.3.4/1.37.1/v0.1.12/0.3.19/0.6.6
4,MW564715.1,B.1.427,2020-12-02,complete,Homo sapiens,29813,4.3.4/1.37.1/v0.1.12/0.3.19/0.6.6
4,OM432627.1,B.1.427,2021-09-14,complete,Homo sapiens,29782,4.3.4/1.37.1/v0.1.12/0.3.19/0.6.6
4,PP123095.1,B.1.427,2021-01-13,complete,Homo sapiens,29870,4.3.4/1.37.1/v0.1.12/0.3.19/0.6.6
4,MZ185663.1,B.1.427,2021-04-18,complete,Homo sapiens,29885,4.3.4/1.37.1/v0.1.12/0.3.19/0.6.6
4,OK653685.1,B.1.427,2020-12-16,complete,Homo sapiens,29875,4.3.4/1.37.1/v0.1.12/0.3.19/0.6.6
4,MZ054795.1,B.1.427,2021-04,complete,Homo sapiens,29830,4.3.4/1.37.1/v0.1.12/0.3.19/0.6.6
4,OL540649.1,B.1.427,2021-01-10,complete,Homo sapiens,29824,4.3.4/1.37.1/v0.1.12/0.3.19/0.6.6
4,MZ187786.1,B.1.427,2021-04-20,complete,Homo sapiens,29878,4.3.4/1.37.1/v0.1.12/0.3.19/0.6.6
4,OK548293.1,B.1.427,2020-12-31,complete,Homo sapiens,29598,4.3.4/1.37.1/v0.1.12/0.3.19/0.6.6
4,OK653356.1,B.1.427,2020-12-14,complete,Homo sapiens,29874,4.3.4/1.37.1/v0.1.12/0.3.19/0.6.6
4,MW736721.1,B.1.427,2021-01-08,complete,Homo sapiens,29842,4.3.4/1.37.1/v0.1.12/0.3.19/0.6.6
4,PP121034.1,B.1.427,2021-02-13,complete,Homo sapiens,29845,4.3.4/1.37.1/v0.1.12/0.3.19/0.6.6
4,MZ013484.1,B.1.427,2021-03-30,complete,Homo sapiens,29884,4.3.4/1.37.1/v0.1.12/0.3.19/0.6.6
4,MW737901.1,B.1.427,2021-02-03,complete,Homo sapiens,29844,4.3.4/1.37.1/v0.1.12/0.3.19/0.6.6
4,MZ915572.1,B.1.427,2021-03-23,complete,Homo sapiens,29865,4.3.4/1.37.1/v0.1.12/0.3.19/0.6.6
4,OK654200.1,B.1.427,2020-12-16,complete,Homo sapiens,29852,4.3.4/1.37.1/v0.1.12/0.3.19/0.6.6
4,MZ046600.1,B.1.427,2021-03-30,complete,Homo sapiens,29868,4.3.4/1.37.1/v0.1.12/0.3.19/0.6.6
4,MZ258710.1,B.1.427,2021-03-06,complete,Homo sapiens,29860,4.3.4/1.37.1/v0.1.12/0.3.19/0.6.6
4,OR888182.1,B.1.427,2021-01-28,complete,Homo sapiens,29598,4.3.4/1.37.1/v0.1.12/0.3.19/0.6.6
4,MZ259383.1,B.1.427,2021-03-09,complete,Homo sapiens,29887,4.3.4/1.37.1/v0.1.12/0.3.19/0.6.6
4,MZ455375.1,B.1.427,2021-05-05,complete,Homo sapiens,29782,4.3.4/1.37.1/v0.1.12/0.3.19/0.6.6
4,OM128502.1,B.1.427,2021-02-17,complete,Homo sapiens,29875,4.3.4/1.37.1/v0.1.12/0.3.19/0.6.6
4,MW778949.1,B.1.427,2021-02-22,complete,Homo sapiens,29902,4.3.4/1.37.1/v0.1.12/0.3.19/0.6.6
4,PP120468.1,B.1.427,2021-02-26,complete,Homo sapiens,29846,4.3.4/1.37.1/v0.1.12/0.3.19/0.6.6
4,OL844243.1,B.1.427,2020-12-15,complete,Homo sapiens,29798,4.3.4/1.37.1/v0.1.12/0.3.19/0.6.6
4,MW923214.1,B.1.427,2021-02-17,complete,Homo sapiens,29862,4.3.4/1.37.1/v0.1.12/0.3.19/0.6.6
4,OM182102.1,B.1.427,2021-02-16,complete,Homo sapiens,29788,4.3.4/1.37.1/v0.1.12/0.3.19/0.6.6
4,MW921842.1,B.1.427,2021-02-10,complete,Homo sapiens,29815,4.3.4/1.37.1/v0.1.12/0.3.19/0.6.6
4,OK549510.1,B.1.427,2020-12-30,complete,Homo sapiens,29598,4.3.4/1.37.1/v0.1.12/0.3.19/0.6.6
4,MZ722714.1,B.1.427,2020-12-27,complete,Homo sapiens,29903,4.3.4/1.37.1/v0.1.12/0.3.19/0.6.6
4,PP272899.1,B.1.427,2021-03-03,complete,Homo sapiens,29714,4.3.4/1.37.1/v0.1.12/0.3.19/0.6.6
4,PP612165.1,B.1.427,2021-04-13,complete,Homo sapiens,29767,4.3.4/1.37.1/v0.1.12/0.3.19/0.6.6
4,OK547515.1,B.1.427,2020-12-22,complete,Homo sapiens,29598,4.3.4/1.37.1/v0.1.12/0.3.19/0.6.6
4,MZ211043.1,B.1.427,2021-04-11,complete,Homo sapiens,29902,4.3.4/1.37.1/v0.1.12/0.3.19/0.6.6
4,PP121670.1,B.1.427,2021-03-02,complete,Homo sapiens,29846,4.3.4/1.37.1/v0.1.12/0.3.19/0.6.6
4,MZ058376.1,B.1.427,2021-04-08,complete,Homo sapiens,29899,4.3.4/1.37.1/v0.1.12/0.3.19/0.6.6
4,MZ462884.1,B.1.427,2021-04-03,complete,Homo sapiens,29806,4.3.4/1.37.1/v0.1.12/0.3.19/0.6.6
4,OK549522.1,B.1.427,2021-01-12,complete,Homo sapiens,29598,4.3.4/1.37.1/v0.1.12/0.3.19/0.6.6
4,MW904339.1,B.1.427,2021-03-17,complete,Homo sapiens,29831,4.3.4/1.37.1/v0.1.12/0.3.19/0.6.6
4,MZ264807.1,B.1.427,2021-02-01,complete,Homo sapiens,29877,4.3.4/1.37.1/v0.1.12/0.3.19/0.6.6
4,MW738105.1,B.1.427,2021-01-17,complete,Homo sapiens,29858,4.3.4/1.37.1/v0.1.12/0.3.19/0.6.6
4,MW868653.1,B.1.427,2021-03-10,complete,Homo sapiens,29858,4.3.4/1.37.1/v0.1.12/0.3.19/0.6.6
4,OK548349.1,B.1.427,2021-05-02,complete,Homo sapiens,29879,4.3.4/1.37.1/v0.1.12/0.3.19/0.6.6
4,MW994894.1,B.1.427,2021-03-17,complete,Homo sapiens,29894,4.3.4/1.37.1/v0.1.12/0.3.19/0.6.6
4,MW777242.1,B.1.427,2021-02-14,complete,Homo sapiens,29903,4.3.4/1.37.1/v0.1.12/0.3.19/0.6.6
4,PP123405.1,B.1.427,2021-01-21,complete,Homo sapiens,29846,4.3.4/1.37.1/v0.1.12/0.3.19/0.6.6
4,PP141651.1,B.1.427,2021-03-12,complete,Homo sapiens,29845,4.3.4/1.37.1/v0.1.12/0.3.19/0.6.6
4,MW737882.1,B.1.427,2021-02-05,complete,Homo sapiens,29815,4.3.4/1.37.1/v0.1.12/0.3.19/0.6.6
4,MZ086285.1,B.1.427,2021-04-07,complete,Homo sapiens,29901,4.3.4/1.37.1/v0.1.12/0.3.19/0.6.6
4,PP119706.1,B.1.427,2021-02-11,complete,Homo sapiens,29846,4.3.4/1.37.1/v0.1.12/0.3.19/0.6.6
4,MZ722920.1,B.1.427,2020-12-21,complete,Homo sapiens,29903,4.3.4/1.37.1/v0.1.12/0.3.19/0.6.6
4,OP143316.1,B.1.427,2021-01-08,complete,Homo sapiens,29826,4.3.4/1.37.1/v0.1.12/0.3.19/0.6.6
4,MW738523.1,B.1.427,2021-01-11,complete,Homo sapiens,29839,4.3.4/1.37.1/v0.1.12/0.3.19/0.6.6
4,MZ030010.1,B.1.427,2021-04-08,complete,Homo sapiens,29782,4.3.4/1.37.1/v0.1.12/0.3.19/0.6.6
4,OK547473.1,B.1.427,2020-12-11,complete,Homo sapiens,29598,4.3.4/1.37.1/v0.1.12/0.3.19/0.6.6
4,PP119640.1,B.1.427,2021-02-01,complete,Homo sapiens,29845,4.3.4/1.37.1/v0.1.12/0.3.19/0.6.6
4,ON340499.1,B.1.427,2020-12-12,complete,Homo sapiens,29827,4.3.4/1.37.1/v0.1.12/0.3.19/0.6.6
4,MZ722731.1,B.1.427,2020-12-22,complete,Homo sapiens,29903,4.3.4/1.37.1/v0.1.12/0.3.19/0.6.6
4,MZ455841.1,B.1.427,2021-04-20,complete,Homo sapiens,29782,4.3.4/1.37.1/v0.1.12/0.3.19/0.6.6
4,PP121095.1,B.1.427,2021-02-26,complete,Homo sapiens,29846,4.3.4/1.37.1/v0.1.12/0.3.19/0.6.6
4,ON213184.1,B.1.427,2021-04-06,complete,Homo sapiens,29714,4.3.4/1.37.1/v0.1.12/0.3.19/0.6.6
4,MW923195.1,B.1.427,2021-02-21,complete,Homo sapiens,29801,4.3.4/1.37.1/v0.1.12/0.3.19/0.6.6
4,PP123009.1,B.1.427,2021-01-11,complete,Homo sapiens,29846,4.3.4/1.37.1/v0.1.12/0.3.19/0.6.6
4,MW993733.1,B.1.427,2021-03-14,complete,Homo sapiens,29877,4.3.4/1.37.1/v0.1.12/0.3.19/0.6.6
4,PP272889.1,B.1.427,2021-03-02,complete,Homo sapiens,29714,4.3.4/1.37.1/v0.1.12/0.3.19/0.6.6
4,PP120593.1,B.1.427,2021-02-17,complete,Homo sapiens,29846,4.3.4/1.37.1/v0.1.12/0.3.19/0.6.6
4,OK653732.1,B.1.427,2020-12-15,complete,Homo sapiens,29850,4.3.4/1.37.1/v0.1.12/0.3.19/0.6.6
4,OM432607.1,B.1.427,2021-09-14,complete,Homo sapiens,29782,4.3.4/1.37.1/v0.1.12/0.3.19/0.6.6
4,MZ212904.1,B.1.427,2021-04-10,complete,Homo sapiens,29901,4.3.4/1.37.1/v0.1.12/0.3.19/0.6.6
4,PP119567.1,B.1.427,2021-03-02,complete,Homo sapiens,29846,4.3.4/1.37.1/v0.1.12/0.3.19/0.6.6
4,OK188323.1,B.1.427,2021-02-18,complete,Homo sapiens,29867,4.3.4/1.37.1/v0.1.12/0.3.19/0.6.6
4,PP122857.1,B.1.427,2021-01-22,complete,Homo sapiens,29845,4.3.4/1.37.1/v0.1.12/0.3.19/0.6.6
4,MW779110.1,B.1.427,2021-02-22,complete,Homo sapiens,29902,4.3.4/1.37.1/v0.1.12/0.3.19/0.6.6
4,PP122445.1,B.1.427,2021-02-18,complete,Homo sapiens,29846,4.3.4/1.37.1/v0.1.12/0.3.19/0.6.6
4,MW736692.1,B.1.427,2021-01-11,complete,Homo sapiens,29843,4.3.4/1.37.1/v0.1.12/0.3.19/0.6.6
4,OP143326.1,B.1.427,2021-01-08,complete,Homo sapiens,29782,4.3.4/1.37.1/v0.1.12/0.3.19/0.6.6
4,MW904199.1,B.1.427,2021-03-18,complete,Homo sapiens,29830,4.3.4/1.37.1/v0.1.12/0.3.19/0.6.6
4,MW838345.2,B.1.427,2021-02-22,complete,Homo sapiens,29899,4.3.4/1.37.1/v0.1.12/0.3.19/0.6.6
4,MW851686.1,B.1.427,2021-03-08,complete,Homo sapiens,29821,4.3.4/1.37.1/v0.1.12/0.3.19/0.6.6
4,MW990475.1,B.1.427,2021-04-03,complete,Homo sapiens,29903,4.3.4/1.37.1/v0.1.12/0.3.19/0.6.6
4,OK549464.1,B.1.427,2021-01-21,complete,Homo sapiens,29598,4.3.4/1.37.1/v0.1.12/0.3.19/0.6.6
4,ON104603.1,B.1.427,2021-02-05,complete,Homo sapiens,29782,4.3.4/1.37.1/v0.1.12/0.3.19/0.6.6
4,MW838253.2,B.1.427,2021-01-08,complete,Homo sapiens,29894,4.3.4/1.37.1/v0.1.12/0.3.19/0.6.6
4,MW779059.1,B.1.427,2021-02-22,complete,Homo sapiens,29895,4.3.4/1.37.1/v0.1.12/0.3.19/0.6.6
4,PP046532.1,B.1.427,2020-12-30,complete,Homo sapiens,29903,4.3.4/1.37.1/v0.1.12/0.3.19/0.6.6
4,MW988161.1,B.1.427,2021-03-24,complete,Homo sapiens,29812,4.3.4/1.37.1/v0.1.12/0.3.19/0.6.6
4,PP123199.1,B.1.427,2021-01-18,complete,Homo sapiens,29861,4.3.4/1.37.1/v0.1.12/0.3.19/0.6.6
4,PP608276.1,B.1.427,2021-03-18,complete,Homo sapiens,29743,4.3.4/1.37.1/v0.1.12/0.3.19/0.6.6
4,PP121359.1,B.1.427,2021-01-13,complete,Homo sapiens,29846,4.3.4/1.37.1/v0.1.12/0.3.19/0.6.6
4,ON339656.1,B.1.427,2020-12-11,complete,Homo sapiens,29827,4.3.4/1.37.1/v0.1.12/0.3.19/0.6.6
4,MW973408.1,B.1.427,2020-12-20,complete,Homo sapiens,29868,4.3.4/1.37.1/v0.1.12/0.3.19/0.6.6
4,ON316635.1,B.1.427,2021-04-19,complete,Homo sapiens,29849,4.3.4/1.37.1/v0.1.12/0.3.19/0.6.6
4,MZ153534.1,B.1.427,2021-04-20,complete,Homo sapiens,29831,4.3.4/1.37.1/v0.1.12/0.3.19/0.6.6
4,PP119444.1,B.1.427,2021-01-25,complete,Homo sapiens,29598,4.3.4/1.37.1/v0.1.12/0.3.19/0.6.6
4,PP121701.1,B.1.427,2021-03-10,complete,Homo sapiens,29846,4.3.4/1.37.1/v0.1.12/0.3.19/0.6.6
4,MW778427.1,B.1.427,2021-02-21,complete,Homo sapiens,29898,4.3.4/1.37.1/v0.1.12/0.3.19/0.6.6
4,MW897503.1,B.1.427,2021-03-23,complete,Homo sapiens,29867,4.3.4/1.37.1/v0.1.12/0.3.19/0.6.6
4,PP122061.1,B.1.427,2021-01-13,complete,Homo sapiens,29846,4.3.4/1.37.1/v0.1.12/0.3.19/0.6.6
4,PP122164.1,B.1.427,2021-02-01,complete,Homo sapiens,29846,4.3.4/1.37.1/v0.1.12/0.3.19/0.6.6
4,MZ260413.1,B.1.427,2021-03-07,complete,Homo sapiens,29889,4.3.4/1.37.1/v0.1.12/0.3.19/0.6.6
4,ON344369.1,B.1.427,2020-12-10,complete,Homo sapiens,29825,4.3.4/1.37.1/v0.1.12/0.3.19/0.6.6
4,ON343046.1,B.1.427,2020-12-13,complete,Homo sapiens,29866,4.3.4/1.37.1/v0.1.12/0.3.19/0.6.6
4,MZ188484.1,B.1.427,2021-04-15,complete,Homo sapiens,29900,4.3.4/1.37.1/v0.1.12/0.3.19/0.6.6
4,PP121376.1,B.1.427,2021-01-18,complete,Homo sapiens,29846,4.3.4/1.37.1/v0.1.12/0.3.19/0.6.6
4,MZ717998.1,B.1.427,2021-03-20,complete,Homo sapiens,29863,4.3.4/1.37.1/v0.1.12/0.3.19/0.6.6
4,PP121415.1,B.1.427,2021-01-20,complete,Homo sapiens,29843,4.3.4/1.37.1/v0.1.12/0.3.19/0.6.6
4,PP614038.1,B.1.427,2021-05-13,complete,Homo sapiens,29749,4.3.4/1.37.1/v0.1.12/0.3.19/0.6.6
4,PQ999368.1,B.1.427,2021-01-04,complete,Homo sapiens,29771,4.3.4/1.37.1/v0.1.12/0.3.19/0.6.6
4,PP120434.1,B.1.427,2021-02-26,complete,Homo sapiens,29846,4.3.4/1.37.1/v0.1.12/0.3.19/0.6.6
4,MW629300.1,B.1.427,2021-01-19,complete,Homo sapiens,29804,4.3.4/1.37.1/v0.1.12/0.3.19/0.6.6
4,OL540671.1,B.1.427,2021-01-09,complete,Homo sapiens,29832,4.3.4/1.37.1/v0.1.12/0.3.19/0.6.6
4,MW720110.1,B.1.427,2021-02-15,complete,Homo sapiens,29782,4.3.4/1.37.1/v0.1.12/0.3.19/0.6.6
4,PP120447.1,B.1.427,2021-02-24,complete,Homo sapiens,29845,4.3.4/1.37.1/v0.1.12/0.3.19/0.6.6
4,MW739420.1,B.1.427,2021-02-02,complete,Homo sapiens,29859,4.3.4/1.37.1/v0.1.12/0.3.19/0.6.6
4,MW921964.1,B.1.427,2021-03-05,complete,Homo sapiens,29817,4.3.4/1.37.1/v0.1.12/0.3.19/0.6.6
4,MW903723.1,B.1.427,2021-03-18,complete,Homo sapiens,29738,4.3.4/1.37.1/v0.1.12/0.3.19/0.6.6
4,MW994667.1,B.1.427,2021-03-15,complete,Homo sapiens,29873,4.3.4/1.37.1/v0.1.12/0.3.19/0.6.6
4,ON340228.1,B.1.427,2020-12-12,complete,Homo sapiens,29850,4.3.4/1.37.1/v0.1.12/0.3.19/0.6.6
4,MW628988.1,B.1.427,2021-01-26,complete,Homo sapiens,29819,4.3.4/1.37.1/v0.1.12/0.3.19/0.6.6
4,MZ378360.1,B.1.427,2021-02-27,complete,Homo sapiens,29858,4.3.4/1.37.1/v0.1.12/0.3.19/0.6.6
4,OR938951.1,B.1.427,2021-01-05,complete,Homo sapiens,29898,4.3.4/1.37.1/v0.1.12/0.3.19/0.6.6
4,OM094991.1,B.1.427,2021-04-05,complete,Homo sapiens,29903,4.3.4/1.37.1/v0.1.12/0.3.19/0.6.6
4,MZ261365.1,B.1.427,2021-04-29,complete,Homo sapiens,29828,4.3.4/1.37.1/v0.1.12/0.3.19/0.6.6
4,MZ454972.1,B.1.427,2021-05-15,complete,Homo sapiens,29782,4.3.4/1.37.1/v0.1.12/0.3.19/0.6.6
4,MW965892.1,B.1.427,2021-03-21,complete,Homo sapiens,29901,4.3.4/1.37.1/v0.1.12/0.3.19/0.6.6
4,MW994301.1,B.1.427,2021-03-12,complete,Homo sapiens,29887,4.3.4/1.37.1/v0.1.12/0.3.19/0.6.6
4,MZ166881.1,B.1.427,2021-04-08,complete,Homo sapiens,29836,4.3.4/1.37.1/v0.1.12/0.3.19/0.6.6
4,OK546697.1,B.1.427,2021-03-01,complete,Homo sapiens,29849,4.3.4/1.37.1/v0.1.12/0.3.19/0.6.6
4,MZ193522.1,B.1.427,2021-04-23,complete,Homo sapiens,29836,4.3.4/1.37.1/v0.1.12/0.3.19/0.6.6
4,MW671589.1,B.1.427,2021-01-31,complete,Homo sapiens,29782,4.3.4/1.37.1/v0.1.12/0.3.19/0.6.6
4,PP162534.1,B.1.427,2020-12-15,complete,Homo sapiens,29598,4.3.4/1.37.1/v0.1.12/0.3.19/0.6.6
4,MZ207088.1,B.1.427,2021-02-22,complete,Homo sapiens,29787,4.3.4/1.37.1/v0.1.12/0.3.19/0.6.6
4,OL540564.1,B.1.427,2020-12-29,complete,Homo sapiens,29803,4.3.4/1.37.1/v0.1.12/0.3.19/0.6.6
4,PP119807.1,B.1.427,2021-02-05,complete,Homo sapiens,29846,4.3.4/1.37.1/v0.1.12/0.3.19/0.6.6
4,MW851590.1,B.1.427,2021-03-12,complete,Homo sapiens,29865,4.3.4/1.37.1/v0.1.12/0.3.19/0.6.6
4,OM128856.1,B.1.427,2021-02-17,complete,Homo sapiens,29875,4.3.4/1.37.1/v0.1.12/0.3.19/0.6.6
4,MW767333.1,B.1.427,2021-02-14,complete,Homo sapiens,29872,4.3.4/1.37.1/v0.1.12/0.3.19/0.6.6
4,MZ158869.1,B.1.427,2021-03-28,complete,Homo sapiens,29901,4.3.4/1.37.1/v0.1.12/0.3.19/0.6.6
4,PP122209.1,B.1.427,2021-02-01,complete,Homo sapiens,29883,4.3.4/1.37.1/v0.1.12/0.3.19/0.6.6
4,MZ166977.1,B.1.427,2021-04-08,complete,Homo sapiens,29836,4.3.4/1.37.1/v0.1.12/0.3.19/0.6.6
4,MW715486.1,B.1.427,2021-02-08,complete,Homo sapiens,29801,4.3.4/1.37.1/v0.1.12/0.3.19/0.6.6
4,PP604201.1,B.1.427,2021-02-13,complete,Homo sapiens,29746,4.3.4/1.37.1/v0.1.12/0.3.19/0.6.6
4,OP143017.1,B.1.427,2020-12-31,complete,Homo sapiens,29782,4.3.4/1.37.1/v0.1.12/0.3.19/0.6.6
4,MZ259087.1,B.1.427,2021-03-03,complete,Homo sapiens,29888,4.3.4/1.37.1/v0.1.12/0.3.19/0.6.6
4,MW685752.1,B.1.427,2021-02-04,complete,Homo sapiens,29731,4.3.4/1.37.1/v0.1.12/0.3.19/0.6.6
4,PP122247.1,B.1.427,2021-02-03,complete,Homo sapiens,29845,4.3.4/1.37.1/v0.1.12/0.3.19/0.6.6
4,MZ154281.1,B.1.427,2021-04-19,complete,Homo sapiens,29831,4.3.4/1.37.1/v0.1.12/0.3.19/0.6.6
4,PP121361.1,B.1.427,2021-01-13,complete,Homo sapiens,29846,4.3.4/1.37.1/v0.1.12/0.3.19/0.6.6
4,MZ377718.1,B.1.427,2021-01-30,complete,Homo sapiens,29833,4.3.4/1.37.1/v0.1.12/0.3.19/0.6.6
4,ON065657.1,B.1.427,2021-02-24,complete,Homo sapiens,29796,4.3.4/1.37.1/v0.1.12/0.3.19/0.6.6
4,PP123206.1,B.1.427,2021-01-19,complete,Homo sapiens,29846,4.3.4/1.37.1/v0.1.12/0.3.19/0.6.6
4,MZ722559.1,B.1.427,2020-12-21,complete,Homo sapiens,29903,4.3.4/1.37.1/v0.1.12/0.3.19/0.6.6
4,MZ474170.1,B.1.427,2021-03-03,complete,Homo sapiens,29782,4.3.4/1.37.1/v0.1.12/0.3.19/0.6.6
4,ON340289.1,B.1.427,2020-12-11,complete,Homo sapiens,29837,4.3.4/1.37.1/v0.1.12/0.3.19/0.6.6
4,MW808748.1,B.1.427,2021-03-04,complete,Homo sapiens,29902,4.3.4/1.37.1/v0.1.12/0.3.19/0.6.6
4,MZ003155.1,B.1.427,2021-03-27,complete,Homo sapiens,29713,4.3.4/1.37.1/v0.1.12/0.3.19/0.6.6
4,MW903238.1,B.1.427,2021-03-18,complete,Homo sapiens,29715,4.3.4/1.37.1/v0.1.12/0.3.19/0.6.6
4,MW646690.1,B.1.427,2021-02-03,complete,Homo sapiens,29831,4.3.4/1.37.1/v0.1.12/0.3.19/0.6.6
4,MZ461046.1,B.1.427,2021-05-13,complete,Homo sapiens,29650,4.3.4/1.37.1/v0.1.12/0.3.19/0.6.6
4,PP122669.1,B.1.427,2021-01-15,complete,Homo sapiens,29845,4.3.4/1.37.1/v0.1.12/0.3.19/0.6.6
4,OR938561.1,B.1.427,2020-12-03,complete,Homo sapiens,29897,4.3.4/1.37.1/v0.1.12/0.3.19/0.6.6
4,ON339780.1,B.1.427,2020-12-11,complete,Homo sapiens,29877,4.3.4/1.37.1/v0.1.12/0.3.19/0.6.6
4,MW696874.1,B.1.427,2021-02-10,complete,Homo sapiens,29782,4.3.4/1.37.1/v0.1.12/0.3.19/0.6.6
4,MZ732082.1,B.1.427,2021-02-12,complete,Homo sapiens,29829,4.3.4/1.37.1/v0.1.12/0.3.19/0.6.6
4,MW738517.1,B.1.427,2021-01-11,complete,Homo sapiens,29821,4.3.4/1.37.1/v0.1.12/0.3.19/0.6.6
4,ON344655.1,B.1.427,2020-12-10,complete,Homo sapiens,29862,4.3.4/1.37.1/v0.1.12/0.3.19/0.6.6
4,MW725857.1,B.1.427,2021-02-23,complete,Homo sapiens,29834,4.3.4/1.37.1/v0.1.12/0.3.19/0.6.6
4,PP161759.1,B.1.427,2021-02-19,complete,Homo sapiens,29849,4.3.4/1.37.1/v0.1.12/0.3.19/0.6.6
4,PP046964.1,B.1.427,2021-01-25,complete,Homo sapiens,29895,4.3.4/1.37.1/v0.1.12/0.3.19/0.6.6
4,MW796861.1,B.1.427,2021-02-28,complete,Homo sapiens,29639,4.3.4/1.37.1/v0.1.12/0.3.19/0.6.6
4,MW972805.1,B.1.427,2020-12-09,complete,Homo sapiens,29852,4.3.4/1.37.1/v0.1.12/0.3.19/0.6.6
4,OK653515.1,B.1.427,2020-12-15,complete,Homo sapiens,29850,4.3.4/1.37.1/v0.1.12/0.3.19/0.6.6
4,OK550394.1,B.1.427,2021-01-28,complete,Homo sapiens,29849,4.3.4/1.37.1/v0.1.12/0.3.19/0.6.6
4,MW973128.1,B.1.427,2020-12-17,complete,Homo sapiens,29821,4.3.4/1.37.1/v0.1.12/0.3.19/0.6.6
4,OM434218.1,B.1.427,2021-03-29,complete,Homo sapiens,29875,4.3.4/1.37.1/v0.1.12/0.3.19/0.6.6
4,MZ670072.1,B.1.427,2021-05-21,complete,Homo sapiens,29818,4.3.4/1.37.1/v0.1.12/0.3.19/0.6.6
4,OK548853.1,B.1.427,2021-01-15,complete,Homo sapiens,29598,4.3.4/1.37.1/v0.1.12/0.3.19/0.6.6
4,MW545191.1,B.1.427,2021-01-09,complete,Homo sapiens,29782,4.3.4/1.37.1/v0.1.12/0.3.19/0.6.6
4,MZ454958.1,B.1.427,2021-05-13,complete,Homo sapiens,29782,4.3.4/1.37.1/v0.1.12/0.3.19/0.6.6
4,ON065662.1,B.1.427,2021-02-25,complete,Homo sapiens,29824,4.3.4/1.37.1/v0.1.12/0.3.19/0.6.6
4,PP119701.1,B.1.427,2021-02-04,complete,Homo sapiens,29838,4.3.4/1.37.1/v0.1.12/0.3.19/0.6.6
4,ON340145.1,B.1.427,2020-12-11,complete,Homo sapiens,29871,4.3.4/1.37.1/v0.1.12/0.3.19/0.6.6
4,OK190860.1,B.1.427,2021-03-24,complete,Homo sapiens,29831,4.3.4/1.37.1/v0.1.12/0.3.19/0.6.6
4,MZ083990.1,B.1.427,2021-04-06,complete,Homo sapiens,29876,4.3.4/1.37.1/v0.1.12/0.3.19/0.6.6
4,OP143336.1,B.1.427,2021-01-01,complete,Homo sapiens,29831,4.3.4/1.37.1/v0.1.12/0.3.19/0.6.6
4,MZ259106.1,B.1.427,2021-03-03,complete,Homo sapiens,29866,4.3.4/1.37.1/v0.1.12/0.3.19/0.6.6
4,PP123620.1,B.1.427,2021-01-18,complete,Homo sapiens,29846,4.3.4/1.37.1/v0.1.12/0.3.19/0.6.6
4,MZ378384.1,B.1.427,2021-02-18,complete,Homo sapiens,29782,4.3.4/1.37.1/v0.1.12/0.3.19/0.6.6
4,PP120644.1,B.1.427,2021-02-18,complete,Homo sapiens,29846,4.3.4/1.37.1/v0.1.12/0.3.19/0.6.6
4,OL555507.1,B.1.427,2021-09-14,complete,Homo sapiens,29824,4.3.4/1.37.1/v0.1.12/0.3.19/0.6.6
4,PP141551.1,B.1.427,2021-01-07,complete,Homo sapiens,29846,4.3.4/1.37.1/v0.1.12/0.3.19/0.6.6
4,MW780621.1,B.1.427,2021-03-01,complete,Homo sapiens,29714,4.3.4/1.37.1/v0.1.12/0.3.19/0.6.6
4,PP144674.1,B.1.427,2021-03-13,complete,Homo sapiens,29836,4.3.4/1.37.1/v0.1.12/0.3.19/0.6.6
4,MW973121.1,B.1.427,2020-12-21,complete,Homo sapiens,29846,4.3.4/1.37.1/v0.1.12/0.3.19/0.6.6
4,PP144286.1,B.1.427,2021-02-08,complete,Homo sapiens,29845,4.3.4/1.37.1/v0.1.12/0.3.19/0.6.6
4,MZ322805.1,B.1.427,2021-05-19,complete,Homo sapiens,29836,4.3.4/1.37.1/v0.1.12/0.3.19/0.6.6
4,PP120602.1,B.1.427,2021-02-16,complete,Homo sapiens,29846,4.3.4/1.37.1/v0.1.12/0.3.19/0.6.6
4,MZ003836.1,B.1.427,2021-03-31,complete,Homo sapiens,29714,4.3.4/1.37.1/v0.1.12/0.3.19/0.6.6
4,PP144578.1,B.1.427,2021-02-06,complete,Homo sapiens,29846,4.3.4/1.37.1/v0.1.12/0.3.19/0.6.6
4,PP144076.1,B.1.427,2021-02-28,complete,Homo sapiens,29844,4.3.4/1.37.1/v0.1.12/0.3.19/0.6.6
4,PP162072.1,B.1.427,2021-02-22,complete,Homo sapiens,29849,4.3.4/1.37.1/v0.1.12/0.3.19/0.6.6
4,MZ505852.1,B.1.427,2021-05-03,complete,Homo sapiens,29824,4.3.4/1.37.1/v0.1.12/0.3.19/0.6.6
4,MW586182.1,B.1.427,2021-01-28,complete,Homo sapiens,29881,4.3.4/1.37.1/v0.1.12/0.3.19/0.6.6
4,OL474114.1,B.1.427,2021-02-04,complete,Homo sapiens,29723,4.3.4/1.37.1/v0.1.12/0.3.19/0.6.6
4,MW991098.1,B.1.427,2021-03-30,complete,Homo sapiens,29902,4.3.4/1.37.1/v0.1.12/0.3.19/0.6.6
4,ON316631.1,B.1.427,2021-05-02,complete,Homo sapiens,29879,4.3.4/1.37.1/v0.1.12/0.3.19/0.6.6
4,OK651294.1,B.1.427,2020-12-01,complete,Homo sapiens,29801,4.3.4/1.37.1/v0.1.12/0.3.19/0.6.6
4,PP119820.1,B.1.427,2021-01-31,complete,Homo sapiens,29846,4.3.4/1.37.1/v0.1.12/0.3.19/0.6.6
4,MZ085026.1,B.1.427,2021-04-09,complete,Homo sapiens,29875,4.3.4/1.37.1/v0.1.12/0.3.19/0.6.6
4,MW969379.1,B.1.427,2021-03-23,complete,Homo sapiens,29902,4.3.4/1.37.1/v0.1.12/0.3.19/0.6.6
4,MW700637.1,B.1.427,2021-01-15,complete,Homo sapiens,29846,4.3.4/1.37.1/v0.1.12/0.3.19/0.6.6
4,MW653547.1,B.1.427,2020-11-29,complete,Homo sapiens,29813,4.3.4/1.37.1/v0.1.12/0.3.19/0.6.6
4,MW701902.1,B.1.427,2020-12-02,complete,Homo sapiens,29852,4.3.4/1.37.1/v0.1.12/0.3.19/0.6.6
4,OL365697.1,B.1.427,2020-11-28,complete,Homo sapiens,29829,4.3.4/1.37.1/v0.1.12/0.3.19/0.6.6
4,ON062798.1,B.1.427,2021-03-22,complete,Homo sapiens,29822,4.3.4/1.37.1/v0.1.12/0.3.19/0.6.6
4,PP123412.1,B.1.427,2021-01-21,complete,Homo sapiens,29870,4.3.4/1.37.1/v0.1.12/0.3.19/0.6.6
4,OM128936.1,B.1.427,2021-02-18,complete,Homo sapiens,29874,4.3.4/1.37.1/v0.1.12/0.3.19/0.6.6
4,MZ518266.1,B.1.427,2021-01-11,complete,Homo sapiens,29816,4.3.4/1.37.1/v0.1.12/0.3.19/0.6.6
4,MW891433.1,B.1.427,2021-03-21,complete,Homo sapiens,29829,4.3.4/1.37.1/v0.1.12/0.3.19/0.6.6
4,MW923257.1,B.1.427,2021-02-16,complete,Homo sapiens,29792,4.3.4/1.37.1/v0.1.12/0.3.19/0.6.6
4,PP120286.1,B.1.427,2021-02-05,complete,Homo sapiens,29845,4.3.4/1.37.1/v0.1.12/0.3.19/0.6.6
4,MW672754.1,B.1.427,2021-02-04,complete,Homo sapiens,29852,4.3.4/1.37.1/v0.1.12/0.3.19/0.6.6
4,MW922021.1,B.1.427,2021-02-26,complete,Homo sapiens,29798,4.3.4/1.37.1/v0.1.12/0.3.19/0.6.6
4,OR305080.1,B.1.427,2021-03-19,complete,Homo sapiens,29831,4.3.4/1.37.1/v0.1.12/0.3.19/0.6.6
4,OK548523.1,B.1.427,2020-12-16,complete,Homo sapiens,29598,4.3.4/1.37.1/v0.1.12/0.3.19/0.6.6
4,PP046797.1,B.1.427,2021-01-21,complete,Homo sapiens,29891,4.3.4/1.37.1/v0.1.12/0.3.19/0.6.6
4,OK548227.1,B.1.427,2021-01-01,complete,Homo sapiens,29598,4.3.4/1.37.1/v0.1.12/0.3.19/0.6.6
4,OM434233.1,B.1.427,2021-03-26,complete,Homo sapiens,29875,4.3.4/1.37.1/v0.1.12/0.3.19/0.6.6
4,MW796811.1,B.1.427,2021-02-24,complete,Homo sapiens,29808,4.3.4/1.37.1/v0.1.12/0.3.19/0.6.6
4,ON776177.1,B.1.427,2021-03-22,complete,Homo sapiens,29849,4.3.4/1.37.1/v0.1.12/0.3.19/0.6.6
4,MW739525.1,B.1.427,2021-01-20,complete,Homo sapiens,29840,4.3.4/1.37.1/v0.1.12/0.3.19/0.6.6
4,OM432633.1,B.1.427,2021-09-14,complete,Homo sapiens,29819,4.3.4/1.37.1/v0.1.12/0.3.19/0.6.6
4,MW923298.1,B.1.427,2021-02-14,complete,Homo sapiens,29865,4.3.4/1.37.1/v0.1.12/0.3.19/0.6.6
4,MZ207090.1,B.1.427,2021-03-05,complete,Homo sapiens,29844,4.3.4/1.37.1/v0.1.12/0.3.19/0.6.6
4,MZ187775.1,B.1.427,2021-04-18,complete,Homo sapiens,29887,4.3.4/1.37.1/v0.1.12/0.3.19/0.6.6
4,MZ190254.1,B.1.427,2021-04-14,complete,Homo sapiens,29782,4.3.4/1.37.1/v0.1.12/0.3.19/0.6.6
4,PP046949.1,B.1.427,2021-01-23,complete,Homo sapiens,29887,4.3.4/1.37.1/v0.1.12/0.3.19/0.6.6
4,MW838262.2,B.1.427,2021-01-11,complete,Homo sapiens,29876,4.3.4/1.37.1/v0.1.12/0.3.19/0.6.6
4,PP120265.1,B.1.427,2021-02-02,complete,Homo sapiens,29846,4.3.4/1.37.1/v0.1.12/0.3.19/0.6.6
4,MW838460.2,B.1.427,2021-01-05,complete,Homo sapiens,29864,4.3.4/1.37.1/v0.1.12/0.3.19/0.6.6
4,PP046480.1,B.1.427,2021-01-20,complete,Homo sapiens,29849,4.3.4/1.37.1/v0.1.12/0.3.19/0.6.6
4,OP143206.1,B.1.427,2021-01-05,complete,Homo sapiens,29782,4.3.4/1.37.1/v0.1.12/0.3.19/0.6.6
4,MZ075684.1,B.1.427,2021-04-04,complete,Homo sapiens,29902,4.3.4/1.37.1/v0.1.12/0.3.19/0.6.6
4,ON074358.1,B.1.427,2021-03-17,complete,Homo sapiens,29747,4.3.4/1.37.1/v0.1.12/0.3.19/0.6.6
4,OK548661.1,B.1.427,2021-04-23,complete,Homo sapiens,29865,4.3.4/1.37.1/v0.1.12/0.3.19/0.6.6
4,MW923556.1,B.1.427,2021-02-07,complete,Homo sapiens,29864,4.3.4/1.37.1/v0.1.12/0.3.19/0.6.6
4,MZ377694.1,B.1.427,2021-02-10,complete,Homo sapiens,29812,4.3.4/1.37.1/v0.1.12/0.3.19/0.6.6
4,MZ722120.1,B.1.427,2020-12-22,complete,Homo sapiens,29903,4.3.4/1.37.1/v0.1.12/0.3.19/0.6.6
4,ON344714.1,B.1.427,2020-12-12,complete,Homo sapiens,29848,4.3.4/1.37.1/v0.1.12/0.3.19/0.6.6
4,PP046793.1,B.1.427,2021-01-22,complete,Homo sapiens,29865,4.3.4/1.37.1/v0.1.12/0.3.19/0.6.6
4,MZ471947.1,B.1.427,2021-01-19,complete,Homo sapiens,29820,4.3.4/1.37.1/v0.1.12/0.3.19/0.6.6
4,MZ024919.1,B.1.427,2021-03-29,complete,Homo sapiens,29901,4.3.4/1.37.1/v0.1.12/0.3.19/0.6.6
4,PP119960.1,B.1.427,2021-03-10,complete,Homo sapiens,29845,4.3.4/1.37.1/v0.1.12/0.3.19/0.6.6
4,PP162720.1,B.1.427,2020-12-23,complete,Homo sapiens,29864,4.3.4/1.37.1/v0.1.12/0.3.19/0.6.6
4,MZ378030.1,B.1.427,2021-04-17,complete,Homo sapiens,29861,4.3.4/1.37.1/v0.1.12/0.3.19/0.6.6
4,PP046905.1,B.1.427,2021-01-27,complete,Homo sapiens,29886,4.3.4/1.37.1/v0.1.12/0.3.19/0.6.6
4,MW702805.1,B.1.427,2021-01-12,complete,Homo sapiens,29843,4.3.4/1.37.1/v0.1.12/0.3.19/0.6.6
4,PP122176.1,B.1.427,2021-01-31,complete,Homo sapiens,29844,4.3.4/1.37.1/v0.1.12/0.3.19/0.6.6
4,MZ207021.1,B.1.427,2021-03-04,complete,Homo sapiens,29856,4.3.4/1.37.1/v0.1.12/0.3.19/0.6.6
4,MW850057.1,B.1.427,2021-03-01,complete,Homo sapiens,29867,4.3.4/1.37.1/v0.1.12/0.3.19/0.6.6
4,MW737920.1,B.1.427,2021-02-03,complete,Homo sapiens,29839,4.3.4/1.37.1/v0.1.12/0.3.19/0.6.6
4,MW887985.1,B.1.427,2021-03-19,complete,Homo sapiens,29867,4.3.4/1.37.1/v0.1.12/0.3.19/0.6.6
4,PP613804.1,B.1.427,2021-05-09,complete,Homo sapiens,29746,4.3.4/1.37.1/v0.1.12/0.3.19/0.6.6
4,MW837475.1,B.1.427,2021-01-22,complete,Homo sapiens,29904,4.3.4/1.37.1/v0.1.12/0.3.19/0.6.6
4,MW967881.1,B.1.427,2021-03-17,complete,Homo sapiens,29899,4.3.4/1.37.1/v0.1.12/0.3.19/0.6.6
4,MZ474119.1,B.1.427,2021-01-21,complete,Homo sapiens,29782,4.3.4/1.37.1/v0.1.12/0.3.19/0.6.6
4,MZ378323.1,B.1.427,2021-03-07,complete,Homo sapiens,29831,4.3.4/1.37.1/v0.1.12/0.3.19/0.6.6
4,MZ046534.1,B.1.427,2021-03-31,complete,Homo sapiens,29889,4.3.4/1.37.1/v0.1.12/0.3.19/0.6.6
4,MW696672.1,B.1.427,2021-02-16,complete,Homo sapiens,29782,4.3.4/1.37.1/v0.1.12/0.3.19/0.6.6
4,OP143022.1,B.1.427,2020-12-31,complete,Homo sapiens,29782,4.3.4/1.37.1/v0.1.12/0.3.19/0.6.6
4,MW648317.1,B.1.427,2021-02-04,complete,Homo sapiens,29813,4.3.4/1.37.1/v0.1.12/0.3.19/0.6.6
4,PP046972.1,B.1.427,2021-01-25,complete,Homo sapiens,29849,4.3.4/1.37.1/v0.1.12/0.3.19/0.6.6
4,MW855621.1,B.1.427,2021-03-11,complete,Homo sapiens,29829,4.3.4/1.37.1/v0.1.12/0.3.19/0.6.6
4,MW911403.1,B.1.427,2021-03-17,complete,Homo sapiens,29782,4.3.4/1.37.1/v0.1.12/0.3.19/0.6.6
4,PP609043.1,B.1.427,2021-03-24,complete,Homo sapiens,29745,4.3.4/1.37.1/v0.1.12/0.3.19/0.6.6
4,MZ636092.1,B.1.427,2021-01-07,complete,Homo sapiens,29903,4.3.4/1.37.1/v0.1.12/0.3.19/0.6.6
4,MW772198.1,B.1.427,2021-02-26,complete,Homo sapiens,29903,4.3.4/1.37.1/v0.1.12/0.3.19/0.6.6
4,PP119979.1,B.1.427,2021-03-06,complete,Homo sapiens,29846,4.3.4/1.37.1/v0.1.12/0.3.19/0.6.6
4,MW968777.1,B.1.427,2021-03-26,complete,Homo sapiens,29884,4.3.4/1.37.1/v0.1.12/0.3.19/0.6.6
4,OK548775.1,B.1.427,2021-01-18,complete,Homo sapiens,29598,4.3.4/1.37.1/v0.1.12/0.3.19/0.6.6
4,MZ257845.1,B.1.427,2021-03-23,complete,Homo sapiens,29898,4.3.4/1.37.1/v0.1.12/0.3.19/0.6.6
4,MW643345.1,B.1.427,2021-01-28,complete,Homo sapiens,29714,4.3.4/1.37.1/v0.1.12/0.3.19/0.6.6
4,MW586733.1,B.1.427,2021-01-15,complete,Homo sapiens,29782,4.3.4/1.37.1/v0.1.12/0.3.19/0.6.6
4,MZ473567.1,B.1.427,2021-04-03,complete,Homo sapiens,29782,4.3.4/1.37.1/v0.1.12/0.3.19/0.6.6
4,PP144282.1,B.1.427,2021-02-07,complete,Homo sapiens,29846,4.3.4/1.37.1/v0.1.12/0.3.19/0.6.6
4,OK188569.1,B.1.427,2021-02-19,complete,Homo sapiens,29870,4.3.4/1.37.1/v0.1.12/0.3.19/0.6.6
4,MZ290931.1,B.1.427,2021-05-06,complete,Homo sapiens,29827,4.3.4/1.37.1/v0.1.12/0.3.19/0.6.6
4,MZ008883.1,B.1.427,2021-04-02,complete,Homo sapiens,29825,4.3.4/1.37.1/v0.1.12/0.3.19/0.6.6
4,ON340012.1,B.1.427,2020-12-10,complete,Homo sapiens,29850,4.3.4/1.37.1/v0.1.12/0.3.19/0.6.6
4,OR938889.1,B.1.427,2021-01-07,complete,Homo sapiens,29864,4.3.4/1.37.1/v0.1.12/0.3.19/0.6.6
4,MW703409.1,B.1.427,2021-02,complete,Homo sapiens,29838,4.3.4/1.37.1/v0.1.12/0.3.19/0.6.6
4,MW719783.1,B.1.427,2021-02-15,complete,Homo sapiens,29782,4.3.4/1.37.1/v0.1.12/0.3.19/0.6.6
4,PP144181.1,B.1.427,2021-02-27,complete,Homo sapiens,29845,4.3.4/1.37.1/v0.1.12/0.3.19/0.6.6
4,PP162034.1,B.1.427,2021-02-16,complete,Homo sapiens,29878,4.3.4/1.37.1/v0.1.12/0.3.19/0.6.6
4,MZ414719.1,B.1.427,2021-04-19,complete,Homo sapiens,29861,4.3.4/1.37.1/v0.1.12/0.3.19/0.6.6
4,PP161719.1,B.1.427,2021-02-12,complete,Homo sapiens,29864,4.3.4/1.37.1/v0.1.12/0.3.19/0.6.6
4,MZ258024.1,B.1.427,2021-03-19,complete,Homo sapiens,29886,4.3.4/1.37.1/v0.1.12/0.3.19/0.6.6
4,MW494381.1,B.1.427,2021-01-03,complete,Homo sapiens,29884,4.3.4/1.37.1/v0.1.12/0.3.19/0.6.6
4,MZ636218.1,B.1.427,2021-01-22,complete,Homo sapiens,29903,4.3.4/1.37.1/v0.1.12/0.3.19/0.6.6
4,MZ060888.1,B.1.427,2021-04-11,complete,Homo sapiens,29832,4.3.4/1.37.1/v0.1.12/0.3.19/0.6.6
4,OM138512.1,B.1.427,2021-04-19,complete,Homo sapiens,29782,4.3.4/1.37.1/v0.1.12/0.3.19/0.6.6
4,PP119500.1,B.1.427,2021-02-27,complete,Homo sapiens,29845,4.3.4/1.37.1/v0.1.12/0.3.19/0.6.6
4,PP121015.1,B.1.427,2021-02-13,complete,Homo sapiens,29845,4.3.4/1.37.1/v0.1.12/0.3.19/0.6.6
4,OK549410.1,B.1.427,2021-01-21,complete,Homo sapiens,29598,4.3.4/1.37.1/v0.1.12/0.3.19/0.6.6
4,PP046783.1,B.1.427,2021-01-21,complete,Homo sapiens,29865,4.3.4/1.37.1/v0.1.12/0.3.19/0.6.6
4,PP120357.1,B.1.427,2021-02-04,complete,Homo sapiens,29846,4.3.4/1.37.1/v0.1.12/0.3.19/0.6.6
4,MZ131225.1,B.1.427,2021-04-14,complete,Homo sapiens,29903,4.3.4/1.37.1/v0.1.12/0.3.19/0.6.6
4,OL848094.1,B.1.427,2021-09-14,complete,Homo sapiens,29782,4.3.4/1.37.1/v0.1.12/0.3.19/0.6.6
4,MZ186928.1,B.1.427,2021-04-19,complete,Homo sapiens,29901,4.3.4/1.37.1/v0.1.12/0.3.19/0.6.6
4,MW702206.1,B.1.427,2020-12-28,complete,Homo sapiens,29802,4.3.4/1.37.1/v0.1.12/0.3.19/0.6.6
4,PP122253.1,B.1.427,2021-02-02,complete,Homo sapiens,29846,4.3.4/1.37.1/v0.1.12/0.3.19/0.6.6
4,MW653594.1,B.1.427,2020-11-24,complete,Homo sapiens,29804,4.3.4/1.37.1/v0.1.12/0.3.19/0.6.6
4,OP143235.1,B.1.427,2021-01-05,complete,Homo sapiens,29791,4.3.4/1.37.1/v0.1.12/0.3.19/0.6.6
4,PP144494.1,B.1.427,2021-02-08,complete,Homo sapiens,29846,4.3.4/1.37.1/v0.1.12/0.3.19/0.6.6
4,OL615611.1,B.1.427,2021-03-08,complete,Homo sapiens,29826,4.3.4/1.37.1/v0.1.12/0.3.19/0.6.6
4,MW696503.1,B.1.427,2021-02-10,complete,Homo sapiens,29782,4.3.4/1.37.1/v0.1.12/0.3.19/0.6.6
4,PP120032.1,B.1.427,2021-03-13,complete,Homo sapiens,29846,4.3.4/1.37.1/v0.1.12/0.3.19/0.6.6
4,PP046367.1,B.1.427,2020-12-01,complete,Homo sapiens,29902,4.3.4/1.37.1/v0.1.12/0.3.19/0.6.6
4,MW966414.1,B.1.427,2021-03-14,complete,Homo sapiens,29901,4.3.4/1.37.1/v0.1.12/0.3.19/0.6.6
4,PP123516.1,B.1.427,2021-01-07,complete,Homo sapiens,29846,4.3.4/1.37.1/v0.1.12/0.3.19/0.6.6
4,MZ167390.1,B.1.427,2021-04-08,complete,Homo sapiens,29831,4.3.4/1.37.1/v0.1.12/0.3.19/0.6.6
4,MZ619459.1,B.1.427,2021-02-28,complete,Homo sapiens,29815,4.3.4/1.37.1/v0.1.12/0.3.19/0.6.6
4,MZ376661.1,B.1.427,2021-02-11,complete,Homo sapiens,29878,4.3.4/1.37.1/v0.1.12/0.3.19/0.6.6
4,MW868557.1,B.1.427,2021-03-13,complete,Homo sapiens,29831,4.3.4/1.37.1/v0.1.12/0.3.19/0.6.6
4,MZ647315.1,B.1.427,2021-04-23,complete,Homo sapiens,29812,4.3.4/1.37.1/v0.1.12/0.3.19/0.6.6
4,MW898796.1,B.1.427,2021-03,complete,Homo sapiens,29841,4.3.4/1.37.1/v0.1.12/0.3.19/0.6.6
4,OM129022.1,B.1.427,2021-02-08,complete,Homo sapiens,29891,4.3.4/1.37.1/v0.1.12/0.3.19/0.6.6
4,MZ193943.1,B.1.427,2021-04-21,complete,Homo sapiens,29831,4.3.4/1.37.1/v0.1.12/0.3.19/0.6.6
4,PP614951.1,B.1.427,2021-01-03,complete,Homo sapiens,29746,4.3.4/1.37.1/v0.1.12/0.3.19/0.6.6
4,PP119838.1,B.1.427,2021-02-03,complete,Homo sapiens,29846,4.3.4/1.37.1/v0.1.12/0.3.19/0.6.6
4,MW891170.1,B.1.427,2021-03-18,complete,Homo sapiens,29831,4.3.4/1.37.1/v0.1.12/0.3.19/0.6.6
4,MW697982.1,B.1.427,2021-02-12,complete,Homo sapiens,29782,4.3.4/1.37.1/v0.1.12/0.3.19/0.6.6
4,MW915254.1,B.1.427,2021-03-25,complete,Homo sapiens,29820,4.3.4/1.37.1/v0.1.12/0.3.19/0.6.6
4,OL848103.1,B.1.427,2021-09-14,complete,Homo sapiens,29782,4.3.4/1.37.1/v0.1.12/0.3.19/0.6.6
4,MZ058769.1,B.1.427,2021-04-07,complete,Homo sapiens,29868,4.3.4/1.37.1/v0.1.12/0.3.19/0.6.6
4,MZ035176.1,B.1.427,2021-04-06,complete,Homo sapiens,29829,4.3.4/1.37.1/v0.1.12/0.3.19/0.6.6
4,MZ473416.1,B.1.427,2021-01-15,complete,Homo sapiens,29782,4.3.4/1.37.1/v0.1.12/0.3.19/0.6.6
4,MW640064.1,B.1.427,2021-01-20,complete,Homo sapiens,29714,4.3.4/1.37.1/v0.1.12/0.3.19/0.6.6
4,PP144088.1,B.1.427,2021-03-01,complete,Homo sapiens,29846,4.3.4/1.37.1/v0.1.12/0.3.19/0.6.6
4,OK653806.1,B.1.427,2020-12-15,complete,Homo sapiens,29827,4.3.4/1.37.1/v0.1.12/0.3.19/0.6.6
4,MW750117.1,B.1.427,2021-02-22,complete,Homo sapiens,29782,4.3.4/1.37.1/v0.1.12/0.3.19/0.6.6
4,MW921707.1,B.1.427,2021-02-03,complete,Homo sapiens,29850,4.3.4/1.37.1/v0.1.12/0.3.19/0.6.6
4,MZ207178.1,B.1.427,2021-01-04,complete,Homo sapiens,29849,4.3.4/1.37.1/v0.1.12/0.3.19/0.6.6
4,MZ636199.1,B.1.427,2021-01-22,complete,Homo sapiens,29903,4.3.4/1.37.1/v0.1.12/0.3.19/0.6.6
4,MW738340.1,B.1.427,2020-12-31,complete,Homo sapiens,29860,4.3.4/1.37.1/v0.1.12/0.3.19/0.6.6
4,MW779052.1,B.1.427,2021-02-22,complete,Homo sapiens,29875,4.3.4/1.37.1/v0.1.12/0.3.19/0.6.6
4,PP121421.1,B.1.427,2021-01-20,complete,Homo sapiens,29846,4.3.4/1.37.1/v0.1.12/0.3.19/0.6.6
4,PP144254.1,B.1.427,2021-01-13,complete,Homo sapiens,29846,4.3.4/1.37.1/v0.1.12/0.3.19/0.6.6
4,PP123268.1,B.1.427,2021-01-20,complete,Homo sapiens,29846,4.3.4/1.37.1/v0.1.12/0.3.19/0.6.6
4,MZ377724.1,B.1.427,2021-04-04,complete,Homo sapiens,29813,4.3.4/1.37.1/v0.1.12/0.3.19/0.6.6
4,PP120574.1,B.1.427,2021-02-17,complete,Homo sapiens,29844,4.3.4/1.37.1/v0.1.12/0.3.19/0.6.6
4,MZ290913.1,B.1.427,2021-05-06,complete,Homo sapiens,29819,4.3.4/1.37.1/v0.1.12/0.3.19/0.6.6
4,MZ101051.1,B.1.427,2021-04-14,complete,Homo sapiens,29823,4.3.4/1.37.1/v0.1.12/0.3.19/0.6.6
4,OM432616.1,B.1.427,2021-09-14,complete,Homo sapiens,29782,4.3.4/1.37.1/v0.1.12/0.3.19/0.6.6
4,PP119872.1,B.1.427,2021-03-01,complete,Homo sapiens,29845,4.3.4/1.37.1/v0.1.12/0.3.19/0.6.6
4,MW672824.1,B.1.427,2021-02-04,complete,Homo sapiens,29852,4.3.4/1.37.1/v0.1.12/0.3.19/0.6.6
4,PP123586.1,B.1.427,2021-01-10,complete,Homo sapiens,29846,4.3.4/1.37.1/v0.1.12/0.3.19/0.6.6
4,MW851168.1,B.1.427,2021-03-01,complete,Homo sapiens,29877,4.3.4/1.37.1/v0.1.12/0.3.19/0.6.6
4,MW929800.1,B.1.427,2021-03-22,complete,Homo sapiens,29782,4.3.4/1.37.1/v0.1.12/0.3.19/0.6.6
4,PP144348.1,B.1.427,2021-02-07,complete,Homo sapiens,29835,4.3.4/1.37.1/v0.1.12/0.3.19/0.6.6
4,MW921881.1,B.1.427,2021-02-09,complete,Homo sapiens,29838,4.3.4/1.37.1/v0.1.12/0.3.19/0.6.6
4,MZ331138.1,B.1.427,2021-05-07,complete,Homo sapiens,29866,4.3.4/1.37.1/v0.1.12/0.3.19/0.6.6
4,OL844323.1,B.1.427,2020-12-15,complete,Homo sapiens,29798,4.3.4/1.37.1/v0.1.12/0.3.19/0.6.6
4,OP143228.1,B.1.427,2021-01-05,complete,Homo sapiens,29808,4.3.4/1.37.1/v0.1.12/0.3.19/0.6.6
4,MW772107.1,B.1.427,2021-02-27,complete,Homo sapiens,29893,4.3.4/1.37.1/v0.1.12/0.3.19/0.6.6
4,OD973517.1,B.1.427,2021-02-03,complete,Homo sapiens,29903,4.3.4/1.37.1/v0.1.12/0.3.19/0.6.6
4,PP119922.1,B.1.427,2021-03-11,complete,Homo sapiens,29860,4.3.4/1.37.1/v0.1.12/0.3.19/0.6.6
4,OL440703.1,B.1.427,2021-01-14,complete,Homo sapiens,29778,4.3.4/1.37.1/v0.1.12/0.3.19/0.6.6
4,MZ915293.1,B.1.427,2021-03-14,complete,Homo sapiens,29865,4.3.4/1.37.1/v0.1.12/0.3.19/0.6.6
4,PP121182.1,B.1.427,2021-01-14,complete,Homo sapiens,29846,4.3.4/1.37.1/v0.1.12/0.3.19/0.6.6
4,MW778723.1,B.1.427,2021-02-20,complete,Homo sapiens,29903,4.3.4/1.37.1/v0.1.12/0.3.19/0.6.6
4,OM434255.1,B.1.427,2021-03-29,complete,Homo sapiens,29898,4.3.4/1.37.1/v0.1.12/0.3.19/0.6.6
4,MZ206555.1,B.1.427,2021-02-02,complete,Homo sapiens,29840,4.3.4/1.37.1/v0.1.12/0.3.19/0.6.6
4,MZ258697.1,B.1.427,2021-03-06,complete,Homo sapiens,29883,4.3.4/1.37.1/v0.1.12/0.3.19/0.6.6
4,MW758661.1,B.1.427,2021-02-24,complete,Homo sapiens,29873,4.3.4/1.37.1/v0.1.12/0.3.19/0.6.6
4,OK549983.1,B.1.427,2021-03-11,complete,Homo sapiens,29598,4.3.4/1.37.1/v0.1.12/0.3.19/0.6.6
4,MW564966.1,B.1.427,2020-11-29,complete,Homo sapiens,29816,4.3.4/1.37.1/v0.1.12/0.3.19/0.6.6
4,PP120646.1,B.1.427,2021-02-19,complete,Homo sapiens,29846,4.3.4/1.37.1/v0.1.12/0.3.19/0.6.6
4,OR499195.1,B.1.427,2021-03-08,complete,Homo sapiens,29714,4.3.4/1.37.1/v0.1.12/0.3.19/0.6.6
4,ON343383.1,B.1.427,2020-12-14,complete,Homo sapiens,29827,4.3.4/1.37.1/v0.1.12/0.3.19/0.6.6
4,PP121171.1,B.1.427,2021-01-15,complete,Homo sapiens,29846,4.3.4/1.37.1/v0.1.12/0.3.19/0.6.6
4,OL440634.1,B.1.427,2021-01-18,complete,Homo sapiens,29778,4.3.4/1.37.1/v0.1.12/0.3.19/0.6.6
4,MW644495.1,B.1.427,2021-02-10,complete,Homo sapiens,29851,4.3.4/1.37.1/v0.1.12/0.3.19/0.6.6
4,MZ664759.1,B.1.427,2021-04-19,complete,Homo sapiens,29806,4.3.4/1.37.1/v0.1.12/0.3.19/0.6.6
4,PP121223.1,B.1.427,2021-01-16,complete,Homo sapiens,29846,4.3.4/1.37.1/v0.1.12/0.3.19/0.6.6
4,MW897596.1,B.1.427,2021-03-25,complete,Homo sapiens,29867,4.3.4/1.37.1/v0.1.12/0.3.19/0.6.6
4,PP119829.1,B.1.427,2021-01-31,complete,Homo sapiens,29846,4.3.4/1.37.1/v0.1.12/0.3.19/0.6.6
4,MW991238.1,B.1.427,2021-03-31,complete,Homo sapiens,29878,4.3.4/1.37.1/v0.1.12/0.3.19/0.6.6
4,MW792811.1,B.1.427,2021-03-03,complete,Homo sapiens,29867,4.3.4/1.37.1/v0.1.12/0.3.19/0.6.6
4,MZ283179.1,B.1.427,2021-04-23,complete,Homo sapiens,29899,4.3.4/1.37.1/v0.1.12/0.3.19/0.6.6
4,MW923226.1,B.1.427,2021-02-17,complete,Homo sapiens,29863,4.3.4/1.37.1/v0.1.12/0.3.19/0.6.6
4,MZ622365.1,B.1.427,2020-11-17,complete,Homo sapiens,29903,4.3.4/1.37.1/v0.1.12/0.3.19/0.6.6
4,PP123198.1,B.1.427,2021-01-18,complete,Homo sapiens,29845,4.3.4/1.37.1/v0.1.12/0.3.19/0.6.6
4,PP120035.1,B.1.427,2021-02-02,complete,Homo sapiens,29846,4.3.4/1.37.1/v0.1.12/0.3.19/0.6.6
4,MZ636157.1,B.1.427,2021-01-18,complete,Homo sapiens,29903,4.3.4/1.37.1/v0.1.12/0.3.19/0.6.6
4,OR938912.1,B.1.427,2021-01-07,complete,Homo sapiens,29865,4.3.4/1.37.1/v0.1.12/0.3.19/0.6.6
4,PP121093.1,B.1.427,2021-02-25,complete,Homo sapiens,29847,4.3.4/1.37.1/v0.1.12/0.3.19/0.6.6
4,MW736645.1,B.1.427,2021-01-16,complete,Homo sapiens,29848,4.3.4/1.37.1/v0.1.12/0.3.19/0.6.6
4,OK218295.1,B.1.427,2021-04-05,complete,Homo sapiens,29871,4.3.4/1.37.1/v0.1.12/0.3.19/0.6.6
4,MW838360.2,B.1.427,2021-02-25,complete,Homo sapiens,29864,4.3.4/1.37.1/v0.1.12/0.3.19/0.6.6
4,MW966354.1,B.1.427,2021-03-24,complete,Homo sapiens,29899,4.3.4/1.37.1/v0.1.12/0.3.19/0.6.6
4,OP143083.1,B.1.427,2021-01-03,complete,Homo sapiens,29782,4.3.4/1.37.1/v0.1.12/0.3.19/0.6.6
4,OK188712.1,B.1.427,2021-02-25,complete,Homo sapiens,29867,4.3.4/1.37.1/v0.1.12/0.3.19/0.6.6
4,OL555503.1,B.1.427,2021-09-14,complete,Homo sapiens,29782,4.3.4/1.37.1/v0.1.12/0.3.19/0.6.6
4,MZ192357.1,B.1.427,2021-04-21,complete,Homo sapiens,29836,4.3.4/1.37.1/v0.1.12/0.3.19/0.6.6
4,MW702258.1,B.1.427,2020-12-14,complete,Homo sapiens,29841,4.3.4/1.37.1/v0.1.12/0.3.19/0.6.6
4,MZ061018.1,B.1.427,2021-04-11,complete,Homo sapiens,29824,4.3.4/1.37.1/v0.1.12/0.3.19/0.6.6
4,MW932177.1,B.1.427,2021-03-26,complete,Homo sapiens,29832,4.3.4/1.37.1/v0.1.12/0.3.19/0.6.6
4,OK548033.1,B.1.427,2021-01-03,complete,Homo sapiens,29598,4.3.4/1.37.1/v0.1.12/0.3.19/0.6.6
4,MZ260391.1,B.1.427,2021-03-07,complete,Homo sapiens,29898,4.3.4/1.37.1/v0.1.12/0.3.19/0.6.6
4,PP123002.1,B.1.427,2021-01-12,complete,Homo sapiens,29846,4.3.4/1.37.1/v0.1.12/0.3.19/0.6.6
4,OP143218.1,B.1.427,2021-01-05,complete,Homo sapiens,29782,4.3.4/1.37.1/v0.1.12/0.3.19/0.6.6
4,PP123032.1,B.1.427,2021-01-11,complete,Homo sapiens,29846,4.3.4/1.37.1/v0.1.12/0.3.19/0.6.6
4,MW715148.1,B.1.427,2021-02-16,complete,Homo sapiens,29845,4.3.4/1.37.1/v0.1.12/0.3.19/0.6.6
4,OR939149.1,B.1.427,2021-01-16,complete,Homo sapiens,29898,4.3.4/1.37.1/v0.1.12/0.3.19/0.6.6
4,MZ035275.1,B.1.427,2021-04-05,complete,Homo sapiens,29831,4.3.4/1.37.1/v0.1.12/0.3.19/0.6.6
4,MW700645.1,B.1.427,2021-01-10,complete,Homo sapiens,29804,4.3.4/1.37.1/v0.1.12/0.3.19/0.6.6
4,PP121246.1,B.1.427,2021-01-12,complete,Homo sapiens,29846,4.3.4/1.37.1/v0.1.12/0.3.19/0.6.6
4,MZ471860.1,B.1.427,2021-03-29,complete,Homo sapiens,29806,4.3.4/1.37.1/v0.1.12/0.3.19/0.6.6
4,MZ295142.1,B.1.427,2021-03-29,complete,Homo sapiens,29856,4.3.4/1.37.1/v0.1.12/0.3.19/0.6.6
4,MW967662.1,B.1.427,2021-03-19,complete,Homo sapiens,29886,4.3.4/1.37.1/v0.1.12/0.3.19/0.6.6
4,PP162198.1,B.1.427,2021-02-01,complete,Homo sapiens,29864,4.3.4/1.37.1/v0.1.12/0.3.19/0.6.6
4,MW671710.1,B.1.427,2021-01-31,complete,Homo sapiens,29782,4.3.4/1.37.1/v0.1.12/0.3.19/0.6.6
4,MZ206891.1,B.1.427,2020-12-21,complete,Homo sapiens,29816,4.3.4/1.37.1/v0.1.12/0.3.19/0.6.6
4,OK249244.1,B.1.427,2021-03-21,complete,Homo sapiens,29782,4.3.4/1.37.1/v0.1.12/0.3.19/0.6.6
4,MW988154.1,B.1.427,2021-03-22,complete,Homo sapiens,29812,4.3.4/1.37.1/v0.1.12/0.3.19/0.6.6
4,PP122147.1,B.1.427,2021-01-31,complete,Homo sapiens,29845,4.3.4/1.37.1/v0.1.12/0.3.19/0.6.6
4,PP123165.1,B.1.427,2021-01-19,complete,Homo sapiens,29846,4.3.4/1.37.1/v0.1.12/0.3.19/0.6.6
5,MZ185912.1,B.1.429,2021-04-16,complete,Homo sapiens,29894,4.3.4/1.37.1/v0.1.12/0.3.19/0.6.6
5,MZ500442.1,B.1.429,2021-03-12,complete,Homo sapiens,29824,4.3.4/1.37.1/v0.1.12/0.3.19/0.6.6
5,MZ635657.1,B.1.429,2021-01-26,complete,Homo sapiens,29903,4.3.4/1.37.1/v0.1.12/0.3.19/0.6.6
5,MZ378339.1,B.1.429,2021-03-02,complete,Homo sapiens,29822,4.3.4/1.37.1/v0.1.12/0.3.19/0.6.6
5,MW825802.1,B.1.429,2021-03-10,complete,Homo sapiens,29903,4.3.4/1.37.1/v0.1.12/0.3.19/0.6.6
5,OL844263.1,B.1.429,2020-12-15,complete,Homo sapiens,29801,4.3.4/1.37.1/v0.1.12/0.3.19/0.6.6
5,MZ065171.1,B.1.429,2021-04-12,complete,Homo sapiens,29836,4.3.4/1.37.1/v0.1.12/0.3.19/0.6.6
5,MZ158776.1,B.1.429,2021-03-30,complete,Homo sapiens,29872,4.3.4/1.37.1/v0.1.12/0.3.19/0.6.6
5,OP142971.1,B.1.429,2020-11-07,complete,Homo sapiens,29782,4.3.4/1.37.1/v0.1.12/0.3.19/0.6.6
5,MZ722738.1,B.1.429,2020-12-28,complete,Homo sapiens,29903,4.3.4/1.37.1/v0.1.12/0.3.19/0.6.6
5,OK546899.1,B.1.429,2020-12-14,complete,Homo sapiens,29896,4.3.4/1.37.1/v0.1.12/0.3.19/0.6.6
5,MZ685344.1,B.1.429,2021-05-04,complete,Homo sapiens,29824,4.3.4/1.37.1/v0.1.12/0.3.19/0.6.6
5,MZ635951.1,B.1.429,2021-01-11,complete,Homo sapiens,29903,4.3.4/1.37.1/v0.1.12/0.3.19/0.6.6
5,MZ499708.1,B.1.429,2021-03-29,complete,Homo sapiens,29821,4.3.4/1.37.1/v0.1.12/0.3.19/0.6.6
5,PP123064.1,B.1.429,2021-01-11,complete,Homo sapiens,29846,4.3.4/1.37.1/v0.1.12/0.3.19/0.6.6
5,MZ377692.1,B.1.429,2021-02-10,complete,Homo sapiens,29813,4.3.4/1.37.1/v0.1.12/0.3.19/0.6.6
5,MW837483.1,B.1.429,2021-01-23,complete,Homo sapiens,29904,4.3.4/1.37.1/v0.1.12/0.3.19/0.6.6
5,PP144377.1,B.1.429,2021-02-09,complete,Homo sapiens,29846,4.3.4/1.37.1/v0.1.12/0.3.19/0.6.6
5,MZ779537.1,B.1.429,2021-02-10,complete,Homo sapiens,29867,4.3.4/1.37.1/v0.1.12/0.3.19/0.6.6
5,OM128819.1,B.1.429,2021-02-10,complete,Homo sapiens,29873,4.3.4/1.37.1/v0.1.12/0.3.19/0.6.6
5,PP121386.1,B.1.429,2021-01-18,complete,Homo sapiens,29846,4.3.4/1.37.1/v0.1.12/0.3.19/0.6.6
5,MZ035497.1,B.1.429,2021-04-07,complete,Homo sapiens,29831,4.3.4/1.37.1/v0.1.12/0.3.19/0.6.6
5,MZ635931.1,B.1.429,2021-01-05,complete,Homo sapiens,29903,4.3.4/1.37.1/v0.1.12/0.3.19/0.6.6
5,MZ722285.1,B.1.429,2020-12-06,complete,Homo sapiens,29903,4.3.4/1.37.1/v0.1.12/0.3.19/0.6.6
5,MW851387.1,B.1.429,2021-03-04,complete,Homo sapiens,29869,4.3.4/1.37.1/v0.1.12/0.3.19/0.6.6
5,MW923624.1,B.1.429,2021-02-27,complete,Homo sapiens,29862,4.3.4/1.37.1/v0.1.12/0.3.19/0.6.6
5,MW851090.1,B.1.429,2021-03-03,complete,Homo sapiens,29876,4.3.4/1.37.1/v0.1.12/0.3.19/0.6.6
5,MZ448725.1,B.1.429,2021-05-03,complete,Homo sapiens,29730,4.3.4/1.37.1/v0.1.12/0.3.19/0.6.6
5,OR888160.1,B.1.429,2021-01-28,complete,Homo sapiens,29598,4.3.4/1.37.1/v0.1.12/0.3.19/0.6.6
5,MZ044633.1,B.1.429,2021-03-27,complete,Homo sapiens,29835,4.3.4/1.37.1/v0.1.12/0.3.19/0.6.6
5,MW702995.1,B.1.429,2021-01-19,complete,Homo sapiens,29816,4.3.4/1.37.1/v0.1.12/0.3.19/0.6.6
5,PP121593.1,B.1.429,2021-03-01,complete,Homo sapiens,29846,4.3.4/1.37.1/v0.1.12/0.3.19/0.6.6
5,ON217067.1,B.1.429,2021-01-06,complete,Homo sapiens,29770,4.3.4/1.37.1/v0.1.12/0.3.19/0.6.6
5,MW897662.1,B.1.429,2021-03-23,complete,Homo sapiens,29867,4.3.4/1.37.1/v0.1.12/0.3.19/0.6.6
5,MZ164063.1,B.1.429,2021-04-23,complete,Homo sapiens,29836,4.3.4/1.37.1/v0.1.12/0.3.19/0.6.6
5,PP121420.1,B.1.429,2021-01-20,complete,Homo sapiens,29846,4.3.4/1.37.1/v0.1.12/0.3.19/0.6.6
5,MZ455378.1,B.1.429,2021-05-03,complete,Homo sapiens,29776,4.3.4/1.37.1/v0.1.12/0.3.19/0.6.6
5,MZ240398.1,B.1.429,2021-04-27,complete,Homo sapiens,29892,4.3.4/1.37.1/v0.1.12/0.3.19/0.6.6
5,MZ058362.1,B.1.429,2021-04-06,complete,Homo sapiens,29892,4.3.4/1.37.1/v0.1.12/0.3.19/0.6.6
5,MW778160.1,B.1.429,2021-02-19,complete,Homo sapiens,29894,4.3.4/1.37.1/v0.1.12/0.3.19/0.6.6
5,PV001885.1,B.1.429,2021-02-08,complete,Homo sapiens,29735,4.3.4/1.37.1/v0.1.12/0.3.19/0.6.6
5,PP120736.1,B.1.429,2021-02-10,complete,Homo sapiens,29846,4.3.4/1.37.1/v0.1.12/0.3.19/0.6.6
5,MW902272.1,B.1.429,2021-03-26,complete,Homo sapiens,29714,4.3.4/1.37.1/v0.1.12/0.3.19/0.6.6
5,OK188604.1,B.1.429,2021-02-17,complete,Homo sapiens,29867,4.3.4/1.37.1/v0.1.12/0.3.19/0.6.6
5,ON343313.1,B.1.429,2020-12-14,complete,Homo sapiens,29875,4.3.4/1.37.1/v0.1.12/0.3.19/0.6.6
5,MW702810.1,B.1.429,2021-01-12,complete,Homo sapiens,29854,4.3.4/1.37.1/v0.1.12/0.3.19/0.6.6
5,OR306611.1,B.1.429,2021-04-12,complete,Homo sapiens,29846,4.3.4/1.37.1/v0.1.12/0.3.19/0.6.6
5,PP120409.1,B.1.429,2021-02-24,complete,Homo sapiens,29846,4.3.4/1.37.1/v0.1.12/0.3.19/0.6.6
5,PP162181.1,B.1.429,2021-02-15,complete,Homo sapiens,29849,4.3.4/1.37.1/v0.1.12/0.3.19/0.6.6
5,MW715177.1,B.1.429,2021-02-08,complete,Homo sapiens,29805,4.3.4/1.37.1/v0.1.12/0.3.19/0.6.6
5,MW738481.1,B.1.429,2021-01-12,complete,Homo sapiens,29847,4.3.4/1.37.1/v0.1.12/0.3.19/0.6.6
5,MZ023120.1,B.1.429,2021-03-27,complete,Homo sapiens,29900,4.3.4/1.37.1/v0.1.12/0.3.19/0.6.6
5,MW992832.1,B.1.429,2021-03-21,complete,Homo sapiens,29869,4.3.4/1.37.1/v0.1.12/0.3.19/0.6.6
5,MW671735.1,B.1.429,2021-01-30,complete,Homo sapiens,29782,4.3.4/1.37.1/v0.1.12/0.3.19/0.6.6
5,MW808633.1,B.1.429,2021-03-05,complete,Homo sapiens,29892,4.3.4/1.37.1/v0.1.12/0.3.19/0.6.6
5,MZ028547.1,B.1.429,2021-04-03,complete,Homo sapiens,29782,4.3.4/1.37.1/v0.1.12/0.3.19/0.6.6
5,PP120772.1,B.1.429,2021-02-22,complete,Homo sapiens,29846,4.3.4/1.37.1/v0.1.12/0.3.19/0.6.6
5,MW973106.1,B.1.429,2020-12-28,complete,Homo sapiens,29859,4.3.4/1.37.1/v0.1.12/0.3.19/0.6.6
5,MZ378537.1,B.1.429,2021-03-20,complete,Homo sapiens,29841,4.3.4/1.37.1/v0.1.12/0.3.19/0.6.6
5,MZ039000.1,B.1.429,2021-04-01,complete,Homo sapiens,29714,4.3.4/1.37.1/v0.1.12/0.3.19/0.6.6
5,MW990390.1,B.1.429,2021-03-30,complete,Homo sapiens,29868,4.3.4/1.37.1/v0.1.12/0.3.19/0.6.6
5,PP122321.1,B.1.429,2021-02-10,complete,Homo sapiens,29846,4.3.4/1.37.1/v0.1.12/0.3.19/0.6.6
5,PP141568.1,B.1.429,2021-01-06,complete,Homo sapiens,29845,4.3.4/1.37.1/v0.1.12/0.3.19/0.6.6
5,MZ283409.1,B.1.429,2021-04-20,complete,Homo sapiens,29901,4.3.4/1.37.1/v0.1.12/0.3.19/0.6.6
5,MZ684812.1,B.1.429,2021-05-01,complete,Homo sapiens,29830,4.3.4/1.37.1/v0.1.12/0.3.19/0.6.6
5,ON340151.1,B.1.429,2020-12-11,complete,Homo sapiens,29827,4.3.4/1.37.1/v0.1.12/0.3.19/0.6.6
5,PP123023.1,B.1.429,2021-01-12,complete,Homo sapiens,29846,4.3.4/1.37.1/v0.1.12/0.3.19/0.6.6
5,MZ166628.1,B.1.429,2021-04-05,complete,Homo sapiens,29822,4.3.4/1.37.1/v0.1.12/0.3.19/0.6.6
5,MW565289.1,B.1.429,2020-11-16,complete,Homo sapiens,29816,4.3.4/1.37.1/v0.1.12/0.3.19/0.6.6
5,MW772158.1,B.1.429,2021-02-26,complete,Homo sapiens,29902,4.3.4/1.37.1/v0.1.12/0.3.19/0.6.6
5,ON344322.1,B.1.429,2020-12-10,complete,Homo sapiens,29854,4.3.4/1.37.1/v0.1.12/0.3.19/0.6.6
5,OK547246.1,B.1.429,2020-12-03,complete,Homo sapiens,29598,4.3.4/1.37.1/v0.1.12/0.3.19/0.6.6
5,MW767364.1,B.1.429,2021-02-12,complete,Homo sapiens,29903,4.3.4/1.37.1/v0.1.12/0.3.19/0.6.6
5,PP161931.1,B.1.429,2021-01-27,complete,Homo sapiens,29849,4.3.4/1.37.1/v0.1.12/0.3.19/0.6.6
5,PP606780.1,B.1.429,2021-03-08,complete,Homo sapiens,29747,4.3.4/1.37.1/v0.1.12/0.3.19/0.6.6
5,MZ490078.1,B.1.429,2021-02-12,complete,Homo sapiens,29868,4.3.4/1.37.1/v0.1.12/0.3.19/0.6.6
5,ON343243.1,B.1.429,2020-12-15,complete,Homo sapiens,29852,4.3.4/1.37.1/v0.1.12/0.3.19/0.6.6
5,OR313042.1,B.1.429,2021-01-11,complete,Homo sapiens,29790,4.3.4/1.37.1/v0.1.12/0.3.19/0.6.6
5,PP144403.1,B.1.429,2021-02-09,complete,Homo sapiens,29846,4.3.4/1.37.1/v0.1.12/0.3.19/0.6.6
5,MZ313029.1,B.1.429,2021-02-02,complete,Homo sapiens,29866,4.3.4/1.37.1/v0.1.12/0.3.19/0.6.6
5,MZ622301.1,B.1.429,2020-11-09,complete,Homo sapiens,29903,4.3.4/1.37.1/v0.1.12/0.3.19/0.6.6
5,PP121494.1,B.1.429,2021-02-03,complete,Homo sapiens,29846,4.3.4/1.37.1/v0.1.12/0.3.19/0.6.6
5,PP123438.1,B.1.429,2021-01-06,complete,Homo sapiens,29846,4.3.4/1.37.1/v0.1.12/0.3.19/0.6.6
5,MZ022319.1,B.1.429,2021-03-30,complete,Homo sapiens,29901,4.3.4/1.37.1/v0.1.12/0.3.19/0.6.6
5,OK547391.1,B.1.429,2021-01-11,complete,Homo sapiens,29598,4.3.4/1.37.1/v0.1.12/0.3.19/0.6.6
5,OM128655.1,B.1.429,2021-02-17,complete,Homo sapiens,29872,4.3.4/1.37.1/v0.1.12/0.3.19/0.6.6
5,MZ462602.1,B.1.429,2021-04-01,complete,Homo sapiens,29812,4.3.4/1.37.1/v0.1.12/0.3.19/0.6.6
5,MW702942.1,B.1.429,2020-12-24,complete,Homo sapiens,29859,4.3.4/1.37.1/v0.1.12/0.3.19/0.6.6
5,OK547386.1,B.1.429,2021-01-11,complete,Homo sapiens,29598,4.3.4/1.37.1/v0.1.12/0.3.19/0.6.6
5,MZ684892.1,B.1.429,2021-04-14,complete,Homo sapiens,29821,4.3.4/1.37.1/v0.1.12/0.3.19/0.6.6
5,MZ184900.1,B.1.429,2021-04-29,complete,Homo sapiens,29903,4.3.4/1.37.1/v0.1.12/0.3.19/0.6.6
5,MW974356.1,B.1.429,2021-01-19,complete,Homo sapiens,29820,4.3.4/1.37.1/v0.1.12/0.3.19/0.6.6
5,PP047001.1,B.1.429,2021-02-09,complete,Homo sapiens,29864,4.3.4/1.37.1/v0.1.12/0.3.19/0.6.6
5,MZ635536.1,B.1.429,2021-03-02,complete,Homo sapiens,29903,4.3.4/1.37.1/v0.1.12/0.3.19/0.6.6
5,MW848188.1,B.1.429,2021-03-12,complete,Homo sapiens,29827,4.3.4/1.37.1/v0.1.12/0.3.19/0.6.6
5,OM128955.1,B.1.429,2021-02-25,complete,Homo sapiens,29873,4.3.4/1.37.1/v0.1.12/0.3.19/0.6.6
5,MW994925.1,B.1.429,2021-03-18,complete,Homo sapiens,29891,4.3.4/1.37.1/v0.1.12/0.3.19/0.6.6
5,MZ799099.1,B.1.429,2021-04-15,complete,Homo sapiens,29821,4.3.4/1.37.1/v0.1.12/0.3.19/0.6.6
5,MZ722250.1,B.1.429,2020-12-17,complete,Homo sapiens,29903,4.3.4/1.37.1/v0.1.12/0.3.19/0.6.6
5,OK549601.1,B.1.429,2021-01-12,complete,Homo sapiens,29598,4.3.4/1.37.1/v0.1.12/0.3.19/0.6.6
5,MW825710.1,B.1.429,2021-03-12,complete,Homo sapiens,29782,4.3.4/1.37.1/v0.1.12/0.3.19/0.6.6
5,OL540549.1,B.1.429,2020-12-29,complete,Homo sapiens,29832,4.3.4/1.37.1/v0.1.12/0.3.19/0.6.6
5,MW693998.1,B.1.429,2021-02-12,complete,Homo sapiens,29819,4.3.4/1.37.1/v0.1.12/0.3.19/0.6.6
5,OL891225.1,B.1.429,2021-03-10,complete,Homo sapiens,29782,4.3.4/1.37.1/v0.1.12/0.3.19/0.6.6
5,MZ635784.1,B.1.429,2021-01-05,complete,Homo sapiens,29903,4.3.4/1.37.1/v0.1.12/0.3.19/0.6.6
5,MZ023865.1,B.1.429,2021-04-01,complete,Homo sapiens,29893,4.3.4/1.37.1/v0.1.12/0.3.19/0.6.6
5,MW586478.1,B.1.429,2021-01-21,complete,Homo sapiens,29855,4.3.4/1.37.1/v0.1.12/0.3.19/0.6.6
5,MW808749.1,B.1.429,2021-03-04,complete,Homo sapiens,29903,4.3.4/1.37.1/v0.1.12/0.3.19/0.6.6
5,MW702863.1,B.1.429,2020-12-16,complete,Homo sapiens,29861,4.3.4/1.37.1/v0.1.12/0.3.19/0.6.6
5,MW700479.1,B.1.429,2020-11-07,complete,Homo sapiens,29852,4.3.4/1.37.1/v0.1.12/0.3.19/0.6.6
5,OM485574.1,B.1.429,2021-03-08,complete,Homo sapiens,29886,4.3.4/1.37.1/v0.1.12/0.3.19/0.6.6
5,OR320408.1,B.1.429,2021-03-15,complete,Homo sapiens,29829,4.3.4/1.37.1/v0.1.12/0.3.19/0.6.6
5,MW653507.1,B.1.429,2020-11-30,complete,Homo sapiens,29814,4.3.4/1.37.1/v0.1.12/0.3.19/0.6.6
5,ON344568.1,B.1.429,2020-12-11,complete,Homo sapiens,29868,4.3.4/1.37.1/v0.1.12/0.3.19/0.6.6
5,PP120613.1,B.1.429,2021-02-16,complete,Homo sapiens,29846,4.3.4/1.37.1/v0.1.12/0.3.19/0.6.6
5,ON339750.1,B.1.429,2020-12-11,complete,Homo sapiens,29850,4.3.4/1.37.1/v0.1.12/0.3.19/0.6.6
5,MZ258731.1,B.1.429,2021-03-06,complete,Homo sapiens,29847,4.3.4/1.37.1/v0.1.12/0.3.19/0.6.6
5,MZ636147.1,B.1.429,2021-01-27,complete,Homo sapiens,29903,4.3.4/1.37.1/v0.1.12/0.3.19/0.6.6
5,OL844167.1,B.1.429,2020-12-15,complete,Homo sapiens,29762,4.3.4/1.37.1/v0.1.12/0.3.19/0.6.6
5,MZ541571.1,B.1.429,2021-04-13,complete,Homo sapiens,29823,4.3.4/1.37.1/v0.1.12/0.3.19/0.6.6
5,MZ165757.1,B.1.429,2021-03,complete,Homo sapiens,29817,4.3.4/1.37.1/v0.1.12/0.3.19/0.6.6
5,OL844735.1,B.1.429,2020-12-14,complete,Homo sapiens,29798,4.3.4/1.37.1/v0.1.12/0.3.19/0.6.6
5,MZ090075.1,B.1.429,2021-04-11,complete,Homo sapiens,29726,4.3.4/1.37.1/v0.1.12/0.3.19/0.6.6
5,MW702143.1,B.1.429,2020-12-21,complete,Homo sapiens,29816,4.3.4/1.37.1/v0.1.12/0.3.19/0.6.6
5,ON344783.1,B.1.429,2020-12-11,complete,Homo sapiens,29869,4.3.4/1.37.1/v0.1.12/0.3.19/0.6.6
5,MZ636259.1,B.1.429,2021-02-28,complete,Homo sapiens,29903,4.3.4/1.37.1/v0.1.12/0.3.19/0.6.6
5,MZ213738.1,B.1.429,2021-04-13,complete,Homo sapiens,29888,4.3.4/1.37.1/v0.1.12/0.3.19/0.6.6
5,MW848105.1,B.1.429,2021-02-24,complete,Homo sapiens,29829,4.3.4/1.37.1/v0.1.12/0.3.19/0.6.6
5,PP122774.1,B.1.429,2021-01-22,complete,Homo sapiens,29846,4.3.4/1.37.1/v0.1.12/0.3.19/0.6.6
5,PP120891.1,B.1.429,2021-02-10,complete,Homo sapiens,29846,4.3.4/1.37.1/v0.1.12/0.3.19/0.6.6
5,MW900213.1,B.1.429,2021-04-03,complete,Homo sapiens,29900,4.3.4/1.37.1/v0.1.12/0.3.19/0.6.6
5,MZ166703.1,B.1.429,2021-04-02,complete,Homo sapiens,29831,4.3.4/1.37.1/v0.1.12/0.3.19/0.6.6
5,OK188406.1,B.1.429,2021-02-15,complete,Homo sapiens,29867,4.3.4/1.37.1/v0.1.12/0.3.19/0.6.6
5,MZ499922.1,B.1.429,2021-03-12,complete,Homo sapiens,29783,4.3.4/1.37.1/v0.1.12/0.3.19/0.6.6
5,MW870059.1,B.1.429,2021-03-10,complete,Homo sapiens,29738,4.3.4/1.37.1/v0.1.12/0.3.19/0.6.6
5,MW887990.1,B.1.429,2021-03-17,complete,Homo sapiens,29867,4.3.4/1.37.1/v0.1.12/0.3.19/0.6.6
5,MW709012.1,B.1.429,2021-01-28,complete,Homo sapiens,29867,4.3.4/1.37.1/v0.1.12/0.3.19/0.6.6
5,OK657658.1,B.1.429,2020-12-14,complete,Homo sapiens,29827,4.3.4/1.37.1/v0.1.12/0.3.19/0.6.6
5,MZ316480.1,B.1.429,2021-05-12,complete,Homo sapiens,29861,4.3.4/1.37.1/v0.1.12/0.3.19/0.6.6
5,OK188581.1,B.1.429,2021-02-25,complete,Homo sapiens,29868,4.3.4/1.37.1/v0.1.12/0.3.19/0.6.6
5,PP122829.1,B.1.429,2021-01-18,complete,Homo sapiens,29846,4.3.4/1.37.1/v0.1.12/0.3.19/0.6.6
5,ON316569.1,B.1.429,2021-01-18,complete,Homo sapiens,29849,4.3.4/1.37.1/v0.1.12/0.3.19/0.6.6
5,MW837367.1,B.1.429,2021-02-24,complete,Homo sapiens,29904,4.3.4/1.37.1/v0.1.12/0.3.19/0.6.6
5,OQ757992.1,B.1.429,2021-04-16,complete,Homo sapiens,29700,4.3.4/1.37.1/v0.1.12/0.3.19/0.6.6
5,MW731216.1,B.1.429,2021-02-07,complete,Homo sapiens,29867,4.3.4/1.37.1/v0.1.12/0.3.19/0.6.6
5,PP162197.1,B.1.429,2021-03-06,complete,Homo sapiens,29901,4.3.4/1.37.1/v0.1.12/0.3.19/0.6.6
5,OK657686.1,B.1.429,2020-12-14,complete,Homo sapiens,29849,4.3.4/1.37.1/v0.1.12/0.3.19/0.6.6
5,MW932204.1,B.1.429,2021-03-29,complete,Homo sapiens,29831,4.3.4/1.37.1/v0.1.12/0.3.19/0.6.6
5,MW904318.1,B.1.429,2021-03-17,complete,Homo sapiens,29831,4.3.4/1.37.1/v0.1.12/0.3.19/0.6.6
5,PP606276.1,B.1.429,2021-03-02,complete,Homo sapiens,29743,4.3.4/1.37.1/v0.1.12/0.3.19/0.6.6
5,PP123162.1,B.1.429,2021-01-19,complete,Homo sapiens,29857,4.3.4/1.37.1/v0.1.12/0.3.19/0.6.6
5,OK650140.1,B.1.429,2020-12-01,complete,Homo sapiens,29796,4.3.4/1.37.1/v0.1.12/0.3.19/0.6.6
5,MW778131.1,B.1.429,2021-02-18,complete,Homo sapiens,29903,4.3.4/1.37.1/v0.1.12/0.3.19/0.6.6
5,MZ195324.1,B.1.429,2021-04-23,complete,Homo sapiens,29903,4.3.4/1.37.1/v0.1.12/0.3.19/0.6.6
5,MZ082551.1,B.1.429,2021-04-02,complete,Homo sapiens,29867,4.3.4/1.37.1/v0.1.12/0.3.19/0.6.6
5,MW739562.1,B.1.429,2021-01-16,complete,Homo sapiens,29823,4.3.4/1.37.1/v0.1.12/0.3.19/0.6.6
5,MZ072839.1,B.1.429,2021-04-16,complete,Homo sapiens,29714,4.3.4/1.37.1/v0.1.12/0.3.19/0.6.6
5,PP064895.1,B.1.429,2021-02-25,complete,Homo sapiens,29714,4.3.4/1.37.1/v0.1.12/0.3.19/0.6.6
5,MZ166814.1,B.1.429,2021-04-05,complete,Homo sapiens,29825,4.3.4/1.37.1/v0.1.12/0.3.19/0.6.6
5,MZ100716.1,B.1.429,2021-04-14,complete,Homo sapiens,29829,4.3.4/1.37.1/v0.1.12/0.3.19/0.6.6
5,OR611310.1,B.1.429,2021,complete,Homo sapiens,29743,4.3.4/1.37.1/v0.1.12/0.3.19/0.6.6
5,MW684658.1,B.1.429,2021-01-22,complete,Homo sapiens,29819,4.3.4/1.37.1/v0.1.12/0.3.19/0.6.6
5,OK218882.1,B.1.429,2021-04-03,complete,Homo sapiens,29863,4.3.4/1.37.1/v0.1.12/0.3.19/0.6.6
5,ON217069.1,B.1.429,2021-01-07,complete,Homo sapiens,29772,4.3.4/1.37.1/v0.1.12/0.3.19/0.6.6
5,MW693607.1,B.1.429,2021-02-09,complete,Homo sapiens,29829,4.3.4/1.37.1/v0.1.12/0.3.19/0.6.6
5,MW424867.1,B.1.429,2020-12-20,complete,Homo sapiens,29843,4.3.4/1.37.1/v0.1.12/0.3.19/0.6.6
5,PP123673.1,B.1.429,2021-02-04,complete,Homo sapiens,29846,4.3.4/1.37.1/v0.1.12/0.3.19/0.6.6
5,MZ011149.1,B.1.429,2021-03-31,complete,Homo sapiens,29883,4.3.4/1.37.1/v0.1.12/0.3.19/0.6.6
5,OR301147.1,B.1.429,2021-03-14,complete,Homo sapiens,29824,4.3.4/1.37.1/v0.1.12/0.3.19/0.6.6
5,MZ635868.1,B.1.429,2021-01-31,complete,Homo sapiens,29903,4.3.4/1.37.1/v0.1.12/0.3.19/0.6.6
5,MZ013785.1,B.1.429,2021-04-01,complete,Homo sapiens,29901,4.3.4/1.37.1/v0.1.12/0.3.19/0.6.6
5,MW586762.1,B.1.429,2021-01-14,complete,Homo sapiens,29782,4.3.4/1.37.1/v0.1.12/0.3.19/0.6.6
5,MZ029287.1,B.1.429,2021-04-02,complete,Homo sapiens,29860,4.3.4/1.37.1/v0.1.12/0.3.19/0.6.6
5,MW989918.1,B.1.429,2021-03-06,complete,Homo sapiens,29867,4.3.4/1.37.1/v0.1.12/0.3.19/0.6.6
5,MW902997.1,B.1.429,2021-03-10,complete,Homo sapiens,29715,4.3.4/1.37.1/v0.1.12/0.3.19/0.6.6
5,MZ622681.1,B.1.429,2020-12-15,complete,Homo sapiens,29903,4.3.4/1.37.1/v0.1.12/0.3.19/0.6.6
5,MZ557490.1,B.1.429,2021-02-24,complete,Homo sapiens,29761,4.3.4/1.37.1/v0.1.12/0.3.19/0.6.6
5,OM434265.1,B.1.429,2021-03-23,complete,Homo sapiens,29889,4.3.4/1.37.1/v0.1.12/0.3.19/0.6.6
5,ON339847.1,B.1.429,2020-12-11,complete,Homo sapiens,29852,4.3.4/1.37.1/v0.1.12/0.3.19/0.6.6
5,OK548042.1,B.1.429,2021-01-04,complete,Homo sapiens,29598,4.3.4/1.37.1/v0.1.12/0.3.19/0.6.6
5,MZ257902.1,B.1.429,2021-03-21,complete,Homo sapiens,29899,4.3.4/1.37.1/v0.1.12/0.3.19/0.6.6
5,MZ143866.1,B.1.429,2021-04-06,complete,Homo sapiens,29837,4.3.4/1.37.1/v0.1.12/0.3.19/0.6.6
5,ON344667.1,B.1.429,2020-12-10,complete,Homo sapiens,29869,4.3.4/1.37.1/v0.1.12/0.3.19/0.6.6
5,MW778448.1,B.1.429,2021-02-22,complete,Homo sapiens,29902,4.3.4/1.37.1/v0.1.12/0.3.19/0.6.6
5,MZ455660.1,B.1.429,2021-04-16,complete,Homo sapiens,29776,4.3.4/1.37.1/v0.1.12/0.3.19/0.6.6
5,MZ500814.1,B.1.429,2021-03-17,complete,Homo sapiens,29851,4.3.4/1.37.1/v0.1.12/0.3.19/0.6.6
5,OQ150962.1,B.1.429,2021-04-13,complete,Homo sapiens,29714,4.3.4/1.37.1/v0.1.12/0.3.19/0.6.6
5,MZ635989.1,B.1.429,2021-01-23,complete,Homo sapiens,29903,4.3.4/1.37.1/v0.1.12/0.3.19/0.6.6
5,ON344501.1,B.1.429,2020-12-11,complete,Homo sapiens,29873,4.3.4/1.37.1/v0.1.12/0.3.19/0.6.6
5,MZ259090.1,B.1.429,2021-03-03,complete,Homo sapiens,29871,4.3.4/1.37.1/v0.1.12/0.3.19/0.6.6
5,MW813066.1,B.1.429,2021-03-03,complete,Homo sapiens,29714,4.3.4/1.37.1/v0.1.12/0.3.19/0.6.6
5,OR319033.1,B.1.429,2021-03-16,complete,Homo sapiens,29866,4.3.4/1.37.1/v0.1.12/0.3.19/0.6.6
5,MW851033.1,B.1.429,2021-03-02,complete,Homo sapiens,29869,4.3.4/1.37.1/v0.1.12/0.3.19/0.6.6
5,PP161744.1,B.1.429,2021-02-17,complete,Homo sapiens,29849,4.3.4/1.37.1/v0.1.12/0.3.19/0.6.6
5,MW796687.1,B.1.429,2021-02-18,complete,Homo sapiens,29805,4.3.4/1.37.1/v0.1.12/0.3.19/0.6.6
5,MZ378447.1,B.1.429,2021-01-19,complete,Homo sapiens,29818,4.3.4/1.37.1/v0.1.12/0.3.19/0.6.6
5,MW848279.1,B.1.429,2021-03-14,complete,Homo sapiens,29829,4.3.4/1.37.1/v0.1.12/0.3.19/0.6.6
5,MZ498004.1,B.1.429,2021-03-19,complete,Homo sapiens,29826,4.3.4/1.37.1/v0.1.12/0.3.19/0.6.6
5,MZ666561.1,B.1.429,2021-02-18,complete,Homo sapiens,29849,4.3.4/1.37.1/v0.1.12/0.3.19/0.6.6
5,ON344556.1,B.1.429,2020-12-10,complete,Homo sapiens,29827,4.3.4/1.37.1/v0.1.12/0.3.19/0.6.6
5,MZ684190.1,B.1.429,2021-04-19,complete,Homo sapiens,29830,4.3.4/1.37.1/v0.1.12/0.3.19/0.6.6
5,MZ685048.1,B.1.429,2021-05-12,complete,Homo sapiens,29822,4.3.4/1.37.1/v0.1.12/0.3.19/0.6.6
5,OR888168.1,B.1.429,2021-01-28,complete,Homo sapiens,29598,4.3.4/1.37.1/v0.1.12/0.3.19/0.6.6
5,ON344102.1,B.1.429,2020-12-10,complete,Homo sapiens,29827,4.3.4/1.37.1/v0.1.12/0.3.19/0.6.6
5,OL848846.1,B.1.429,2021-03-04,complete,Homo sapiens,29873,4.3.4/1.37.1/v0.1.12/0.3.19/0.6.6
5,MW870017.1,B.1.429,2021-03-05,complete,Homo sapiens,29708,4.3.4/1.37.1/v0.1.12/0.3.19/0.6.6
5,ON344276.1,B.1.429,2020-12-11,complete,Homo sapiens,29836,4.3.4/1.37.1/v0.1.12/0.3.19/0.6.6
5,OM109619.1,B.1.429,2021-03-04,complete,Homo sapiens,29873,4.3.4/1.37.1/v0.1.12/0.3.19/0.6.6
5,PP120495.1,B.1.429,2021-02-26,complete,Homo sapiens,29845,4.3.4/1.37.1/v0.1.12/0.3.19/0.6.6
5,PP120383.1,B.1.429,2021-02-25,complete,Homo sapiens,29845,4.3.4/1.37.1/v0.1.12/0.3.19/0.6.6
5,MZ058472.1,B.1.429,2021-04-08,complete,Homo sapiens,29883,4.3.4/1.37.1/v0.1.12/0.3.19/0.6.6
5,MZ722561.1,B.1.429,2020-12-28,complete,Homo sapiens,29903,4.3.4/1.37.1/v0.1.12/0.3.19/0.6.6
5,MZ260372.1,B.1.429,2021-03-07,complete,Homo sapiens,29894,4.3.4/1.37.1/v0.1.12/0.3.19/0.6.6
5,MW771722.1,B.1.429,2021-02-27,complete,Homo sapiens,29895,4.3.4/1.37.1/v0.1.12/0.3.19/0.6.6
5,PP119642.1,B.1.429,2021-01-31,complete,Homo sapiens,29848,4.3.4/1.37.1/v0.1.12/0.3.19/0.6.6
5,OQ756751.1,B.1.429,2021-01-26,complete,Homo sapiens,29782,4.3.4/1.37.1/v0.1.12/0.3.19/0.6.6
5,MW636981.1,B.1.429,2021-01-15,complete,Homo sapiens,29714,4.3.4/1.37.1/v0.1.12/0.3.19/0.6.6
5,PP120372.1,B.1.429,2021-02-06,complete,Homo sapiens,29845,4.3.4/1.37.1/v0.1.12/0.3.19/0.6.6
5,OL848477.1,B.1.429,2021-03-22,complete,Homo sapiens,29876,4.3.4/1.37.1/v0.1.12/0.3.19/0.6.6
5,MW565018.1,B.1.429,2020-11-23,complete,Homo sapiens,29852,4.3.4/1.37.1/v0.1.12/0.3.19/0.6.6
5,MZ006716.1,B.1.429,2021-04-01,complete,Homo sapiens,29832,4.3.4/1.37.1/v0.1.12/0.3.19/0.6.6
5,OM128982.1,B.1.429,2021-02-09,complete,Homo sapiens,29891,4.3.4/1.37.1/v0.1.12/0.3.19/0.6.6
5,OL365649.1,B.1.429,2020-11-16,complete,Homo sapiens,29834,4.3.4/1.37.1/v0.1.12/0.3.19/0.6.6
5,OK547050.1,B.1.429,2020-12-09,complete,Homo sapiens,29598,4.3.4/1.37.1/v0.1.12/0.3.19/0.6.6
5,MW485277.1,B.1.429,2020-12-28,complete,Homo sapiens,29824,4.3.4/1.37.1/v0.1.12/0.3.19/0.6.6
5,PP162101.1,B.1.429,2021-02-24,complete,Homo sapiens,29849,4.3.4/1.37.1/v0.1.12/0.3.19/0.6.6
5,MZ084168.1,B.1.429,2021-04-05,complete,Homo sapiens,29887,4.3.4/1.37.1/v0.1.12/0.3.19/0.6.6
5,PP120706.1,B.1.429,2021-02-15,complete,Homo sapiens,29846,4.3.4/1.37.1/v0.1.12/0.3.19/0.6.6
5,MZ086096.1,B.1.429,2021-04-16,complete,Homo sapiens,29886,4.3.4/1.37.1/v0.1.12/0.3.19/0.6.6
5,MZ024134.1,B.1.429,2021-03-31,complete,Homo sapiens,29890,4.3.4/1.37.1/v0.1.12/0.3.19/0.6.6
5,MZ212350.1,B.1.429,2021-04-11,complete,Homo sapiens,29891,4.3.4/1.37.1/v0.1.12/0.3.19/0.6.6
5,PP122245.1,B.1.429,2021-02-02,complete,Homo sapiens,29846,4.3.4/1.37.1/v0.1.12/0.3.19/0.6.6
5,OL540786.1,B.1.429,2021-01-05,complete,Homo sapiens,29809,4.3.4/1.37.1/v0.1.12/0.3.19/0.6.6
5,MW838418.2,B.1.429,2020-12-30,complete,Homo sapiens,29867,4.3.4/1.37.1/v0.1.12/0.3.19/0.6.6
5,PP120902.1,B.1.429,2021-02-10,complete,Homo sapiens,29847,4.3.4/1.37.1/v0.1.12/0.3.19/0.6.6
5,PP122282.1,B.1.429,2021-02-10,complete,Homo sapiens,29845,4.3.4/1.37.1/v0.1.12/0.3.19/0.6.6
5,MZ470842.1,B.1.429,2021-01-24,complete,Homo sapiens,29785,4.3.4/1.37.1/v0.1.12/0.3.19/0.6.6
5,MZ192686.1,B.1.429,2021-05-01,complete,Homo sapiens,29823,4.3.4/1.37.1/v0.1.12/0.3.19/0.6.6
5,MW838411.2,B.1.429,2021-01-06,complete,Homo sapiens,29865,4.3.4/1.37.1/v0.1.12/0.3.19/0.6.6
5,PP123221.1,B.1.429,2021-01-18,complete,Homo sapiens,29845,4.3.4/1.37.1/v0.1.12/0.3.19/0.6.6
5,MW931372.1,B.1.429,2021-03-28,complete,Homo sapiens,29830,4.3.4/1.37.1/v0.1.12/0.3.19/0.6.6
5,ON343445.1,B.1.429,2020-12-15,complete,Homo sapiens,29872,4.3.4/1.37.1/v0.1.12/0.3.19/0.6.6
5,MZ500434.1,B.1.429,2021-03-09,complete,Homo sapiens,29848,4.3.4/1.37.1/v0.1.12/0.3.19/0.6.6
5,PQ617802.1,B.1.429,2022-03-22,complete,Homo sapiens,29778,4.3.4/1.37.1/v0.1.12/0.3.19/0.6.6
5,OK439429.1,B.1.429,2021-01-30,complete,Homo sapiens,29881,4.3.4/1.37.1/v0.1.12/0.3.19/0.6.6
5,OK548433.1,B.1.429,2021-01-14,complete,Homo sapiens,29598,4.3.4/1.37.1/v0.1.12/0.3.19/0.6.6
5,MZ259405.1,B.1.429,2021-03-12,complete,Homo sapiens,29889,4.3.4/1.37.1/v0.1.12/0.3.19/0.6.6
5,MZ154155.1,B.1.429,2021-04-18,complete,Homo sapiens,29831,4.3.4/1.37.1/v0.1.12/0.3.19/0.6.6
5,MZ013311.1,B.1.429,2021-04-01,complete,Homo sapiens,29869,4.3.4/1.37.1/v0.1.12/0.3.19/0.6.6
5,MW870088.1,B.1.429,2021-03-11,complete,Homo sapiens,29714,4.3.4/1.37.1/v0.1.12/0.3.19/0.6.6
5,MZ475450.1,B.1.429,2021-01-12,complete,Homo sapiens,29780,4.3.4/1.37.1/v0.1.12/0.3.19/0.6.6
5,MZ635882.1,B.1.429,2021-01-26,complete,Homo sapiens,29903,4.3.4/1.37.1/v0.1.12/0.3.19/0.6.6
5,MZ167166.1,B.1.429,2021-04-07,complete,Homo sapiens,29836,4.3.4/1.37.1/v0.1.12/0.3.19/0.6.6
5,PP700909.1,B.1.429,2021-04-07,complete,Homo sapiens,29822,4.3.4/1.37.1/v0.1.12/0.3.19/0.6.6
5,MZ636300.1,B.1.429,2021-01-28,complete,Homo sapiens,29903,4.3.4/1.37.1/v0.1.12/0.3.19/0.6.6
5,MZ009747.1,B.1.429,2021-04-01,complete,Homo sapiens,29831,4.3.4/1.37.1/v0.1.12/0.3.19/0.6.6
5,PP120855.1,B.1.429,2021-01-25,complete,Homo sapiens,29846,4.3.4/1.37.1/v0.1.12/0.3.19/0.6.6
5,MZ192340.1,B.1.429,2021-04-21,complete,Homo sapiens,29835,4.3.4/1.37.1/v0.1.12/0.3.19/0.6.6
5,OK219147.1,B.1.429,2021-03-30,complete,Homo sapiens,29881,4.3.4/1.37.1/v0.1.12/0.3.19/0.6.6
5,ON344791.1,B.1.429,2020-12-11,complete,Homo sapiens,29859,4.3.4/1.37.1/v0.1.12/0.3.19/0.6.6
5,OK547657.1,B.1.429,2020-12-04,complete,Homo sapiens,29598,4.3.4/1.37.1/v0.1.12/0.3.19/0.6.6
5,OK548419.1,B.1.429,2021-01-14,complete,Homo sapiens,29598,4.3.4/1.37.1/v0.1.12/0.3.19/0.6.6
5,MW922899.1,B.1.429,2021-01-17,complete,Homo sapiens,29837,4.3.4/1.37.1/v0.1.12/0.3.19/0.6.6
5,PP120181.1,B.1.429,2021-01-28,complete,Homo sapiens,29846,4.3.4/1.37.1/v0.1.12/0.3.19/0.6.6
5,MW921809.1,B.1.429,2021-03-10,complete,Homo sapiens,29815,4.3.4/1.37.1/v0.1.12/0.3.19/0.6.6
5,MW739686.1,B.1.429,2021-02-16,complete,Homo sapiens,29841,4.3.4/1.37.1/v0.1.12/0.3.19/0.6.6
5,MZ024984.1,B.1.429,2021-04-02,complete,Homo sapiens,29901,4.3.4/1.37.1/v0.1.12/0.3.19/0.6.6
5,MZ927255.1,B.1.429,2021-04-28,complete,Homo sapiens,29838,4.3.4/1.37.1/v0.1.12/0.3.19/0.6.6
5,MW972648.1,B.1.429,2021-01-28,complete,Homo sapiens,29782,4.3.4/1.37.1/v0.1.12/0.3.19/0.6.6
5,MW702864.1,B.1.429,2020-12-16,complete,Homo sapiens,29859,4.3.4/1.37.1/v0.1.12/0.3.19/0.6.6
5,PP123464.1,B.1.429,2021-01-07,complete,Homo sapiens,29849,4.3.4/1.37.1/v0.1.12/0.3.19/0.6.6
5,ON776201.1,B.1.429,2021-03-22,complete,Homo sapiens,29874,4.3.4/1.37.1/v0.1.12/0.3.19/0.6.6
5,PP161822.1,B.1.429,2021-02-21,complete,Homo sapiens,29849,4.3.4/1.37.1/v0.1.12/0.3.19/0.6.6
5,OL844176.1,B.1.429,2020-12-15,complete,Homo sapiens,29831,4.3.4/1.37.1/v0.1.12/0.3.19/0.6.6
5,MZ718179.1,B.1.429,2021-03-19,complete,Homo sapiens,29864,4.3.4/1.37.1/v0.1.12/0.3.19/0.6.6
5,OK147485.1,B.1.429,2021,complete,Homo sapiens,29768,4.3.4/1.37.1/v0.1.12/0.3.19/0.6.6
5,MZ168539.1,B.1.429,2021-04-13,complete,Homo sapiens,29820,4.3.4/1.37.1/v0.1.12/0.3.19/0.6.6
5,MW485889.1,B.1.429,2021-01-07,complete,Homo sapiens,29824,4.3.4/1.37.1/v0.1.12/0.3.19/0.6.6
5,MZ278467.1,B.1.429,2021-05-05,complete,Homo sapiens,29846,4.3.4/1.37.1/v0.1.12/0.3.19/0.6.6
5,PP122223.1,B.1.429,2021-02-03,complete,Homo sapiens,29845,4.3.4/1.37.1/v0.1.12/0.3.19/0.6.6
5,MZ489954.1,B.1.429,2021-01-21,complete,Homo sapiens,29891,4.3.4/1.37.1/v0.1.12/0.3.19/0.6.6
5,MZ283918.1,B.1.429,2021-04-22,complete,Homo sapiens,29898,4.3.4/1.37.1/v0.1.12/0.3.19/0.6.6
5,MW850990.1,B.1.429,2021-02-26,complete,Homo sapiens,29903,4.3.4/1.37.1/v0.1.12/0.3.19/0.6.6
5,MZ474037.1,B.1.429,2021-01-21,complete,Homo sapiens,29759,4.3.4/1.37.1/v0.1.12/0.3.19/0.6.6
5,OL540765.1,B.1.429,2021-01-05,complete,Homo sapiens,29833,4.3.4/1.37.1/v0.1.12/0.3.19/0.6.6
5,MZ266994.1,B.1.429,2021-04-03,complete,Homo sapiens,29806,4.3.4/1.37.1/v0.1.12/0.3.19/0.6.6
5,OL844088.1,B.1.429,2020-12-03,complete,Homo sapiens,29836,4.3.4/1.37.1/v0.1.12/0.3.19/0.6.6
5,MZ083786.1,B.1.429,2021-04-01,complete,Homo sapiens,29901,4.3.4/1.37.1/v0.1.12/0.3.19/0.6.6
5,MW771728.1,B.1.429,2021-02-26,complete,Homo sapiens,29903,4.3.4/1.37.1/v0.1.12/0.3.19/0.6.6
5,MZ083631.1,B.1.429,2021-04-01,complete,Homo sapiens,29901,4.3.4/1.37.1/v0.1.12/0.3.19/0.6.6
5,MW973345.1,B.1.429,2021-01-04,complete,Homo sapiens,29817,4.3.4/1.37.1/v0.1.12/0.3.19/0.6.6
5,MZ164627.1,B.1.429,2021-04-15,complete,Homo sapiens,29867,4.3.4/1.37.1/v0.1.12/0.3.19/0.6.6
5,MZ471732.1,B.1.429,2021-01-16,complete,Homo sapiens,29796,4.3.4/1.37.1/v0.1.12/0.3.19/0.6.6
5,PP046897.1,B.1.429,2021-01-22,complete,Homo sapiens,29849,4.3.4/1.37.1/v0.1.12/0.3.19/0.6.6
5,MZ246511.1,B.1.429,2021-03-20,complete,Homo sapiens,29854,4.3.4/1.37.1/v0.1.12/0.3.19/0.6.6
5,MW778616.1,B.1.429,2021-02-20,complete,Homo sapiens,29903,4.3.4/1.37.1/v0.1.12/0.3.19/0.6.6
5,OK653318.1,B.1.429,2020-12-14,complete,Homo sapiens,29861,4.3.4/1.37.1/v0.1.12/0.3.19/0.6.6
5,PP120015.1,B.1.429,2021-03-11,complete,Homo sapiens,29859,4.3.4/1.37.1/v0.1.12/0.3.19/0.6.6
5,MW922936.1,B.1.429,2021-01-16,complete,Homo sapiens,29807,4.3.4/1.37.1/v0.1.12/0.3.19/0.6.6
5,MZ497997.1,B.1.429,2021-03-18,complete,Homo sapiens,29821,4.3.4/1.37.1/v0.1.12/0.3.19/0.6.6
5,ON344279.1,B.1.429,2020-12-10,complete,Homo sapiens,29857,4.3.4/1.37.1/v0.1.12/0.3.19/0.6.6
5,OL615819.1,B.1.429,2021-01-26,complete,Homo sapiens,29826,4.3.4/1.37.1/v0.1.12/0.3.19/0.6.6
5,MW643769.1,B.1.429,2021-02-01,complete,Homo sapiens,29714,4.3.4/1.37.1/v0.1.12/0.3.19/0.6.6
5,MW777250.1,B.1.429,2021-02-12,complete,Homo sapiens,29888,4.3.4/1.37.1/v0.1.12/0.3.19/0.6.6
5,MW693993.1,B.1.429,2021-02-11,complete,Homo sapiens,29824,4.3.4/1.37.1/v0.1.12/0.3.19/0.6.6
5,OR298826.1,B.1.429,2021-04-14,complete,Homo sapiens,29814,4.3.4/1.37.1/v0.1.12/0.3.19/0.6.6
5,MZ635670.1,B.1.429,2021-01-25,complete,Homo sapiens,29903,4.3.4/1.37.1/v0.1.12/0.3.19/0.6.6
5,MW519725.1,B.1.429,2021-01-05,complete,Homo sapiens,29864,4.3.4/1.37.1/v0.1.12/0.3.19/0.6.6
5,MW792838.1,B.1.429,2021-02-22,complete,Homo sapiens,29872,4.3.4/1.37.1/v0.1.12/0.3.19/0.6.6
5,MZ242260.1,B.1.429,2021-01-20,complete,Homo sapiens,29803,4.3.4/1.37.1/v0.1.12/0.3.19/0.6.6
5,OM109331.1,B.1.429,2021-03-22,complete,Homo sapiens,29882,4.3.4/1.37.1/v0.1.12/0.3.19/0.6.6
5,MW855701.1,B.1.429,2021-03-13,complete,Homo sapiens,29836,4.3.4/1.37.1/v0.1.12/0.3.19/0.6.6
5,MZ009127.1,B.1.429,2021-04-03,complete,Homo sapiens,29832,4.3.4/1.37.1/v0.1.12/0.3.19/0.6.6
5,PP120246.1,B.1.429,2021-02-02,complete,Homo sapiens,29853,4.3.4/1.37.1/v0.1.12/0.3.19/0.6.6
5,PP122952.1,B.1.429,2021-01-12,complete,Homo sapiens,29846,4.3.4/1.37.1/v0.1.12/0.3.19/0.6.6
5,MZ028548.1,B.1.429,2021-04-12,complete,Homo sapiens,29782,4.3.4/1.37.1/v0.1.12/0.3.19/0.6.6
5,MZ462708.1,B.1.429,2021-04-01,complete,Homo sapiens,29815,4.3.4/1.37.1/v0.1.12/0.3.19/0.6.6
5,PP119510.1,B.1.429,2021-01-24,complete,Homo sapiens,29845,4.3.4/1.37.1/v0.1.12/0.3.19/0.6.6
5,PP141355.1,B.1.429,2021-03-26,complete,Homo sapiens,29846,4.3.4/1.37.1/v0.1.12/0.3.19/0.6.6
5,MW816945.1,B.1.429,2021-03-15,complete,Homo sapiens,29782,4.3.4/1.37.1/v0.1.12/0.3.19/0.6.6
5,MZ000297.1,B.1.429,2021-03-25,complete,Homo sapiens,29714,4.3.4/1.37.1/v0.1.12/0.3.19/0.6.6
5,MW851645.1,B.1.429,2021-03-08,complete,Homo sapiens,29866,4.3.4/1.37.1/v0.1.12/0.3.19/0.6.6
5,MW915987.1,B.1.429,2021-03-18,complete,Homo sapiens,29816,4.3.4/1.37.1/v0.1.12/0.3.19/0.6.6
5,MZ210863.1,B.1.429,2021-04-09,complete,Homo sapiens,29869,4.3.4/1.37.1/v0.1.12/0.3.19/0.6.6
5,MW674253.1,B.1.429,2021-02-12,complete,Homo sapiens,29818,4.3.4/1.37.1/v0.1.12/0.3.19/0.6.6
5,MZ497625.1,B.1.429,2021-04-07,complete,Homo sapiens,29799,4.3.4/1.37.1/v0.1.12/0.3.19/0.6.6
5,MZ045172.1,B.1.429,2021-04-05,complete,Homo sapiens,29776,4.3.4/1.37.1/v0.1.12/0.3.19/0.6.6
5,MW966634.1,B.1.429,2021-03-16,complete,Homo sapiens,29878,4.3.4/1.37.1/v0.1.12/0.3.19/0.6.6
5,OL474174.1,B.1.429,2021-02-06,complete,Homo sapiens,29721,4.3.4/1.37.1/v0.1.12/0.3.19/0.6.6
5,ON344190.1,B.1.429,2020-12-10,complete,Homo sapiens,29850,4.3.4/1.37.1/v0.1.12/0.3.19/0.6.6
5,ON339696.1,B.1.429,2020-12-12,complete,Homo sapiens,29874,4.3.4/1.37.1/v0.1.12/0.3.19/0.6.6
5,MZ278890.1,B.1.429,2021-05-03,complete,Homo sapiens,29828,4.3.4/1.37.1/v0.1.12/0.3.19/0.6.6
5,MW693818.1,B.1.429,2021-02-11,complete,Homo sapiens,29810,4.3.4/1.37.1/v0.1.12/0.3.19/0.6.6
5,MW631906.1,B.1.429,2021-02-08,complete,Homo sapiens,29844,4.3.4/1.37.1/v0.1.12/0.3.19/0.6.6
5,OK653985.1,B.1.429,2020-12-17,complete,Homo sapiens,29827,4.3.4/1.37.1/v0.1.12/0.3.19/0.6.6
5,PP120810.1,B.1.429,2021-01-08,complete,Homo sapiens,29846,4.3.4/1.37.1/v0.1.12/0.3.19/0.6.6
5,MZ635529.1,B.1.429,2021-01-05,complete,Homo sapiens,29903,4.3.4/1.37.1/v0.1.12/0.3.19/0.6.6
5,OQ660490.1,B.1.429,2021-01-29,complete,Homo sapiens,29900,4.3.4/1.37.1/v0.1.12/0.3.19/0.6.6
5,OR312690.1,B.1.429,2021-01-07,complete,Homo sapiens,29810,4.3.4/1.37.1/v0.1.12/0.3.19/0.6.6
5,PP120972.1,B.1.429,2021-02-12,complete,Homo sapiens,29845,4.3.4/1.37.1/v0.1.12/0.3.19/0.6.6
5,MW640157.1,B.1.429,2021-01-21,complete,Homo sapiens,29714,4.3.4/1.37.1/v0.1.12/0.3.19/0.6.6
5,MZ170484.1,B.1.429,2021-04-07,complete,Homo sapiens,29825,4.3.4/1.37.1/v0.1.12/0.3.19/0.6.6
5,MW851519.1,B.1.429,2021-03-06,complete,Homo sapiens,29892,4.3.4/1.37.1/v0.1.12/0.3.19/0.6.6
5,OP123067.1,B.1.429,2021-04-13,complete,Homo sapiens,29849,4.3.4/1.37.1/v0.1.12/0.3.19/0.6.6
5,MW903953.1,B.1.429,2021-03-26,complete,Homo sapiens,29715,4.3.4/1.37.1/v0.1.12/0.3.19/0.6.6
5,OK188411.1,B.1.429,2021-02-19,complete,Homo sapiens,29867,4.3.4/1.37.1/v0.1.12/0.3.19/0.6.6
5,MW617533.1,B.1.429,2021-01-31,complete,Homo sapiens,29854,4.3.4/1.37.1/v0.1.12/0.3.19/0.6.6
5,OK217514.1,B.1.429,2021-04-19,complete,Homo sapiens,29821,4.3.4/1.37.1/v0.1.12/0.3.19/0.6.6
5,MZ636067.1,B.1.429,2021-02-23,complete,Homo sapiens,29903,4.3.4/1.37.1/v0.1.12/0.3.19/0.6.6
5,MW968096.1,B.1.429,2021-03-19,complete,Homo sapiens,29874,4.3.4/1.37.1/v0.1.12/0.3.19/0.6.6
5,MW772034.1,B.1.429,2021-02-28,complete,Homo sapiens,29873,4.3.4/1.37.1/v0.1.12/0.3.19/0.6.6
5,MZ504092.1,B.1.429,2021-01-09,complete,Homo sapiens,29831,4.3.4/1.37.1/v0.1.12/0.3.19/0.6.6
5,MW586128.1,B.1.429,2021-01-29,complete,Homo sapiens,29875,4.3.4/1.37.1/v0.1.12/0.3.19/0.6.6
5,MZ490356.1,B.1.429,2021-03-23,complete,Homo sapiens,29806,4.3.4/1.37.1/v0.1.12/0.3.19/0.6.6
5,MZ013234.1,B.1.429,2021-03-31,complete,Homo sapiens,29893,4.3.4/1.37.1/v0.1.12/0.3.19/0.6.6
5,PP120580.1,B.1.429,2021-02-19,complete,Homo sapiens,29846,4.3.4/1.37.1/v0.1.12/0.3.19/0.6.6
5,PP123599.1,B.1.429,2021-01-13,complete,Homo sapiens,29837,4.3.4/1.37.1/v0.1.12/0.3.19/0.6.6
5,OK547959.1,B.1.429,2020-12-14,complete,Homo sapiens,29598,4.3.4/1.37.1/v0.1.12/0.3.19/0.6.6
5,MZ022297.1,B.1.429,2021-03-30,complete,Homo sapiens,29902,4.3.4/1.37.1/v0.1.12/0.3.19/0.6.6
5,MZ635771.1,B.1.429,2021-01-29,complete,Homo sapiens,29903,4.3.4/1.37.1/v0.1.12/0.3.19/0.6.6
5,OL372558.1,B.1.429,2020-12-02,complete,Homo sapiens,29820,4.3.4/1.37.1/v0.1.12/0.3.19/0.6.6
5,OK191830.1,B.1.429,2021-03-24,complete,Homo sapiens,29831,4.3.4/1.37.1/v0.1.12/0.3.19/0.6.6
5,MZ722045.1,B.1.429,2020-12-29,complete,Homo sapiens,29903,4.3.4/1.37.1/v0.1.12/0.3.19/0.6.6
5,MW855658.1,B.1.429,2021-03-14,complete,Homo sapiens,29805,4.3.4/1.37.1/v0.1.12/0.3.19/0.6.6
5,OR584629.1,B.1.429,2021-02,complete,Homo sapiens,29688,4.3.4/1.37.1/v0.1.12/0.3.19/0.6.6
5,OP143262.1,B.1.429,2021-01-05,complete,Homo sapiens,29782,4.3.4/1.37.1/v0.1.12/0.3.19/0.6.6
5,PP120295.1,B.1.429,2021-02-04,complete,Homo sapiens,29846,4.3.4/1.37.1/v0.1.12/0.3.19/0.6.6
5,MZ684901.1,B.1.429,2021-04-26,complete,Homo sapiens,29821,4.3.4/1.37.1/v0.1.12/0.3.19/0.6.6
5,MZ049764.1,B.1.429,2021-03-24,complete,Homo sapiens,29782,4.3.4/1.37.1/v0.1.12/0.3.19/0.6.6
5,OM181972.1,B.1.429,2021-03-06,complete,Homo sapiens,29824,4.3.4/1.37.1/v0.1.12/0.3.19/0.6.6
5,OP313963.1,B.1.429,2021-04-28,complete,Homo sapiens,29665,4.3.4/1.37.1/v0.1.12/0.3.19/0.6.6
5,OM128942.1,B.1.429,2021-02-24,complete,Homo sapiens,29871,4.3.4/1.37.1/v0.1.12/0.3.19/0.6.6
5,PP046907.1,B.1.429,2021-01-25,complete,Homo sapiens,29889,4.3.4/1.37.1/v0.1.12/0.3.19/0.6.6
5,MZ500025.1,B.1.429,2021-03-01,complete,Homo sapiens,29831,4.3.4/1.37.1/v0.1.12/0.3.19/0.6.6
5,MW891693.1,B.1.429,2021-03-23,complete,Homo sapiens,29892,4.3.4/1.37.1/v0.1.12/0.3.19/0.6.6
5,PP604670.1,B.1.429,2021-02-16,complete,Homo sapiens,29746,4.3.4/1.37.1/v0.1.12/0.3.19/0.6.6
5,MZ206928.1,B.1.429,2021-03-04,complete,Homo sapiens,29872,4.3.4/1.37.1/v0.1.12/0.3.19/0.6.6
5,MZ192682.1,B.1.429,2021-05-01,complete,Homo sapiens,29823,4.3.4/1.37.1/v0.1.12/0.3.19/0.6.6
5,MW640190.1,B.1.429,2021-01-21,complete,Homo sapiens,29714,4.3.4/1.37.1/v0.1.12/0.3.19/0.6.6
5,PP697175.1,B.1.429,2021-04-08,complete,Homo sapiens,29901,4.3.4/1.37.1/v0.1.12/0.3.19/0.6.6
5,MW808767.1,B.1.429,2021-03-04,complete,Homo sapiens,29897,4.3.4/1.37.1/v0.1.12/0.3.19/0.6.6
5,PQ617835.1,B.1.429,2022-04-24,complete,Homo sapiens,29778,4.3.4/1.37.1/v0.1.12/0.3.19/0.6.6
5,PP122185.1,B.1.429,2021-02-01,complete,Homo sapiens,29845,4.3.4/1.37.1/v0.1.12/0.3.19/0.6.6
5,OM067817.1,B.1.429,2021-03-16,complete,Homo sapiens,29782,4.3.4/1.37.1/v0.1.12/0.3.19/0.6.6
5,OM109255.1,B.1.429,2021-03-04,complete,Homo sapiens,29866,4.3.4/1.37.1/v0.1.12/0.3.19/0.6.6
5,MZ193433.1,B.1.429,2021-04-23,complete,Homo sapiens,29836,4.3.4/1.37.1/v0.1.12/0.3.19/0.6.6
5,MZ722780.1,B.1.429,2020-12-21,complete,Homo sapiens,29903,4.3.4/1.37.1/v0.1.12/0.3.19/0.6.6
5,PP258576.1,B.1.429,2021-01-07,complete,Homo sapiens,29743,4.3.4/1.37.1/v0.1.12/0.3.19/0.6.6
5,PP120882.1,B.1.429,2021-02-10,complete,Homo sapiens,29848,4.3.4/1.37.1/v0.1.12/0.3.19/0.6.6
5,OR298458.1,B.1.429,2021-02-20,complete,Homo sapiens,29829,4.3.4/1.37.1/v0.1.12/0.3.19/0.6.6
5,PP162096.1,B.1.429,2021-02-24,complete,Homo sapiens,29865,4.3.4/1.37.1/v0.1.12/0.3.19/0.6.6
5,PP612948.1,B.1.429,2021-04-23,complete,Homo sapiens,29745,4.3.4/1.37.1/v0.1.12/0.3.19/0.6.6
5,MW585872.1,B.1.429,2021-01-19,complete,Homo sapiens,29856,4.3.4/1.37.1/v0.1.12/0.3.19/0.6.6
5,MZ376818.1,B.1.429,2021-03-30,complete,Homo sapiens,29791,4.3.4/1.37.1/v0.1.12/0.3.19/0.6.6
5,MW709172.1,B.1.429,2020-12-21,complete,Homo sapiens,29868,4.3.4/1.37.1/v0.1.12/0.3.19/0.6.6
5,MZ009739.1,B.1.429,2021-04-01,complete,Homo sapiens,29825,4.3.4/1.37.1/v0.1.12/0.3.19/0.6.6
5,PP144698.1,B.1.429,2021-03-14,complete,Homo sapiens,29843,4.3.4/1.37.1/v0.1.12/0.3.19/0.6.6
5,MZ473699.1,B.1.429,2021-01-05,complete,Homo sapiens,29782,4.3.4/1.37.1/v0.1.12/0.3.19/0.6.6
5,MZ260467.1,B.1.429,2021-03-08,complete,Homo sapiens,29881,4.3.4/1.37.1/v0.1.12/0.3.19/0.6.6
5,ON340399.1,B.1.429,2020-12-12,complete,Homo sapiens,29848,4.3.4/1.37.1/v0.1.12/0.3.19/0.6.6
5,MZ024157.1,B.1.429,2021-03-26,complete,Homo sapiens,29893,4.3.4/1.37.1/v0.1.12/0.3.19/0.6.6
5,OL474210.1,B.1.429,2021-02-09,complete,Homo sapiens,29714,4.3.4/1.37.1/v0.1.12/0.3.19/0.6.6
5,OM129069.1,B.1.429,2021-02-24,complete,Homo sapiens,29864,4.3.4/1.37.1/v0.1.12/0.3.19/0.6.6
5,MZ635758.1,B.1.429,2021-01-08,complete,Homo sapiens,29903,4.3.4/1.37.1/v0.1.12/0.3.19/0.6.6
5,MZ086034.1,B.1.429,2021-04-15,complete,Homo sapiens,29893,4.3.4/1.37.1/v0.1.12/0.3.19/0.6.6
5,PP697144.1,B.1.429,2021-04-02,complete,Homo sapiens,29902,4.3.4/1.37.1/v0.1.12/0.3.19/0.6.6
5,MZ377900.1,B.1.429,2020-11-23,complete,Homo sapiens,29816,4.3.4/1.37.1/v0.1.12/0.3.19/0.6.6
5,MW583255.1,B.1.429,2021-01-14,complete,Homo sapiens,29867,4.3.4/1.37.1/v0.1.12/0.3.19/0.6.6
5,ON343209.1,B.1.429,2020-12-16,complete,Homo sapiens,29869,4.3.4/1.37.1/v0.1.12/0.3.19/0.6.6
5,MZ000475.1,B.1.429,2021-03-25,complete,Homo sapiens,29713,4.3.4/1.37.1/v0.1.12/0.3.19/0.6.6
5,MW671717.1,B.1.429,2021-01-31,complete,Homo sapiens,29782,4.3.4/1.37.1/v0.1.12/0.3.19/0.6.6
5,OR938922.1,B.1.429,2021-01-08,complete,Homo sapiens,29898,4.3.4/1.37.1/v0.1.12/0.3.19/0.6.6
5,MZ046555.1,B.1.429,2021-04-01,complete,Homo sapiens,29894,4.3.4/1.37.1/v0.1.12/0.3.19/0.6.6
5,MZ429111.1,B.1.429,2021-04-17,complete,Homo sapiens,29852,4.3.4/1.37.1/v0.1.12/0.3.19/0.6.6
5,OP143240.1,B.1.429,2021-01-05,complete,Homo sapiens,29782,4.3.4/1.37.1/v0.1.12/0.3.19/0.6.6
5,PP121876.1,B.1.429,2021-01-24,complete,Homo sapiens,29845,4.3.4/1.37.1/v0.1.12/0.3.19/0.6.6
5,MW792737.1,B.1.429,2021-02-03,complete,Homo sapiens,29867,4.3.4/1.37.1/v0.1.12/0.3.19/0.6.6
5,OL844145.1,B.1.429,2020-12-02,complete,Homo sapiens,29798,4.3.4/1.37.1/v0.1.12/0.3.19/0.6.6
5,MZ779621.1,B.1.429,2021-01-29,complete,Homo sapiens,29867,4.3.4/1.37.1/v0.1.12/0.3.19/0.6.6
5,PP122507.1,B.1.429,2021-02-17,complete,Homo sapiens,29846,4.3.4/1.37.1/v0.1.12/0.3.19/0.6.6
5,MZ060170.1,B.1.429,2021-04-07,complete,Homo sapiens,29831,4.3.4/1.37.1/v0.1.12/0.3.19/0.6.6
5,MW921922.1,B.1.429,2021-01-29,complete,Homo sapiens,29822,4.3.4/1.37.1/v0.1.12/0.3.19/0.6.6
5,MW993824.1,B.1.429,2021-03-11,complete,Homo sapiens,29873,4.3.4/1.37.1/v0.1.12/0.3.19/0.6.6
5,OM128477.1,B.1.429,2021-02-24,complete,Homo sapiens,29873,4.3.4/1.37.1/v0.1.12/0.3.19/0.6.6
5,MZ085975.1,B.1.429,2021-04-10,complete,Homo sapiens,29903,4.3.4/1.37.1/v0.1.12/0.3.19/0.6.6
5,OR939057.1,B.1.429,2021-01-18,complete,Homo sapiens,29903,4.3.4/1.37.1/v0.1.12/0.3.19/0.6.6
5,MZ074501.1,B.1.429,2021-04-02,complete,Homo sapiens,29898,4.3.4/1.37.1/v0.1.12/0.3.19/0.6.6
5,MW700461.1,B.1.429,2020-12-26,complete,Homo sapiens,29837,4.3.4/1.37.1/v0.1.12/0.3.19/0.6.6
5,OP143104.1,B.1.429,2021-01-04,complete,Homo sapiens,29821,4.3.4/1.37.1/v0.1.12/0.3.19/0.6.6
5,MZ635824.1,B.1.429,2021-02-01,complete,Homo sapiens,29903,4.3.4/1.37.1/v0.1.12/0.3.19/0.6.6
5,OM109631.1,B.1.429,2021-03-26,complete,Homo sapiens,29879,4.3.4/1.37.1/v0.1.12/0.3.19/0.6.6
5,MW969060.1,B.1.429,2021-03-25,complete,Homo sapiens,29878,4.3.4/1.37.1/v0.1.12/0.3.19/0.6.6
5,MW923032.1,B.1.429,2021-02-04,complete,Homo sapiens,29852,4.3.4/1.37.1/v0.1.12/0.3.19/0.6.6
5,MW974087.1,B.1.429,2020-12-08,complete,Homo sapiens,29834,4.3.4/1.37.1/v0.1.12/0.3.19/0.6.6
5,MZ498094.1,B.1.429,2021-04-12,complete,Homo sapiens,29852,4.3.4/1.37.1/v0.1.12/0.3.19/0.6.6
5,PP120042.1,B.1.429,2021-03-05,complete,Homo sapiens,29846,4.3.4/1.37.1/v0.1.12/0.3.19/0.6.6
5,MW891363.1,B.1.429,2021-03-20,complete,Homo sapiens,29829,4.3.4/1.37.1/v0.1.12/0.3.19/0.6.6
5,ON116331.1,B.1.429,2021-04-03,complete,Homo sapiens,29798,4.3.4/1.37.1/v0.1.12/0.3.19/0.6.6
5,PP122402.1,B.1.429,2021-02-13,complete,Homo sapiens,29845,4.3.4/1.37.1/v0.1.12/0.3.19/0.6.6
5,PP144917.1,B.1.429,2020-12-11,complete,Homo sapiens,29845,4.3.4/1.37.1/v0.1.12/0.3.19/0.6.6
5,MZ722619.1,B.1.429,2020-12-18,complete,Homo sapiens,29903,4.3.4/1.37.1/v0.1.12/0.3.19/0.6.6
5,MW892001.1,B.1.429,2021-03-24,complete,Homo sapiens,29868,4.3.4/1.37.1/v0.1.12/0.3.19/0.6.6
5,MW586784.1,B.1.429,2021-01-15,complete,Homo sapiens,29782,4.3.4/1.37.1/v0.1.12/0.3.19/0.6.6
5,MW891949.1,B.1.429,2021-03-24,complete,Homo sapiens,29891,4.3.4/1.37.1/v0.1.12/0.3.19/0.6.6
5,MZ636109.1,B.1.429,2021-01-14,complete,Homo sapiens,29903,4.3.4/1.37.1/v0.1.12/0.3.19/0.6.6
5,PP144475.1,B.1.429,2021-02-09,complete,Homo sapiens,29845,4.3.4/1.37.1/v0.1.12/0.3.19/0.6.6
5,PP162663.1,B.1.429,2021-03-29,complete,Homo sapiens,29849,4.3.4/1.37.1/v0.1.12/0.3.19/0.6.6
5,MW969053.1,B.1.429,2021-03-25,complete,Homo sapiens,29899,4.3.4/1.37.1/v0.1.12/0.3.19/0.6.6
5,OL844074.1,B.1.429,2020-12-02,complete,Homo sapiens,29798,4.3.4/1.37.1/v0.1.12/0.3.19/0.6.6
5,MZ085739.1,B.1.429,2021-04-07,complete,Homo sapiens,29882,4.3.4/1.37.1/v0.1.12/0.3.19/0.6.6
5,OK173525.1,B.1.429,2021-01-17,complete,Homo sapiens,29760,4.3.4/1.37.1/v0.1.12/0.3.19/0.6.6
5,PP144107.1,B.1.429,2021-03-02,complete,Homo sapiens,29846,4.3.4/1.37.1/v0.1.12/0.3.19/0.6.6
5,ON763501.1,B.1.429,2021-03-26,complete,Homo sapiens,29782,4.3.4/1.37.1/v0.1.12/0.3.19/0.6.6
5,OL894140.1,B.1.429,2021,complete,Homo sapiens,29815,4.3.4/1.37.1/v0.1.12/0.3.19/0.6.6
5,MZ471403.1,B.1.429,2021-01-16,complete,Homo sapiens,29830,4.3.4/1.37.1/v0.1.12/0.3.19/0.6.6
5,OL844245.1,B.1.429,2020-12-15,complete,Homo sapiens,29826,4.3.4/1.37.1/v0.1.12/0.3.19/0.6.6
5,MW904389.1,B.1.429,2021-03-19,complete,Homo sapiens,29831,4.3.4/1.37.1/v0.1.12/0.3.19/0.6.6
5,MW968264.1,B.1.429,2021-03-25,complete,Homo sapiens,29882,4.3.4/1.37.1/v0.1.12/0.3.19/0.6.6
5,MW830972.1,B.1.429,2021-03-16,complete,Homo sapiens,29782,4.3.4/1.37.1/v0.1.12/0.3.19/0.6.6
5,PP162167.1,B.1.429,2021-03-13,complete,Homo sapiens,29864,4.3.4/1.37.1/v0.1.12/0.3.19/0.6.6
5,OK547782.1,B.1.429,2021-05-03,complete,Homo sapiens,29598,4.3.4/1.37.1/v0.1.12/0.3.19/0.6.6
5,ON343087.1,B.1.429,2020-12-12,complete,Homo sapiens,29835,4.3.4/1.37.1/v0.1.12/0.3.19/0.6.6
5,MZ188644.1,B.1.429,2021-04-18,complete,Homo sapiens,29891,4.3.4/1.37.1/v0.1.12/0.3.19/0.6.6
5,MZ451903.1,B.1.429,2021-05-23,complete,Homo sapiens,29849,4.3.4/1.37.1/v0.1.12/0.3.19/0.6.6
5,MW738462.1,B.1.429,2021-01-11,complete,Homo sapiens,29848,4.3.4/1.37.1/v0.1.12/0.3.19/0.6.6
5,MZ206888.1,B.1.429,2020-12-22,complete,Homo sapiens,29845,4.3.4/1.37.1/v0.1.12/0.3.19/0.6.6
5,PP162774.1,B.1.429,2020-12-28,complete,Homo sapiens,29849,4.3.4/1.37.1/v0.1.12/0.3.19/0.6.6
5,ON344086.1,B.1.429,2020-12-10,complete,Homo sapiens,29869,4.3.4/1.37.1/v0.1.12/0.3.19/0.6.6
5,MZ083356.1,B.1.429,2021-03-31,complete,Homo sapiens,29886,4.3.4/1.37.1/v0.1.12/0.3.19/0.6.6
5,MZ490295.1,B.1.429,2021-03-21,complete,Homo sapiens,29801,4.3.4/1.37.1/v0.1.12/0.3.19/0.6.6
5,MZ378348.1,B.1.429,2021-03-01,complete,Homo sapiens,29843,4.3.4/1.37.1/v0.1.12/0.3.19/0.6.6
5,MW850114.1,B.1.429,2021-03-09,complete,Homo sapiens,29867,4.3.4/1.37.1/v0.1.12/0.3.19/0.6.6
5,PP122413.1,B.1.429,2021-02-15,complete,Homo sapiens,29845,4.3.4/1.37.1/v0.1.12/0.3.19/0.6.6
5,MZ022470.1,B.1.429,2021-03-27,complete,Homo sapiens,29843,4.3.4/1.37.1/v0.1.12/0.3.19/0.6.6
5,PP122165.1,B.1.429,2021-02-01,complete,Homo sapiens,29846,4.3.4/1.37.1/v0.1.12/0.3.19/0.6.6
5,OL372580.1,B.1.429,2020-12-01,complete,Homo sapiens,29782,4.3.4/1.37.1/v0.1.12/0.3.19/0.6.6
5,OK335499.1,B.1.429,2021-03-27,complete,Homo sapiens,29841,4.3.4/1.37.1/v0.1.12/0.3.19/0.6.6
5,MW766706.1,B.1.429,2021-02-12,complete,Homo sapiens,29867,4.3.4/1.37.1/v0.1.12/0.3.19/0.6.6
5,PP121360.1,B.1.429,2021-01-14,complete,Homo sapiens,29856,4.3.4/1.37.1/v0.1.12/0.3.19/0.6.6
5,MZ282757.1,B.1.429,2021-04-29,complete,Homo sapiens,29891,4.3.4/1.37.1/v0.1.12/0.3.19/0.6.6
5,PP162061.1,B.1.429,2021-02-24,complete,Homo sapiens,29849,4.3.4/1.37.1/v0.1.12/0.3.19/0.6.6
5,PP609183.1,B.1.429,2021-03-27,complete,Homo sapiens,29743,4.3.4/1.37.1/v0.1.12/0.3.19/0.6.6
5,MZ009561.1,B.1.429,2021-03-31,complete,Homo sapiens,29816,4.3.4/1.37.1/v0.1.12/0.3.19/0.6.6
5,MW851048.1,B.1.429,2021-03-02,complete,Homo sapiens,29867,4.3.4/1.37.1/v0.1.12/0.3.19/0.6.6
5,MW930386.1,B.1.429,2021-01-28,complete,Homo sapiens,29848,4.3.4/1.37.1/v0.1.12/0.3.19/0.6.6
5,PP220167.1,B.1.429,2020-11-24,complete,Homo sapiens,29844,4.3.4/1.37.1/v0.1.12/0.3.19/0.6.6
5,MZ260169.1,B.1.429,2021-03-07,complete,Homo sapiens,29865,4.3.4/1.37.1/v0.1.12/0.3.19/0.6.6
5,PP606495.1,B.1.429,2021-03-06,complete,Homo sapiens,29746,4.3.4/1.37.1/v0.1.12/0.3.19/0.6.6
5,OK548091.1,B.1.429,2021-01-11,complete,Homo sapiens,29598,4.3.4/1.37.1/v0.1.12/0.3.19/0.6.6
5,MZ083787.1,B.1.429,2021-04-01,complete,Homo sapiens,29869,4.3.4/1.37.1/v0.1.12/0.3.19/0.6.6
5,PP121633.1,B.1.429,2021-03-09,complete,Homo sapiens,29846,4.3.4/1.37.1/v0.1.12/0.3.19/0.6.6
5,MW586252.1,B.1.429,2021-01-27,complete,Homo sapiens,29858,4.3.4/1.37.1/v0.1.12/0.3.19/0.6.6
5,MW903300.1,B.1.429,2021-03-16,complete,Homo sapiens,29714,4.3.4/1.37.1/v0.1.12/0.3.19/0.6.6
5,MW693833.1,B.1.429,2021-02-12,complete,Homo sapiens,29821,4.3.4/1.37.1/v0.1.12/0.3.19/0.6.6
5,MZ207043.1,B.1.429,2021-03-04,complete,Homo sapiens,29858,4.3.4/1.37.1/v0.1.12/0.3.19/0.6.6
5,PP122915.1,B.1.429,2021-01-14,complete,Homo sapiens,29846,4.3.4/1.37.1/v0.1.12/0.3.19/0.6.6
5,ON344075.1,B.1.429,2020-12-11,complete,Homo sapiens,29881,4.3.4/1.37.1/v0.1.12/0.3.19/0.6.6
5,MW851492.1,B.1.429,2021-03-08,complete,Homo sapiens,29887,4.3.4/1.37.1/v0.1.12/0.3.19/0.6.6
5,PP161750.1,B.1.429,2021-02-19,complete,Homo sapiens,29849,4.3.4/1.37.1/v0.1.12/0.3.19/0.6.6
5,PP120221.1,B.1.429,2021-02-03,complete,Homo sapiens,29845,4.3.4/1.37.1/v0.1.12/0.3.19/0.6.6
5,MW808885.1,B.1.429,2021-03-03,complete,Homo sapiens,29903,4.3.4/1.37.1/v0.1.12/0.3.19/0.6.6
5,MZ188356.1,B.1.429,2021-04-17,complete,Homo sapiens,29877,4.3.4/1.37.1/v0.1.12/0.3.19/0.6.6
5,MZ718387.1,B.1.429,2021-03-21,complete,Homo sapiens,29864,4.3.4/1.37.1/v0.1.12/0.3.19/0.6.6
5,MZ444183.1,B.1.429,2021-01-18,complete,Homo sapiens,29824,4.3.4/1.37.1/v0.1.12/0.3.19/0.6.6
5,MW923609.1,B.1.429,2021-01-15,complete,Homo sapiens,29841,4.3.4/1.37.1/v0.1.12/0.3.19/0.6.6
5,MW959980.1,B.1.429,2021-03-05,complete,Homo sapiens,29854,4.3.4/1.37.1/v0.1.12/0.3.19/0.6.6
5,MW780383.1,B.1.429,2021-02-22,complete,Homo sapiens,29715,4.3.4/1.37.1/v0.1.12/0.3.19/0.6.6
5,MZ619445.1,B.1.429,2021-02-26,complete,Homo sapiens,29815,4.3.4/1.37.1/v0.1.12/0.3.19/0.6.6
5,MZ373680.1,B.1.429,2021-04-06,complete,Homo sapiens,29882,4.3.4/1.37.1/v0.1.12/0.3.19/0.6.6
5,MZ684580.1,B.1.429,2021-04-23,complete,Homo sapiens,29829,4.3.4/1.37.1/v0.1.12/0.3.19/0.6.6
5,MW891083.1,B.1.429,2021-03-19,complete,Homo sapiens,29824,4.3.4/1.37.1/v0.1.12/0.3.19/0.6.6
5,OK548008.1,B.1.429,2021-01-04,complete,Homo sapiens,29598,4.3.4/1.37.1/v0.1.12/0.3.19/0.6.6
5,OR888084.1,B.1.429,2021-01-17,complete,Homo sapiens,29598,4.3.4/1.37.1/v0.1.12/0.3.19/0.6.6
5,PP162254.1,B.1.429,2021-03-06,complete,Homo sapiens,29891,4.3.4/1.37.1/v0.1.12/0.3.19/0.6.6
5,OL372358.1,B.1.429,2020-11-30,complete,Homo sapiens,29782,4.3.4/1.37.1/v0.1.12/0.3.19/0.6.6
5,PP144825.1,B.1.429,2021-02-25,complete,Homo sapiens,29845,4.3.4/1.37.1/v0.1.12/0.3.19/0.6.6
5,PP122327.1,B.1.429,2021-02-11,complete,Homo sapiens,29845,4.3.4/1.37.1/v0.1.12/0.3.19/0.6.6
5,MZ636269.1,B.1.429,2021-01-14,complete,Homo sapiens,29903,4.3.4/1.37.1/v0.1.12/0.3.19/0.6.6
5,OM128824.1,B.1.429,2021-02-08,complete,Homo sapiens,29873,4.3.4/1.37.1/v0.1.12/0.3.19/0.6.6
5,MW653659.1,B.1.429,2020-12-06,complete,Homo sapiens,29815,4.3.4/1.37.1/v0.1.12/0.3.19/0.6.6
5,MZ070750.1,B.1.429,2021-04-08,complete,Homo sapiens,29714,4.3.4/1.37.1/v0.1.12/0.3.19/0.6.6
5,ON339573.1,B.1.429,2020-12-11,complete,Homo sapiens,29867,4.3.4/1.37.1/v0.1.12/0.3.19/0.6.6
5,MZ214272.1,B.1.429,2021-04-14,complete,Homo sapiens,29901,4.3.4/1.37.1/v0.1.12/0.3.19/0.6.6
5,MW991079.1,B.1.429,2021-03-30,complete,Homo sapiens,29901,4.3.4/1.37.1/v0.1.12/0.3.19/0.6.6
5,MZ799108.1,B.1.429,2021-04-07,complete,Homo sapiens,29836,4.3.4/1.37.1/v0.1.12/0.3.19/0.6.6
5,MZ722301.1,B.1.429,2020-12-23,complete,Homo sapiens,29903,4.3.4/1.37.1/v0.1.12/0.3.19/0.6.6
5,OR588879.1,B.1.429,2021-04-06,complete,Homo sapiens,29714,4.3.4/1.37.1/v0.1.12/0.3.19/0.6.6
5,MW891006.1,B.1.429,2021-03-19,complete,Homo sapiens,29829,4.3.4/1.37.1/v0.1.12/0.3.19/0.6.6
5,OL332555.1,B.1.429,2021-01-19,complete,Homo sapiens,29778,4.3.4/1.37.1/v0.1.12/0.3.19/0.6.6
5,OK548634.1,B.1.429,2021-01-04,complete,Homo sapiens,29598,4.3.4/1.37.1/v0.1.12/0.3.19/0.6.6
5,OL540806.1,B.1.429,2021-01-05,complete,Homo sapiens,29798,4.3.4/1.37.1/v0.1.12/0.3.19/0.6.6
5,MZ283207.1,B.1.429,2021-04-23,complete,Homo sapiens,29896,4.3.4/1.37.1/v0.1.12/0.3.19/0.6.6
5,MZ473361.1,B.1.429,2021-01-05,complete,Homo sapiens,29782,4.3.4/1.37.1/v0.1.12/0.3.19/0.6.6
5,MZ444299.1,B.1.429,2021-01-24,complete,Homo sapiens,29868,4.3.4/1.37.1/v0.1.12/0.3.19/0.6.6
5,MZ914718.1,B.1.429,2021-03-09,complete,Homo sapiens,29865,4.3.4/1.37.1/v0.1.12/0.3.19/0.6.6
5,MW973122.1,B.1.429,2020-12-21,complete,Homo sapiens,29826,4.3.4/1.37.1/v0.1.12/0.3.19/0.6.6
5,PP122762.1,B.1.429,2021-01-17,complete,Homo sapiens,29846,4.3.4/1.37.1/v0.1.12/0.3.19/0.6.6
5,MZ684476.1,B.1.429,2021-04-12,complete,Homo sapiens,29822,4.3.4/1.37.1/v0.1.12/0.3.19/0.6.6
5,MW433758.1,B.1.429,2020-12-21,complete,Homo sapiens,29894,4.3.4/1.37.1/v0.1.12/0.3.19/0.6.6
5,MW777714.1,B.1.429,2021-02-17,complete,Homo sapiens,29873,4.3.4/1.37.1/v0.1.12/0.3.19/0.6.6
5,MW779236.1,B.1.429,2021-02-24,complete,Homo sapiens,29903,4.3.4/1.37.1/v0.1.12/0.3.19/0.6.6
5,MW848235.1,B.1.429,2021-03-11,complete,Homo sapiens,29836,4.3.4/1.37.1/v0.1.12/0.3.19/0.6.6
5,MZ376873.1,B.1.429,2021-03-30,complete,Homo sapiens,29836,4.3.4/1.37.1/v0.1.12/0.3.19/0.6.6
5,MZ499968.1,B.1.429,2021-02-11,complete,Homo sapiens,29819,4.3.4/1.37.1/v0.1.12/0.3.19/0.6.6
5,PP121777.1,B.1.429,2021-03-04,complete,Homo sapiens,29846,4.3.4/1.37.1/v0.1.12/0.3.19/0.6.6
5,MZ212213.1,B.1.429,2021-04-09,complete,Homo sapiens,29879,4.3.4/1.37.1/v0.1.12/0.3.19/0.6.6
5,OL540467.1,B.1.429,2020-12-29,complete,Homo sapiens,29826,4.3.4/1.37.1/v0.1.12/0.3.19/0.6.6
5,MW902135.1,B.1.429,2021-03-14,complete,Homo sapiens,29715,4.3.4/1.37.1/v0.1.12/0.3.19/0.6.6
5,PP121493.1,B.1.429,2021-02-04,complete,Homo sapiens,29846,4.3.4/1.37.1/v0.1.12/0.3.19/0.6.6
5,MZ242259.1,B.1.429,2021-01-18,complete,Homo sapiens,29827,4.3.4/1.37.1/v0.1.12/0.3.19/0.6.6
5,MW991270.1,B.1.429,2021-03-31,complete,Homo sapiens,29869,4.3.4/1.37.1/v0.1.12/0.3.19/0.6.6
5,MW968418.1,B.1.429,2021-03-26,complete,Homo sapiens,29886,4.3.4/1.37.1/v0.1.12/0.3.19/0.6.6
5,MW903037.1,B.1.429,2021-03-12,complete,Homo sapiens,29715,4.3.4/1.37.1/v0.1.12/0.3.19/0.6.6
5,MZ635527.1,B.1.429,2021-01-10,complete,Homo sapiens,29903,4.3.4/1.37.1/v0.1.12/0.3.19/0.6.6
5,MW968115.1,B.1.429,2021-03-19,complete,Homo sapiens,29870,4.3.4/1.37.1/v0.1.12/0.3.19/0.6.6
5,ON344303.1,B.1.429,2020-12-11,complete,Homo sapiens,29876,4.3.4/1.37.1/v0.1.12/0.3.19/0.6.6
5,ON339969.1,B.1.429,2020-12-10,complete,Homo sapiens,29851,4.3.4/1.37.1/v0.1.12/0.3.19/0.6.6
5,ON134935.1,B.1.429,2021-02-18,complete,Homo sapiens,29782,4.3.4/1.37.1/v0.1.12/0.3.19/0.6.6
5,MZ722189.1,B.1.429,2020-12-22,complete,Homo sapiens,29903,4.3.4/1.37.1/v0.1.12/0.3.19/0.6.6
5,ON148849.1,B.1.429,2021-05-17,complete,Homo sapiens,29798,4.3.4/1.37.1/v0.1.12/0.3.19/0.6.6
5,PP123584.1,B.1.429,2021-01-10,complete,Homo sapiens,29846,4.3.4/1.37.1/v0.1.12/0.3.19/0.6.6
5,MZ023408.1,B.1.429,2021-03-28,complete,Homo sapiens,29891,4.3.4/1.37.1/v0.1.12/0.3.19/0.6.6
5,OM433874.1,B.1.429,2021-03-04,complete,Homo sapiens,29866,4.3.4/1.37.1/v0.1.12/0.3.19/0.6.6
5,ON340445.1,B.1.429,2020-12-14,complete,Homo sapiens,29827,4.3.4/1.37.1/v0.1.12/0.3.19/0.6.6
5,MZ213634.1,B.1.429,2021-04-10,complete,Homo sapiens,29886,4.3.4/1.37.1/v0.1.12/0.3.19/0.6.6
5,MZ636245.1,B.1.429,2021-01-27,complete,Homo sapiens,29903,4.3.4/1.37.1/v0.1.12/0.3.19/0.6.6
5,MZ084302.1,B.1.429,2021-04-06,complete,Homo sapiens,29854,4.3.4/1.37.1/v0.1.12/0.3.19/0.6.6
5,MW972979.1,B.1.429,2020-12-29,complete,Homo sapiens,29826,4.3.4/1.37.1/v0.1.12/0.3.19/0.6.6
5,PP144490.1,B.1.429,2021-02-10,complete,Homo sapiens,29846,4.3.4/1.37.1/v0.1.12/0.3.19/0.6.6
5,MW709046.1,B.1.429,2021-02-03,complete,Homo sapiens,29867,4.3.4/1.37.1/v0.1.12/0.3.19/0.6.6
5,OK548283.1,B.1.429,2021-01-04,complete,Homo sapiens,29598,4.3.4/1.37.1/v0.1.12/0.3.19/0.6.6
5,MZ473545.1,B.1.429,2021-03-24,complete,Homo sapiens,29782,4.3.4/1.37.1/v0.1.12/0.3.19/0.6.6
5,OR307025.1,B.1.429,2021-02-28,complete,Homo sapiens,29817,4.3.4/1.37.1/v0.1.12/0.3.19/0.6.6
5,ON344658.1,B.1.429,2020-12-10,complete,Homo sapiens,29851,4.3.4/1.37.1/v0.1.12/0.3.19/0.6.6
5,MZ213334.1,B.1.429,2021-04-12,complete,Homo sapiens,29898,4.3.4/1.37.1/v0.1.12/0.3.19/0.6.6
5,MZ258643.1,B.1.429,2021-03-04,complete,Homo sapiens,29887,4.3.4/1.37.1/v0.1.12/0.3.19/0.6.6
5,MZ684211.1,B.1.429,2021-04-19,complete,Homo sapiens,29821,4.3.4/1.37.1/v0.1.12/0.3.19/0.6.6
5,MW903530.1,B.1.429,2021-03-19,complete,Homo sapiens,29738,4.3.4/1.37.1/v0.1.12/0.3.19/0.6.6
5,MW779240.1,B.1.429,2021-02-24,complete,Homo sapiens,29889,4.3.4/1.37.1/v0.1.12/0.3.19/0.6.6
5,PP121612.1,B.1.429,2021-03-04,complete,Homo sapiens,29846,4.3.4/1.37.1/v0.1.12/0.3.19/0.6.6
5,MZ193890.1,B.1.429,2021-04-20,complete,Homo sapiens,29829,4.3.4/1.37.1/v0.1.12/0.3.19/0.6.6
5,PP144281.1,B.1.429,2021-02-09,complete,Homo sapiens,29846,4.3.4/1.37.1/v0.1.12/0.3.19/0.6.6
5,MW991328.1,B.1.429,2021-04-01,complete,Homo sapiens,29899,4.3.4/1.37.1/v0.1.12/0.3.19/0.6.6
5,MZ046871.1,B.1.429,2021-04-08,complete,Homo sapiens,29812,4.3.4/1.37.1/v0.1.12/0.3.19/0.6.6
5,MW781546.1,B.1.429,2021-03-01,complete,Homo sapiens,29714,4.3.4/1.37.1/v0.1.12/0.3.19/0.6.6
5,ON344140.1,B.1.429,2020-12-11,complete,Homo sapiens,29827,4.3.4/1.37.1/v0.1.12/0.3.19/0.6.6
5,MZ281012.1,B.1.429,2021-05-06,complete,Homo sapiens,29903,4.3.4/1.37.1/v0.1.12/0.3.19/0.6.6
5,MW778873.1,B.1.429,2021-02-22,complete,Homo sapiens,29887,4.3.4/1.37.1/v0.1.12/0.3.19/0.6.6
5,MZ264827.1,B.1.429,2021-02-17,complete,Homo sapiens,29824,4.3.4/1.37.1/v0.1.12/0.3.19/0.6.6
5,MZ257808.1,B.1.429,2021-03-23,complete,Homo sapiens,29889,4.3.4/1.37.1/v0.1.12/0.3.19/0.6.6
5,MZ202548.1,B.1.429,2021-04-11,complete,Homo sapiens,29836,4.3.4/1.37.1/v0.1.12/0.3.19/0.6.6
5,MW869990.1,B.1.429,2021-03-08,complete,Homo sapiens,29715,4.3.4/1.37.1/v0.1.12/0.3.19/0.6.6
5,OK547375.1,B.1.429,2020-12-23,complete,Homo sapiens,29598,4.3.4/1.37.1/v0.1.12/0.3.19/0.6.6
5,OL333211.1,B.1.429,2021-01-23,complete,Homo sapiens,29778,4.3.4/1.37.1/v0.1.12/0.3.19/0.6.6
5,PP144834.1,B.1.429,2021-02-24,complete,Homo sapiens,29844,4.3.4/1.37.1/v0.1.12/0.3.19/0.6.6
5,MZ025826.1,B.1.429,2021-04-05,complete,Homo sapiens,29901,4.3.4/1.37.1/v0.1.12/0.3.19/0.6.6
5,MW932069.1,B.1.429,2021-03-28,complete,Homo sapiens,29826,4.3.4/1.37.1/v0.1.12/0.3.19/0.6.6
5,PP119682.1,B.1.429,2021-02-01,complete,Homo sapiens,29845,4.3.4/1.37.1/v0.1.12/0.3.19/0.6.6
5,MW850189.1,B.1.429,2021-03-01,complete,Homo sapiens,29867,4.3.4/1.37.1/v0.1.12/0.3.19/0.6.6
5,ON216936.1,B.1.429,2020-12-12,complete,Homo sapiens,29795,4.3.4/1.37.1/v0.1.12/0.3.19/0.6.6
5,MZ635763.1,B.1.429,2021-02-04,complete,Homo sapiens,29903,4.3.4/1.37.1/v0.1.12/0.3.19/0.6.6
5,MW796015.1,B.1.429,2021-01-20,complete,Homo sapiens,29904,4.3.4/1.37.1/v0.1.12/0.3.19/0.6.6
5,PP144858.1,B.1.429,2021-01-12,complete,Homo sapiens,29845,4.3.4/1.37.1/v0.1.12/0.3.19/0.6.6
5,OK654092.1,B.1.429,2020-12-15,complete,Homo sapiens,29875,4.3.4/1.37.1/v0.1.12/0.3.19/0.6.6
5,MW921954.1,B.1.429,2021-01-22,complete,Homo sapiens,29815,4.3.4/1.37.1/v0.1.12/0.3.19/0.6.6
5,MW968737.1,B.1.429,2021-03-26,complete,Homo sapiens,29873,4.3.4/1.37.1/v0.1.12/0.3.19/0.6.6
5,MZ239488.1,B.1.429,2021-04-15,complete,Homo sapiens,29819,4.3.4/1.37.1/v0.1.12/0.3.19/0.6.6
5,MZ500017.1,B.1.429,2021-02-23,complete,Homo sapiens,29831,4.3.4/1.37.1/v0.1.12/0.3.19/0.6.6
5,PP121512.1,B.1.429,2021-02-02,complete,Homo sapiens,29845,4.3.4/1.37.1/v0.1.12/0.3.19/0.6.6
5,MW808251.1,B.1.429,2021-03-06,complete,Homo sapiens,29903,4.3.4/1.37.1/v0.1.12/0.3.19/0.6.6
5,MW702387.1,B.1.429,2021-01-05,complete,Homo sapiens,29837,4.3.4/1.37.1/v0.1.12/0.3.19/0.6.6
5,MW902013.1,B.1.429,2021-03-08,complete,Homo sapiens,29702,4.3.4/1.37.1/v0.1.12/0.3.19/0.6.6
5,MZ451978.1,B.1.429,2021-04-26,complete,Homo sapiens,29800,4.3.4/1.37.1/v0.1.12/0.3.19/0.6.6
5,ON776292.1,B.1.429,2021-01-02,complete,Homo sapiens,29714,4.3.4/1.37.1/v0.1.12/0.3.19/0.6.6
5,MW923584.1,B.1.429,2021-01-01,complete,Homo sapiens,29854,4.3.4/1.37.1/v0.1.12/0.3.19/0.6.6
5,MW922017.1,B.1.429,2021-02-25,complete,Homo sapiens,29814,4.3.4/1.37.1/v0.1.12/0.3.19/0.6.6
5,MW903112.1,B.1.429,2021-03-19,complete,Homo sapiens,29715,4.3.4/1.37.1/v0.1.12/0.3.19/0.6.6
5,MZ072765.1,B.1.429,2021-04-15,complete,Homo sapiens,29714,4.3.4/1.37.1/v0.1.12/0.3.19/0.6.6
5,PP697257.1,B.1.429,2021-04-25,complete,Homo sapiens,29899,4.3.4/1.37.1/v0.1.12/0.3.19/0.6.6
5,MW805011.1,B.1.429,2021-03-08,complete,Homo sapiens,29782,4.3.4/1.37.1/v0.1.12/0.3.19/0.6.6
5,ON344151.1,B.1.429,2020-12-11,complete,Homo sapiens,29836,4.3.4/1.37.1/v0.1.12/0.3.19/0.6.6
5,MZ256367.1,B.1.429,2021-03-15,complete,Homo sapiens,29899,4.3.4/1.37.1/v0.1.12/0.3.19/0.6.6
5,PP120480.1,B.1.429,2021-02-26,complete,Homo sapiens,29845,4.3.4/1.37.1/v0.1.12/0.3.19/0.6.6
5,MZ212341.1,B.1.429,2021-04-11,complete,Homo sapiens,29893,4.3.4/1.37.1/v0.1.12/0.3.19/0.6.6
5,MZ910869.1,B.1.429,2021-02-22,complete,Homo sapiens,29813,4.3.4/1.37.1/v0.1.12/0.3.19/0.6.6
5,MW891100.1,B.1.429,2021-03-19,complete,Homo sapiens,29829,4.3.4/1.37.1/v0.1.12/0.3.19/0.6.6
5,PP697185.1,B.1.429,2021-04-10,complete,Homo sapiens,29896,4.3.4/1.37.1/v0.1.12/0.3.19/0.6.6
5,MZ199200.1,B.1.429,2021-03-30,complete,Homo sapiens,29836,4.3.4/1.37.1/v0.1.12/0.3.19/0.6.6
5,OK653272.1,B.1.429,2020-12-14,complete,Homo sapiens,29855,4.3.4/1.37.1/v0.1.12/0.3.19/0.6.6
5,MW705117.1,B.1.429,2021-02-10,complete,Homo sapiens,29705,4.3.4/1.37.1/v0.1.12/0.3.19/0.6.6
5,OL848849.1,B.1.429,2021-03-26,complete,Homo sapiens,29898,4.3.4/1.37.1/v0.1.12/0.3.19/0.6.6
5,MW891597.1,B.1.429,2021-03-22,complete,Homo sapiens,29882,4.3.4/1.37.1/v0.1.12/0.3.19/0.6.6
5,MW851006.1,B.1.429,2021-03-02,complete,Homo sapiens,29873,4.3.4/1.37.1/v0.1.12/0.3.19/0.6.6
5,MZ780787.1,B.1.429,2021-03-22,complete,Homo sapiens,29849,4.3.4/1.37.1/v0.1.12/0.3.19/0.6.6
5,OD938954.1,B.1.429,2021-01-12,complete,Homo sapiens,29903,4.3.4/1.37.1/v0.1.12/0.3.19/0.6.6
5,PP122558.1,B.1.429,2021-02-23,complete,Homo sapiens,29846,4.3.4/1.37.1/v0.1.12/0.3.19/0.6.6
5,MW994927.1,B.1.429,2021-03-18,complete,Homo sapiens,29892,4.3.4/1.37.1/v0.1.12/0.3.19/0.6.6
5,MZ636027.1,B.1.429,2021-02-04,complete,Homo sapiens,29903,4.3.4/1.37.1/v0.1.12/0.3.19/0.6.6
5,MZ261374.1,B.1.429,2021-04-28,complete,Homo sapiens,29819,4.3.4/1.37.1/v0.1.12/0.3.19/0.6.6
5,MW837277.1,B.1.429,2021-01-21,complete,Homo sapiens,29904,4.3.4/1.37.1/v0.1.12/0.3.19/0.6.6
5,MW923073.1,B.1.429,2021-02-04,complete,Homo sapiens,29865,4.3.4/1.37.1/v0.1.12/0.3.19/0.6.6
5,MZ914765.1,B.1.429,2021-03-16,complete,Homo sapiens,29865,4.3.4/1.37.1/v0.1.12/0.3.19/0.6.6
5,MW788861.1,B.1.429,2021-02-19,complete,Homo sapiens,29904,4.3.4/1.37.1/v0.1.12/0.3.19/0.6.6
5,MZ636208.1,B.1.429,2021-02-04,complete,Homo sapiens,29903,4.3.4/1.37.1/v0.1.12/0.3.19/0.6.6
5,MZ245719.1,B.1.429,2021-03-06,complete,Homo sapiens,29857,4.3.4/1.37.1/v0.1.12/0.3.19/0.6.6
5,MZ211884.1,B.1.429,2021-04-10,complete,Homo sapiens,29902,4.3.4/1.37.1/v0.1.12/0.3.19/0.6.6
5,OK191018.1,B.1.429,2021-03-23,complete,Homo sapiens,29831,4.3.4/1.37.1/v0.1.12/0.3.19/0.6.6
5,ON217082.1,B.1.429,2021-01-12,complete,Homo sapiens,29759,4.3.4/1.37.1/v0.1.12/0.3.19/0.6.6
5,PP162384.1,B.1.429,2021-03-20,complete,Homo sapiens,29888,4.3.4/1.37.1/v0.1.12/0.3.19/0.6.6
5,MW701984.1,B.1.429,2020-12-02,complete,Homo sapiens,29854,4.3.4/1.37.1/v0.1.12/0.3.19/0.6.6
5,MZ064597.1,B.1.429,2021-03-23,complete,Homo sapiens,29813,4.3.4/1.37.1/v0.1.12/0.3.19/0.6.6
5,OK650080.1,B.1.429,2020-12-01,complete,Homo sapiens,29782,4.3.4/1.37.1/v0.1.12/0.3.19/0.6.6
5,MW738533.1,B.1.429,2021-01-11,complete,Homo sapiens,29843,4.3.4/1.37.1/v0.1.12/0.3.19/0.6.6
5,MW772035.1,B.1.429,2021-02-27,complete,Homo sapiens,29902,4.3.4/1.37.1/v0.1.12/0.3.19/0.6.6
5,OR939162.1,B.1.429,2021-01-16,complete,Homo sapiens,29887,4.3.4/1.37.1/v0.1.12/0.3.19/0.6.6
5,MW758700.1,B.1.429,2021-02-24,complete,Homo sapiens,29873,4.3.4/1.37.1/v0.1.12/0.3.19/0.6.6
5,PP697180.1,B.1.429,2021-04-09,complete,Homo sapiens,29868,4.3.4/1.37.1/v0.1.12/0.3.19/0.6.6
5,MZ011282.1,B.1.429,2021-03-31,complete,Homo sapiens,29869,4.3.4/1.37.1/v0.1.12/0.3.19/0.6.6
5,MW921984.1,B.1.429,2021-03-03,complete,Homo sapiens,29814,4.3.4/1.37.1/v0.1.12/0.3.19/0.6.6
5,MZ086710.1,B.1.429,2021-04-08,complete,Homo sapiens,29903,4.3.4/1.37.1/v0.1.12/0.3.19/0.6.6
5,PP162692.1,B.1.429,2021-01-25,complete,Homo sapiens,29886,4.3.4/1.37.1/v0.1.12/0.3.19/0.6.6
5,MW485266.1,B.1.429,2020-12-29,complete,Homo sapiens,29824,4.3.4/1.37.1/v0.1.12/0.3.19/0.6.6
5,MZ722129.1,B.1.429,2020-12-08,complete,Homo sapiens,29903,4.3.4/1.37.1/v0.1.12/0.3.19/0.6.6
5,MZ284319.1,B.1.429,2021-04-22,complete,Homo sapiens,29879,4.3.4/1.37.1/v0.1.12/0.3.19/0.6.6
5,PP161996.1,B.1.429,2021-02-09,complete,Homo sapiens,29864,4.3.4/1.37.1/v0.1.12/0.3.19/0.6.6
5,MW758688.1,B.1.429,2021-02-24,complete,Homo sapiens,29873,4.3.4/1.37.1/v0.1.12/0.3.19/0.6.6
5,MW825846.1,B.1.429,2021-02-15,complete,Homo sapiens,29903,4.3.4/1.37.1/v0.1.12/0.3.19/0.6.6
5,PP614130.1,B.1.429,2021-05-16,complete,Homo sapiens,29746,4.3.4/1.37.1/v0.1.12/0.3.19/0.6.6
5,MZ635761.1,B.1.429,2021-01-02,complete,Homo sapiens,29903,4.3.4/1.37.1/v0.1.12/0.3.19/0.6.6
5,MZ035809.1,B.1.429,2021-04-05,complete,Homo sapiens,29829,4.3.4/1.37.1/v0.1.12/0.3.19/0.6.6
5,OL579775.1,B.1.429,2021-03-22,complete,Homo sapiens,29832,4.3.4/1.37.1/v0.1.12/0.3.19/0.6.6
5,OK548200.1,B.1.429,2021-01-01,complete,Homo sapiens,29598,4.3.4/1.37.1/v0.1.12/0.3.19/0.6.6
5,MZ779277.1,B.1.429,2021-01-14,complete,Homo sapiens,29867,4.3.4/1.37.1/v0.1.12/0.3.19/0.6.6
5,OM433485.1,B.1.429,2021-02-01,complete,Homo sapiens,29875,4.3.4/1.37.1/v0.1.12/0.3.19/0.6.6
5,MZ378511.1,B.1.429,2021-03-24,complete,Homo sapiens,29849,4.3.4/1.37.1/v0.1.12/0.3.19/0.6.6
5,MZ207068.1,B.1.429,2021-02-22,complete,Homo sapiens,29855,4.3.4/1.37.1/v0.1.12/0.3.19/0.6.6
5,MZ320623.1,B.1.429,2021-05-19,complete,Homo sapiens,29900,4.3.4/1.37.1/v0.1.12/0.3.19/0.6.6
5,PQ617433.1,B.1.429,2021-03-18,complete,Homo sapiens,29778,4.3.4/1.37.1/v0.1.12/0.3.19/0.6.6
5,MW868365.1,B.1.429,2021-03-14,complete,Homo sapiens,29862,4.3.4/1.37.1/v0.1.12/0.3.19/0.6.6
5,MW565759.1,B.1.429,2020-11-09,complete,Homo sapiens,29847,4.3.4/1.37.1/v0.1.12/0.3.19/0.6.6
5,MW763321.1,B.1.429,2021-02-27,complete,Homo sapiens,29782,4.3.4/1.37.1/v0.1.12/0.3.19/0.6.6
5,MZ721946.1,B.1.429,2020-12-22,complete,Homo sapiens,29903,4.3.4/1.37.1/v0.1.12/0.3.19/0.6.6
5,OK548407.1,B.1.429,2021-01-05,complete,Homo sapiens,29598,4.3.4/1.37.1/v0.1.12/0.3.19/0.6.6
5,OM128745.1,B.1.429,2021-02-24,complete,Homo sapiens,29873,4.3.4/1.37.1/v0.1.12/0.3.19/0.6.6
5,OM128917.1,B.1.429,2021-02-24,complete,Homo sapiens,29874,4.3.4/1.37.1/v0.1.12/0.3.19/0.6.6
5,MW894577.1,B.1.429,2021-03-18,complete,Homo sapiens,29796,4.3.4/1.37.1/v0.1.12/0.3.19/0.6.6
5,OP143258.1,B.1.429,2021-01-05,complete,Homo sapiens,29791,4.3.4/1.37.1/v0.1.12/0.3.19/0.6.6
5,MW693489.1,B.1.429,2021-02-11,complete,Homo sapiens,29849,4.3.4/1.37.1/v0.1.12/0.3.19/0.6.6
5,MW696343.1,B.1.429,2021-02-15,complete,Homo sapiens,29782,4.3.4/1.37.1/v0.1.12/0.3.19/0.6.6
5,OL365471.1,B.1.429,2020-10-14,complete,Homo sapiens,29798,4.3.4/1.37.1/v0.1.12/0.3.19/0.6.6
5,ON343868.1,B.1.429,2020-12-09,complete,Homo sapiens,29850,4.3.4/1.37.1/v0.1.12/0.3.19/0.6.6
5,MW715203.1,B.1.429,2021-02-16,complete,Homo sapiens,29804,4.3.4/1.37.1/v0.1.12/0.3.19/0.6.6
5,MW560906.1,B.1.429,2021-01-10,complete,Homo sapiens,29825,4.3.4/1.37.1/v0.1.12/0.3.19/0.6.6
5,MZ231434.1,B.1.429,2021-02-26,complete,Homo sapiens,29824,4.3.4/1.37.1/v0.1.12/0.3.19/0.6.6
5,MW736719.1,B.1.429,2021-01-08,complete,Homo sapiens,29813,4.3.4/1.37.1/v0.1.12/0.3.19/0.6.6
5,MW693525.1,B.1.429,2021-02-11,complete,Homo sapiens,29824,4.3.4/1.37.1/v0.1.12/0.3.19/0.6.6
5,MW993304.1,B.1.429,2021-03-24,complete,Homo sapiens,29873,4.3.4/1.37.1/v0.1.12/0.3.19/0.6.6
5,PP144716.1,B.1.429,2021-03-15,complete,Homo sapiens,29844,4.3.4/1.37.1/v0.1.12/0.3.19/0.6.6
5,MZ235535.1,B.1.429,2021-03-03,complete,Homo sapiens,29853,4.3.4/1.37.1/v0.1.12/0.3.19/0.6.6
5,MZ455329.1,B.1.429,2021-04-30,complete,Homo sapiens,29776,4.3.4/1.37.1/v0.1.12/0.3.19/0.6.6
5,MW730990.1,B.1.429,2021-01-09,complete,Homo sapiens,29867,4.3.4/1.37.1/v0.1.12/0.3.19/0.6.6
5,OK191627.1,B.1.429,2021-03-24,complete,Homo sapiens,29829,4.3.4/1.37.1/v0.1.12/0.3.19/0.6.6
5,MZ462883.1,B.1.429,2021-04-16,complete,Homo sapiens,29790,4.3.4/1.37.1/v0.1.12/0.3.19/0.6.6
5,MW838391.2,B.1.429,2021-01-06,complete,Homo sapiens,29898,4.3.4/1.37.1/v0.1.12/0.3.19/0.6.6
5,MZ505831.1,B.1.429,2021-01-24,complete,Homo sapiens,29823,4.3.4/1.37.1/v0.1.12/0.3.19/0.6.6
5,MZ718931.1,B.1.429,2021-03-16,complete,Homo sapiens,29862,4.3.4/1.37.1/v0.1.12/0.3.19/0.6.6
5,MZ166484.1,B.1.429,2021-04-11,complete,Homo sapiens,29825,4.3.4/1.37.1/v0.1.12/0.3.19/0.6.6
5,MW766461.1,B.1.429,2021-02-04,complete,Homo sapiens,29867,4.3.4/1.37.1/v0.1.12/0.3.19/0.6.6
5,OR939111.1,B.1.429,2021-01-13,complete,Homo sapiens,29865,4.3.4/1.37.1/v0.1.12/0.3.19/0.6.6
5,OK650135.1,B.1.429,2020-12-01,complete,Homo sapiens,29801,4.3.4/1.37.1/v0.1.12/0.3.19/0.6.6
5,MZ012511.1,B.1.429,2021-03-27,complete,Homo sapiens,29859,4.3.4/1.37.1/v0.1.12/0.3.19/0.6.6
5,MZ239596.1,B.1.429,2021-04-03,complete,Homo sapiens,29782,4.3.4/1.37.1/v0.1.12/0.3.19/0.6.6
5,MZ636281.1,B.1.429,2021-01-19,complete,Homo sapiens,29903,4.3.4/1.37.1/v0.1.12/0.3.19/0.6.6
5,OR939001.1,B.1.429,2021-01-06,complete,Homo sapiens,29899,4.3.4/1.37.1/v0.1.12/0.3.19/0.6.6
5,MZ207019.1,B.1.429,2021-03-04,complete,Homo sapiens,29862,4.3.4/1.37.1/v0.1.12/0.3.19/0.6.6
5,OK188655.1,B.1.429,2021-02-24,complete,Homo sapiens,29867,4.3.4/1.37.1/v0.1.12/0.3.19/0.6.6
5,OL372473.1,B.1.429,2020-12-01,complete,Homo sapiens,29782,4.3.4/1.37.1/v0.1.12/0.3.19/0.6.6
5,MW923006.1,B.1.429,2021-02-08,complete,Homo sapiens,29866,4.3.4/1.37.1/v0.1.12/0.3.19/0.6.6
5,OK651336.1,B.1.429,2020-12-02,complete,Homo sapiens,29803,4.3.4/1.37.1/v0.1.12/0.3.19/0.6.6
5,ON343483.1,B.1.429,2020-12-15,complete,Homo sapiens,29850,4.3.4/1.37.1/v0.1.12/0.3.19/0.6.6
5,MW617581.1,B.1.429,2021-01-31,complete,Homo sapiens,29868,4.3.4/1.37.1/v0.1.12/0.3.19/0.6.6
5,ON601174.1,B.1.429,2021-03-04,complete,Homo sapiens,29808,4.3.4/1.37.1/v0.1.12/0.3.19/0.6.6
5,MZ022553.1,B.1.429,2021-03-31,complete,Homo sapiens,29890,4.3.4/1.37.1/v0.1.12/0.3.19/0.6.6
5,PP121877.1,B.1.429,2021-01-27,complete,Homo sapiens,29845,4.3.4/1.37.1/v0.1.12/0.3.19/0.6.6
5,OK653104.1,B.1.429,2021-04-01,complete,Homo sapiens,29802,4.3.4/1.37.1/v0.1.12/0.3.19/0.6.6
5,MZ724325.1,B.1.429,2021-04-14,complete,Homo sapiens,29810,4.3.4/1.37.1/v0.1.12/0.3.19/0.6.6
5,MZ167884.1,B.1.429,2021-04-12,complete,Homo sapiens,29836,4.3.4/1.37.1/v0.1.12/0.3.19/0.6.6
5,PP046887.1,B.1.429,2021-01-27,complete,Homo sapiens,29825,4.3.4/1.37.1/v0.1.12/0.3.19/0.6.6
5,PP697179.1,B.1.429,2021-04-09,complete,Homo sapiens,29873,4.3.4/1.37.1/v0.1.12/0.3.19/0.6.6
5,MZ259091.1,B.1.429,2021-03-03,complete,Homo sapiens,29864,4.3.4/1.37.1/v0.1.12/0.3.19/0.6.6
5,MZ025553.1,B.1.429,2021-04-04,complete,Homo sapiens,29903,4.3.4/1.37.1/v0.1.12/0.3.19/0.6.6
5,MZ471889.1,B.1.429,2021-01-15,complete,Homo sapiens,29824,4.3.4/1.37.1/v0.1.12/0.3.19/0.6.6
5,MZ385577.1,B.1.429,2021-03-28,complete,Homo sapiens,29840,4.3.4/1.37.1/v0.1.12/0.3.19/0.6.6
5,MW903673.1,B.1.429,2021-03-22,complete,Homo sapiens,29715,4.3.4/1.37.1/v0.1.12/0.3.19/0.6.6
5,MZ636043.1,B.1.429,2021-02-23,complete,Homo sapiens,29903,4.3.4/1.37.1/v0.1.12/0.3.19/0.6.6
5,MW629261.1,B.1.429,2021-01-18,complete,Homo sapiens,29814,4.3.4/1.37.1/v0.1.12/0.3.19/0.6.6
5,PP123582.1,B.1.429,2021-02-11,complete,Homo sapiens,29845,4.3.4/1.37.1/v0.1.12/0.3.19/0.6.6
5,OK549443.1,B.1.429,2021-01-20,complete,Homo sapiens,29598,4.3.4/1.37.1/v0.1.12/0.3.19/0.6.6
5,PP144573.1,B.1.429,2021-02-08,complete,Homo sapiens,29846,4.3.4/1.37.1/v0.1.12/0.3.19/0.6.6
5,MW731296.1,B.1.429,2021-02-05,complete,Homo sapiens,29788,4.3.4/1.37.1/v0.1.12/0.3.19/0.6.6
5,MZ636280.1,B.1.429,2021-01-04,complete,Homo sapiens,29903,4.3.4/1.37.1/v0.1.12/0.3.19/0.6.6
5,OK548244.1,B.1.429,2020-12-29,complete,Homo sapiens,29598,4.3.4/1.37.1/v0.1.12/0.3.19/0.6.6
5,PP046574.1,B.1.429,2021-01-19,complete,Homo sapiens,29874,4.3.4/1.37.1/v0.1.12/0.3.19/0.6.6
5,OL365695.1,B.1.429,2020-11-28,complete,Homo sapiens,29798,4.3.4/1.37.1/v0.1.12/0.3.19/0.6.6
5,OR587703.1,B.1.429,2021-02,complete,Homo sapiens,29798,4.3.4/1.37.1/v0.1.12/0.3.19/0.6.6
5,OR318461.1,B.1.429,2021-03-27,complete,Homo sapiens,29817,4.3.4/1.37.1/v0.1.12/0.3.19/0.6.6
5,ON216708.1,B.1.429,2020-12-29,complete,Homo sapiens,29766,4.3.4/1.37.1/v0.1.12/0.3.19/0.6.6
5,OM129074.1,B.1.429,2021-02-25,complete,Homo sapiens,29876,4.3.4/1.37.1/v0.1.12/0.3.19/0.6.6
5,MW709243.1,B.1.429,2021-01-25,complete,Homo sapiens,29867,4.3.4/1.37.1/v0.1.12/0.3.19/0.6.6
5,MZ011315.1,B.1.429,2021-03-31,complete,Homo sapiens,29862,4.3.4/1.37.1/v0.1.12/0.3.19/0.6.6
5,MZ490392.1,B.1.429,2021-01-13,complete,Homo sapiens,29806,4.3.4/1.37.1/v0.1.12/0.3.19/0.6.6
5,MW994274.1,B.1.429,2021-03-17,complete,Homo sapiens,29885,4.3.4/1.37.1/v0.1.12/0.3.19/0.6.6
5,PP122254.1,B.1.429,2021-02-04,complete,Homo sapiens,29845,4.3.4/1.37.1/v0.1.12/0.3.19/0.6.6
5,PP162690.1,B.1.429,2021-03-04,complete,Homo sapiens,29892,4.3.4/1.37.1/v0.1.12/0.3.19/0.6.6
5,OM128820.1,B.1.429,2021-02-08,complete,Homo sapiens,29873,4.3.4/1.37.1/v0.1.12/0.3.19/0.6.6
5,MZ747262.1,B.1.429,2021-05-04,complete,Homo sapiens,29796,4.3.4/1.37.1/v0.1.12/0.3.19/0.6.6
5,MZ206924.1,B.1.429,2021-03-04,complete,Homo sapiens,29847,4.3.4/1.37.1/v0.1.12/0.3.19/0.6.6
5,MZ635656.1,B.1.429,2021-01-16,complete,Homo sapiens,29882,4.3.4/1.37.1/v0.1.12/0.3.19/0.6.6
5,MW923206.1,B.1.429,2021-02-19,complete,Homo sapiens,29803,4.3.4/1.37.1/v0.1.12/0.3.19/0.6.6
5,MW849985.1,B.1.429,2021-03-09,complete,Homo sapiens,29867,4.3.4/1.37.1/v0.1.12/0.3.19/0.6.6
5,PQ966772.1,B.1.429,2021-01-07,complete,Homo sapiens,29803,4.3.4/1.37.1/v0.1.12/0.3.19/0.6.6
5,MZ453890.1,B.1.429,2021-04-01,complete,Homo sapiens,29782,4.3.4/1.37.1/v0.1.12/0.3.19/0.6.6
5,MW715193.1,B.1.429,2021-02-16,complete,Homo sapiens,29802,4.3.4/1.37.1/v0.1.12/0.3.19/0.6.6
5,MZ635691.1,B.1.429,2021-01-12,complete,Homo sapiens,29903,4.3.4/1.37.1/v0.1.12/0.3.19/0.6.6
5,OL848487.1,B.1.429,2021-03-04,complete,Homo sapiens,29866,4.3.4/1.37.1/v0.1.12/0.3.19/0.6.6
5,MZ023740.1,B.1.429,2021-03-30,complete,Homo sapiens,29899,4.3.4/1.37.1/v0.1.12/0.3.19/0.6.6
5,MZ009982.1,B.1.429,2021-04-03,complete,Homo sapiens,29824,4.3.4/1.37.1/v0.1.12/0.3.19/0.6.6
5,PP697084.1,B.1.429,2021-03-25,complete,Homo sapiens,29873,4.3.4/1.37.1/v0.1.12/0.3.19/0.6.6
5,MZ718573.1,B.1.429,2021-03-21,complete,Homo sapiens,29862,4.3.4/1.37.1/v0.1.12/0.3.19/0.6.6
5,PP121516.1,B.1.429,2021-02-02,complete,Homo sapiens,29846,4.3.4/1.37.1/v0.1.12/0.3.19/0.6.6
5,MZ164722.1,B.1.429,2021-04-13,complete,Homo sapiens,29836,4.3.4/1.37.1/v0.1.12/0.3.19/0.6.6
5,MZ024176.1,B.1.429,2021-03-29,complete,Homo sapiens,29862,4.3.4/1.37.1/v0.1.12/0.3.19/0.6.6
5,MW868627.1,B.1.429,2021-03-14,complete,Homo sapiens,29821,4.3.4/1.37.1/v0.1.12/0.3.19/0.6.6
5,MZ685618.1,B.1.429,2021-05-18,complete,Homo sapiens,29823,4.3.4/1.37.1/v0.1.12/0.3.19/0.6.6
5,OR305034.1,B.1.429,2021-03-20,complete,Homo sapiens,29817,4.3.4/1.37.1/v0.1.12/0.3.19/0.6.6
5,MZ908910.1,B.1.429,2020-12-22,complete,Homo sapiens,29817,4.3.4/1.37.1/v0.1.12/0.3.19/0.6.6
5,MZ075905.1,B.1.429,2021-04-02,complete,Homo sapiens,29868,4.3.4/1.37.1/v0.1.12/0.3.19/0.6.6
5,PP120277.1,B.1.429,2021-02-04,complete,Homo sapiens,29846,4.3.4/1.37.1/v0.1.12/0.3.19/0.6.6
5,ON343332.1,B.1.429,2020-12-14,complete,Homo sapiens,29874,4.3.4/1.37.1/v0.1.12/0.3.19/0.6.6
5,PP120269.1,B.1.429,2021-02-02,complete,Homo sapiens,29846,4.3.4/1.37.1/v0.1.12/0.3.19/0.6.6
5,PP122017.1,B.1.429,2020-12-28,complete,Homo sapiens,29843,4.3.4/1.37.1/v0.1.12/0.3.19/0.6.6
5,MZ167086.1,B.1.429,2021-04-07,complete,Homo sapiens,29836,4.3.4/1.37.1/v0.1.12/0.3.19/0.6.6
5,MZ070372.1,B.1.429,2021-04-08,complete,Homo sapiens,29715,4.3.4/1.37.1/v0.1.12/0.3.19/0.6.6
5,OK549590.1,B.1.429,2021-01-30,complete,Homo sapiens,29598,4.3.4/1.37.1/v0.1.12/0.3.19/0.6.6
5,ON343495.1,B.1.429,2020-12-15,complete,Homo sapiens,29873,4.3.4/1.37.1/v0.1.12/0.3.19/0.6.6
5,MW972511.1,B.1.429,2020-12-29,complete,Homo sapiens,29782,4.3.4/1.37.1/v0.1.12/0.3.19/0.6.6
5,OK439576.1,B.1.429,2021-02-02,complete,Homo sapiens,29862,4.3.4/1.37.1/v0.1.12/0.3.19/0.6.6
5,MW888032.1,B.1.429,2021-01-08,complete,Homo sapiens,29867,4.3.4/1.37.1/v0.1.12/0.3.19/0.6.6
5,PP186870.1,B.1.429,2021-03-25,complete,Homo sapiens,29849,4.3.4/1.37.1/v0.1.12/0.3.19/0.6.6
5,PP120967.1,B.1.429,2021-02-11,complete,Homo sapiens,29833,4.3.4/1.37.1/v0.1.12/0.3.19/0.6.6
5,MZ203023.1,B.1.429,2021-03-12,complete,Homo sapiens,29841,4.3.4/1.37.1/v0.1.12/0.3.19/0.6.6
5,MW725593.1,B.1.429,2021-02-18,complete,Homo sapiens,29832,4.3.4/1.37.1/v0.1.12/0.3.19/0.6.6
5,MW851672.1,B.1.429,2021-03-08,complete,Homo sapiens,29847,4.3.4/1.37.1/v0.1.12/0.3.19/0.6.6
5,MZ471406.1,B.1.429,2021-03-17,complete,Homo sapiens,29823,4.3.4/1.37.1/v0.1.12/0.3.19/0.6.6
5,MW685682.2,B.1.429,2021-01-26,complete,Homo sapiens,29787,4.3.4/1.37.1/v0.1.12/0.3.19/0.6.6
5,PP119735.1,B.1.429,2021-01-12,complete,Homo sapiens,29846,4.3.4/1.37.1/v0.1.12/0.3.19/0.6.6
5,MW852020.1,B.1.429,2021-03-21,complete,Homo sapiens,29782,4.3.4/1.37.1/v0.1.12/0.3.19/0.6.6
5,MZ622439.1,B.1.429,2020-11-23,complete,Homo sapiens,29903,4.3.4/1.37.1/v0.1.12/0.3.19/0.6.6
5,MZ167541.1,B.1.429,2021-04-08,complete,Homo sapiens,29826,4.3.4/1.37.1/v0.1.12/0.3.19/0.6.6
5,MZ206794.1,B.1.429,2021-01-18,complete,Homo sapiens,29842,4.3.4/1.37.1/v0.1.12/0.3.19/0.6.6
5,MZ635827.1,B.1.429,2021-01-05,complete,Homo sapiens,29903,4.3.4/1.37.1/v0.1.12/0.3.19/0.6.6
5,MZ085937.1,B.1.429,2021-04-14,complete,Homo sapiens,29893,4.3.4/1.37.1/v0.1.12/0.3.19/0.6.6
5,MZ489852.1,B.1.429,2021-01-13,complete,Homo sapiens,29897,4.3.4/1.37.1/v0.1.12/0.3.19/0.6.6
5,MZ075269.1,B.1.429,2021-04-06,complete,Homo sapiens,29903,4.3.4/1.37.1/v0.1.12/0.3.19/0.6.6
5,OM128864.1,B.1.429,2021-02-08,complete,Homo sapiens,29874,4.3.4/1.37.1/v0.1.12/0.3.19/0.6.6
5,MZ259197.1,B.1.429,2021-02-27,complete,Homo sapiens,29895,4.3.4/1.37.1/v0.1.12/0.3.19/0.6.6
5,MW855791.1,B.1.429,2021-03-05,complete,Homo sapiens,29663,4.3.4/1.37.1/v0.1.12/0.3.19/0.6.6
5,OR938577.1,B.1.429,2020-11-18,complete,Homo sapiens,29899,4.3.4/1.37.1/v0.1.12/0.3.19/0.6.6
5,MW411934.1,B.1.429,2020-12-15,complete,Homo sapiens,29858,4.3.4/1.37.1/v0.1.12/0.3.19/0.6.6
5,MZ260185.1,B.1.429,2021-03-06,complete,Homo sapiens,29887,4.3.4/1.37.1/v0.1.12/0.3.19/0.6.6
5,MW671604.1,B.1.429,2021-01-31,complete,Homo sapiens,29782,4.3.4/1.37.1/v0.1.12/0.3.19/0.6.6
5,PP144591.1,B.1.429,2021-02-07,complete,Homo sapiens,29845,4.3.4/1.37.1/v0.1.12/0.3.19/0.6.6
5,MZ473520.1,B.1.429,2021-03-11,complete,Homo sapiens,29782,4.3.4/1.37.1/v0.1.12/0.3.19/0.6.6
5,MW923066.1,B.1.429,2021-02-04,complete,Homo sapiens,29840,4.3.4/1.37.1/v0.1.12/0.3.19/0.6.6
5,MZ722020.1,B.1.429,2020-12-30,complete,Homo sapiens,29903,4.3.4/1.37.1/v0.1.12/0.3.19/0.6.6
5,MZ203255.1,B.1.429,2021-04-19,complete,Homo sapiens,29837,4.3.4/1.37.1/v0.1.12/0.3.19/0.6.6
5,PP123570.1,B.1.429,2021-01-09,complete,Homo sapiens,29846,4.3.4/1.37.1/v0.1.12/0.3.19/0.6.6
5,MW669452.1,B.1.429,2021-02-04,complete,Homo sapiens,29782,4.3.4/1.37.1/v0.1.12/0.3.19/0.6.6
5,MW968796.1,B.1.429,2021-03-26,complete,Homo sapiens,29903,4.3.4/1.37.1/v0.1.12/0.3.19/0.6.6
5,MZ377988.1,B.1.429,2021-05-06,complete,Homo sapiens,29817,4.3.4/1.37.1/v0.1.12/0.3.19/0.6.6
5,MW671619.1,B.1.429,2021-01-31,complete,Homo sapiens,29782,4.3.4/1.37.1/v0.1.12/0.3.19/0.6.6
5,MZ227918.1,B.1.429,2021-04-26,complete,Homo sapiens,29829,4.3.4/1.37.1/v0.1.12/0.3.19/0.6.6
5,OM109464.1,B.1.429,2021-03-23,complete,Homo sapiens,29874,4.3.4/1.37.1/v0.1.12/0.3.19/0.6.6
5,ON343074.1,B.1.429,2020-12-12,complete,Homo sapiens,29861,4.3.4/1.37.1/v0.1.12/0.3.19/0.6.6
5,MZ451534.1,B.1.429,2021-03-14,complete,Homo sapiens,29730,4.3.4/1.37.1/v0.1.12/0.3.19/0.6.6
5,PP046808.1,B.1.429,2021-01-21,complete,Homo sapiens,29866,4.3.4/1.37.1/v0.1.12/0.3.19/0.6.6
5,MZ167527.1,B.1.429,2021-04-08,complete,Homo sapiens,29836,4.3.4/1.37.1/v0.1.12/0.3.19/0.6.6
5,MW702773.1,B.1.429,2021-01-20,complete,Homo sapiens,29852,4.3.4/1.37.1/v0.1.12/0.3.19/0.6.6
5,MZ414623.1,B.1.429,2021-03-29,complete,Homo sapiens,29887,4.3.4/1.37.1/v0.1.12/0.3.19/0.6.6
5,OL844637.1,B.1.429,2020-12-14,complete,Homo sapiens,29834,4.3.4/1.37.1/v0.1.12/0.3.19/0.6.6
5,OL365653.1,B.1.429,2020-11-18,complete,Homo sapiens,29828,4.3.4/1.37.1/v0.1.12/0.3.19/0.6.6
5,PP144079.1,B.1.429,2021-03-01,complete,Homo sapiens,29846,4.3.4/1.37.1/v0.1.12/0.3.19/0.6.6
5,MW586246.1,B.1.429,2021-01-27,complete,Homo sapiens,29873,4.3.4/1.37.1/v0.1.12/0.3.19/0.6.6
5,MW836153.1,B.1.429,2021-02-27,complete,Homo sapiens,29837,4.3.4/1.37.1/v0.1.12/0.3.19/0.6.6
5,MW922946.1,B.1.429,2021-01-16,complete,Homo sapiens,29849,4.3.4/1.37.1/v0.1.12/0.3.19/0.6.6
5,MW766886.1,B.1.429,2021-01-28,complete,Homo sapiens,29867,4.3.4/1.37.1/v0.1.12/0.3.19/0.6.6
5,MZ011036.1,B.1.429,2021-04-01,complete,Homo sapiens,29859,4.3.4/1.37.1/v0.1.12/0.3.19/0.6.6
5,MZ294954.1,B.1.429,2021-01-26,complete,Homo sapiens,29880,4.3.4/1.37.1/v0.1.12/0.3.19/0.6.6
5,MZ684196.1,B.1.429,2021-04-19,complete,Homo sapiens,29824,4.3.4/1.37.1/v0.1.12/0.3.19/0.6.6
5,MZ622486.1,B.1.429,2020-11-24,complete,Homo sapiens,29903,4.3.4/1.37.1/v0.1.12/0.3.19/0.6.6
5,PP119594.1,B.1.429,2021-01-31,complete,Homo sapiens,29846,4.3.4/1.37.1/v0.1.12/0.3.19/0.6.6
5,OL848564.1,B.1.429,2021-03-25,complete,Homo sapiens,29893,4.3.4/1.37.1/v0.1.12/0.3.19/0.6.6
5,MZ378337.1,B.1.429,2021-03-02,complete,Homo sapiens,29782,4.3.4/1.37.1/v0.1.12/0.3.19/0.6.6
5,MW709213.1,B.1.429,2021-02-01,complete,Homo sapiens,29867,4.3.4/1.37.1/v0.1.12/0.3.19/0.6.6
5,MZ085949.1,B.1.429,2021-04-14,complete,Homo sapiens,29898,4.3.4/1.37.1/v0.1.12/0.3.19/0.6.6
5,MZ003719.1,B.1.429,2021-03-30,complete,Homo sapiens,29714,4.3.4/1.37.1/v0.1.12/0.3.19/0.6.6
5,PP122461.1,B.1.429,2021-02-18,complete,Homo sapiens,29846,4.3.4/1.37.1/v0.1.12/0.3.19/0.6.6
5,PP144849.1,B.1.429,2020-11-24,complete,Homo sapiens,29844,4.3.4/1.37.1/v0.1.12/0.3.19/0.6.6
5,MZ056141.1,B.1.429,2021-04-06,complete,Homo sapiens,29814,4.3.4/1.37.1/v0.1.12/0.3.19/0.6.6
5,PP120635.1,B.1.429,2021-02-16,complete,Homo sapiens,29846,4.3.4/1.37.1/v0.1.12/0.3.19/0.6.6
5,MZ034544.1,B.1.429,2021-04-06,complete,Homo sapiens,29887,4.3.4/1.37.1/v0.1.12/0.3.19/0.6.6
5,OM109504.1,B.1.429,2021-03-04,complete,Homo sapiens,29873,4.3.4/1.37.1/v0.1.12/0.3.19/0.6.6
5,MZ722526.1,B.1.429,2020-12-17,complete,Homo sapiens,29903,4.3.4/1.37.1/v0.1.12/0.3.19/0.6.6
5,MW796661.1,B.1.429,2021-02-17,complete,Homo sapiens,29753,4.3.4/1.37.1/v0.1.12/0.3.19/0.6.6
5,PP697160.1,B.1.429,2021-04-06,complete,Homo sapiens,29867,4.3.4/1.37.1/v0.1.12/0.3.19/0.6.6
5,MZ214973.1,B.1.429,2021-04-10,complete,Homo sapiens,29902,4.3.4/1.37.1/v0.1.12/0.3.19/0.6.6
5,MZ462432.1,B.1.429,2021-04-12,complete,Homo sapiens,29834,4.3.4/1.37.1/v0.1.12/0.3.19/0.6.6
5,MZ033141.1,B.1.429,2021-04-02,complete,Homo sapiens,29880,4.3.4/1.37.1/v0.1.12/0.3.19/0.6.6
5,MW838364.2,B.1.429,2021-03-01,complete,Homo sapiens,29880,4.3.4/1.37.1/v0.1.12/0.3.19/0.6.6
5,MW868844.1,B.1.429,2021-03-14,complete,Homo sapiens,29871,4.3.4/1.37.1/v0.1.12/0.3.19/0.6.6
5,MZ635952.1,B.1.429,2021-01-03,complete,Homo sapiens,29903,4.3.4/1.37.1/v0.1.12/0.3.19/0.6.6
5,OR888085.1,B.1.429,2021-01-17,complete,Homo sapiens,29598,4.3.4/1.37.1/v0.1.12/0.3.19/0.6.6
5,MZ636084.1,B.1.429,2021-02-14,complete,Homo sapiens,29903,4.3.4/1.37.1/v0.1.12/0.3.19/0.6.6
5,MZ258713.1,B.1.429,2021-03-06,complete,Homo sapiens,29862,4.3.4/1.37.1/v0.1.12/0.3.19/0.6.6
5,PP122454.1,B.1.429,2021-02-15,complete,Homo sapiens,29845,4.3.4/1.37.1/v0.1.12/0.3.19/0.6.6
5,MZ636205.1,B.1.429,2021-01-12,complete,Homo sapiens,29903,4.3.4/1.37.1/v0.1.12/0.3.19/0.6.6
5,MZ202423.1,B.1.429,2021-04-10,complete,Homo sapiens,29836,4.3.4/1.37.1/v0.1.12/0.3.19/0.6.6
5,OM129051.1,B.1.429,2021-02-25,complete,Homo sapiens,29873,4.3.4/1.37.1/v0.1.12/0.3.19/0.6.6
5,PP161966.1,B.1.429,2021-01-31,complete,Homo sapiens,29859,4.3.4/1.37.1/v0.1.12/0.3.19/0.6.6
5,MZ076051.1,B.1.429,2021-04-02,complete,Homo sapiens,29894,4.3.4/1.37.1/v0.1.12/0.3.19/0.6.6
5,MZ187657.1,B.1.429,2021-04-19,complete,Homo sapiens,29868,4.3.4/1.37.1/v0.1.12/0.3.19/0.6.6
5,PP122439.1,B.1.429,2021-02-16,complete,Homo sapiens,29846,4.3.4/1.37.1/v0.1.12/0.3.19/0.6.6
5,MZ168021.1,B.1.429,2021-04-12,complete,Homo sapiens,29826,4.3.4/1.37.1/v0.1.12/0.3.19/0.6.6
5,MW693735.1,B.1.429,2021-02-10,complete,Homo sapiens,29826,4.3.4/1.37.1/v0.1.12/0.3.19/0.6.6
5,ON776166.1,B.1.429,2021-03-22,complete,Homo sapiens,29887,4.3.4/1.37.1/v0.1.12/0.3.19/0.6.6
5,MW637055.1,B.1.429,2021-01-18,complete,Homo sapiens,29714,4.3.4/1.37.1/v0.1.12/0.3.19/0.6.6
5,MW851765.1,B.1.429,2021-03-08,complete,Homo sapiens,29884,4.3.4/1.37.1/v0.1.12/0.3.19/0.6.6
5,MW851655.1,B.1.429,2021-03-08,complete,Homo sapiens,29860,4.3.4/1.37.1/v0.1.12/0.3.19/0.6.6
5,OR939098.1,B.1.429,2021-01-13,complete,Homo sapiens,29891,4.3.4/1.37.1/v0.1.12/0.3.19/0.6.6
5,OK657724.1,B.1.429,2020-12-14,complete,Homo sapiens,29872,4.3.4/1.37.1/v0.1.12/0.3.19/0.6.6
5,OL540551.1,B.1.429,2020-12-29,complete,Homo sapiens,29825,4.3.4/1.37.1/v0.1.12/0.3.19/0.6.6
5,PP121920.1,B.1.429,2021-01-24,complete,Homo sapiens,29845,4.3.4/1.37.1/v0.1.12/0.3.19/0.6.6
5,OR305028.1,B.1.429,2021-04-09,complete,Homo sapiens,29835,4.3.4/1.37.1/v0.1.12/0.3.19/0.6.6
5,PP120323.1,B.1.429,2021-02-04,complete,Homo sapiens,29847,4.3.4/1.37.1/v0.1.12/0.3.19/0.6.6
5,PP123726.1,B.1.429,2021-01-21,complete,Homo sapiens,29814,4.3.4/1.37.1/v0.1.12/0.3.19/0.6.6
5,MW777067.1,B.1.429,2021-02-16,complete,Homo sapiens,29886,4.3.4/1.37.1/v0.1.12/0.3.19/0.6.6
5,MW820240.1,B.1.429,2021-03-05,complete,Homo sapiens,29761,4.3.4/1.37.1/v0.1.12/0.3.19/0.6.6
5,MW966219.1,B.1.429,2021-03-23,complete,Homo sapiens,29854,4.3.4/1.37.1/v0.1.12/0.3.19/0.6.6
5,MZ257333.1,B.1.429,2021-03-24,complete,Homo sapiens,29888,4.3.4/1.37.1/v0.1.12/0.3.19/0.6.6
5,MZ366611.1,B.1.429,2021-05-07,complete,Homo sapiens,29833,4.3.4/1.37.1/v0.1.12/0.3.19/0.6.6
5,MW733210.1,B.1.429,2021-02-24,complete,Homo sapiens,29782,4.3.4/1.37.1/v0.1.12/0.3.19/0.6.6
5,MZ722350.1,B.1.429,2020-12-20,complete,Homo sapiens,29903,4.3.4/1.37.1/v0.1.12/0.3.19/0.6.6
5,OK439130.1,B.1.429,2021-02-06,complete,Homo sapiens,29854,4.3.4/1.37.1/v0.1.12/0.3.19/0.6.6
5,MW702071.1,B.1.429,2020-12-28,complete,Homo sapiens,29816,4.3.4/1.37.1/v0.1.12/0.3.19/0.6.6
5,MZ260181.1,B.1.429,2021-03-06,complete,Homo sapiens,29890,4.3.4/1.37.1/v0.1.12/0.3.19/0.6.6
5,MW825600.1,B.1.429,2021-03-14,complete,Homo sapiens,29782,4.3.4/1.37.1/v0.1.12/0.3.19/0.6.6
5,OL706645.1,B.1.429,2021-04-07,complete,Homo sapiens,29760,4.3.4/1.37.1/v0.1.12/0.3.19/0.6.6
5,MZ246458.1,B.1.429,2021-03-08,complete,Homo sapiens,29836,4.3.4/1.37.1/v0.1.12/0.3.19/0.6.6
5,MZ132670.1,B.1.429,2021-04-18,complete,Homo sapiens,29817,4.3.4/1.37.1/v0.1.12/0.3.19/0.6.6
5,MW738393.1,B.1.429,2021-01-05,complete,Homo sapiens,29861,4.3.4/1.37.1/v0.1.12/0.3.19/0.6.6
5,MW820258.1,B.1.429,2021-03-08,complete,Homo sapiens,29761,4.3.4/1.37.1/v0.1.12/0.3.19/0.6.6
5,MZ664674.1,B.1.429,2021-04-22,complete,Homo sapiens,29789,4.3.4/1.37.1/v0.1.12/0.3.19/0.6.6
5,MZ083507.1,B.1.429,2021-04-01,complete,Homo sapiens,29903,4.3.4/1.37.1/v0.1.12/0.3.19/0.6.6
5,MZ780443.1,B.1.429,2021-04-21,complete,Homo sapiens,29837,4.3.4/1.37.1/v0.1.12/0.3.19/0.6.6
5,MZ059755.1,B.1.429,2021-04-11,complete,Homo sapiens,29829,4.3.4/1.37.1/v0.1.12/0.3.19/0.6.6
5,MZ635741.1,B.1.429,2021-01-02,complete,Homo sapiens,29903,4.3.4/1.37.1/v0.1.12/0.3.19/0.6.6
5,MZ377438.1,B.1.429,2021-04-23,complete,Homo sapiens,29850,4.3.4/1.37.1/v0.1.12/0.3.19/0.6.6
5,ON343336.1,B.1.429,2020-12-14,complete,Homo sapiens,29870,4.3.4/1.37.1/v0.1.12/0.3.19/0.6.6
5,MZ505827.1,B.1.429,2021-05-06,complete,Homo sapiens,29821,4.3.4/1.37.1/v0.1.12/0.3.19/0.6.6
5,MZ035144.1,B.1.429,2021-04-03,complete,Homo sapiens,29825,4.3.4/1.37.1/v0.1.12/0.3.19/0.6.6
5,PP162787.1,B.1.429,2020-12-28,complete,Homo sapiens,29864,4.3.4/1.37.1/v0.1.12/0.3.19/0.6.6
5,MZ003148.1,B.1.429,2021-03-29,complete,Homo sapiens,29713,4.3.4/1.37.1/v0.1.12/0.3.19/0.6.6
5,OK657702.1,B.1.429,2020-12-14,complete,Homo sapiens,29822,4.3.4/1.37.1/v0.1.12/0.3.19/0.6.6
5,OK650205.1,B.1.429,2020-12-01,complete,Homo sapiens,29789,4.3.4/1.37.1/v0.1.12/0.3.19/0.6.6
5,MZ082590.1,B.1.429,2021-04-08,complete,Homo sapiens,29867,4.3.4/1.37.1/v0.1.12/0.3.19/0.6.6
5,PP122656.1,B.1.429,2021-01-15,complete,Homo sapiens,29846,4.3.4/1.37.1/v0.1.12/0.3.19/0.6.6
5,MZ076725.1,B.1.429,2021-03-25,complete,Homo sapiens,29847,4.3.4/1.37.1/v0.1.12/0.3.19/0.6.6
5,MZ635994.1,B.1.429,2021-01-14,complete,Homo sapiens,29903,4.3.4/1.37.1/v0.1.12/0.3.19/0.6.6
5,MW495071.1,B.1.429,2021-01-07,complete,Homo sapiens,29782,4.3.4/1.37.1/v0.1.12/0.3.19/0.6.6
5,PP144379.1,B.1.429,2021-02-07,complete,Homo sapiens,29846,4.3.4/1.37.1/v0.1.12/0.3.19/0.6.6
5,MZ246492.1,B.1.429,2021-03-17,complete,Homo sapiens,29836,4.3.4/1.37.1/v0.1.12/0.3.19/0.6.6
5,OK653095.1,B.1.429,2021-04-01,complete,Homo sapiens,29782,4.3.4/1.37.1/v0.1.12/0.3.19/0.6.6
5,PP162135.1,B.1.429,2021-03-07,complete,Homo sapiens,29849,4.3.4/1.37.1/v0.1.12/0.3.19/0.6.6
5,OK549592.1,B.1.429,2021-01-30,complete,Homo sapiens,29598,4.3.4/1.37.1/v0.1.12/0.3.19/0.6.6
5,MW778388.1,B.1.429,2021-02-16,complete,Homo sapiens,29863,4.3.4/1.37.1/v0.1.12/0.3.19/0.6.6
5,MZ312705.1,B.1.429,2021-05-21,complete,Homo sapiens,29782,4.3.4/1.37.1/v0.1.12/0.3.19/0.6.6
5,OK187837.1,B.1.429,2021-03-22,complete,Homo sapiens,29841,4.3.4/1.37.1/v0.1.12/0.3.19/0.6.6
5,MW707783.1,B.1.429,2021-02-13,complete,Homo sapiens,29714,4.3.4/1.37.1/v0.1.12/0.3.19/0.6.6
5,MZ173236.1,B.1.429,2021-04-17,complete,Homo sapiens,29782,4.3.4/1.37.1/v0.1.12/0.3.19/0.6.6
5,MW903402.1,B.1.429,2021-03-16,complete,Homo sapiens,29714,4.3.4/1.37.1/v0.1.12/0.3.19/0.6.6
5,MZ203013.1,B.1.429,2021-03-16,complete,Homo sapiens,29816,4.3.4/1.37.1/v0.1.12/0.3.19/0.6.6
5,MZ684153.1,B.1.429,2021-04-19,complete,Homo sapiens,29830,4.3.4/1.37.1/v0.1.12/0.3.19/0.6.6
5,PP119783.1,B.1.429,2021-02-01,complete,Homo sapiens,29846,4.3.4/1.37.1/v0.1.12/0.3.19/0.6.6
5,OQ098611.1,B.1.429,2021-02-16,complete,Homo sapiens,29823,4.3.4/1.37.1/v0.1.12/0.3.19/0.6.6
5,MW993009.1,B.1.429,2021-03-09,complete,Homo sapiens,29873,4.3.4/1.37.1/v0.1.12/0.3.19/0.6.6
5,PP122262.1,B.1.429,2021-02-02,complete,Homo sapiens,29847,4.3.4/1.37.1/v0.1.12/0.3.19/0.6.6
5,MZ072305.1,B.1.429,2021-04-14,complete,Homo sapiens,29714,4.3.4/1.37.1/v0.1.12/0.3.19/0.6.6
5,PP123643.1,B.1.429,2021-01-04,complete,Homo sapiens,29846,4.3.4/1.37.1/v0.1.12/0.3.19/0.6.6
5,OL369259.1,B.1.429,2021-04-28,complete,Homo sapiens,29898,4.3.4/1.37.1/v0.1.12/0.3.19/0.6.6
5,MZ170639.1,B.1.429,2021-04-11,complete,Homo sapiens,29831,4.3.4/1.37.1/v0.1.12/0.3.19/0.6.6
5,MW990902.1,B.1.429,2021-03-30,complete,Homo sapiens,29900,4.3.4/1.37.1/v0.1.12/0.3.19/0.6.6
5,MW932611.1,B.1.429,2021-03-31,complete,Homo sapiens,29831,4.3.4/1.37.1/v0.1.12/0.3.19/0.6.6
5,MZ635907.1,B.1.429,2021-02-05,complete,Homo sapiens,29903,4.3.4/1.37.1/v0.1.12/0.3.19/0.6.6
5,PP119924.1,B.1.429,2021-02-25,complete,Homo sapiens,29843,4.3.4/1.37.1/v0.1.12/0.3.19/0.6.6
5,MZ684647.1,B.1.429,2021-04-17,complete,Homo sapiens,29827,4.3.4/1.37.1/v0.1.12/0.3.19/0.6.6
5,PP121130.1,B.1.429,2021-01-27,complete,Homo sapiens,29841,4.3.4/1.37.1/v0.1.12/0.3.19/0.6.6
5,MW850047.1,B.1.429,2021-03-09,complete,Homo sapiens,29867,4.3.4/1.37.1/v0.1.12/0.3.19/0.6.6
5,MZ722437.1,B.1.429,2020-12-17,complete,Homo sapiens,29903,4.3.4/1.37.1/v0.1.12/0.3.19/0.6.6
5,MZ034232.1,B.1.429,2021-04-10,complete,Homo sapiens,29862,4.3.4/1.37.1/v0.1.12/0.3.19/0.6.6
5,OL844207.1,B.1.429,2020-12-15,complete,Homo sapiens,29819,4.3.4/1.37.1/v0.1.12/0.3.19/0.6.6
5,MZ202921.1,B.1.429,2021-03-08,complete,Homo sapiens,29856,4.3.4/1.37.1/v0.1.12/0.3.19/0.6.6
5,MZ377643.1,B.1.429,2021-04-12,complete,Homo sapiens,29837,4.3.4/1.37.1/v0.1.12/0.3.19/0.6.6
5,MZ490347.1,B.1.429,2021-01-16,complete,Homo sapiens,29836,4.3.4/1.37.1/v0.1.12/0.3.19/0.6.6
5,MZ090073.1,B.1.429,2021-04-09,complete,Homo sapiens,29726,4.3.4/1.37.1/v0.1.12/0.3.19/0.6.6
5,PP046471.1,B.1.429,2021-01-20,complete,Homo sapiens,29849,4.3.4/1.37.1/v0.1.12/0.3.19/0.6.6
5,MW855747.1,B.1.429,2021-03-13,complete,Homo sapiens,29817,4.3.4/1.37.1/v0.1.12/0.3.19/0.6.6
5,PP162742.1,B.1.429,2020-12-23,complete,Homo sapiens,29849,4.3.4/1.37.1/v0.1.12/0.3.19/0.6.6
5,OP143364.1,B.1.429,2021-01-02,complete,Homo sapiens,29782,4.3.4/1.37.1/v0.1.12/0.3.19/0.6.6
5,OL844831.1,B.1.429,2020-12-17,complete,Homo sapiens,29832,4.3.4/1.37.1/v0.1.12/0.3.19/0.6.6
5,PQ964479.1,B.1.429,2021-02-26,complete,Homo sapiens,29771,4.3.4/1.37.1/v0.1.12/0.3.19/0.6.6
5,MW648297.1,B.1.429,2021-01-13,complete,Homo sapiens,29819,4.3.4/1.37.1/v0.1.12/0.3.19/0.6.6
5,PP122574.1,B.1.429,2021-02-24,complete,Homo sapiens,29846,4.3.4/1.37.1/v0.1.12/0.3.19/0.6.6
5,ON776345.1,B.1.429,2020-10-28,complete,Homo sapiens,29714,4.3.4/1.37.1/v0.1.12/0.3.19/0.6.6
5,MW904436.1,B.1.429,2021-03-17,complete,Homo sapiens,29830,4.3.4/1.37.1/v0.1.12/0.3.19/0.6.6
5,MW577104.1,B.1.429,2021-01-08,complete,Homo sapiens,29886,4.3.4/1.37.1/v0.1.12/0.3.19/0.6.6
5,MZ722610.1,B.1.429,2020-12-29,complete,Homo sapiens,29903,4.3.4/1.37.1/v0.1.12/0.3.19/0.6.6
5,OK221181.1,B.1.429,2021-04-01,complete,Homo sapiens,29896,4.3.4/1.37.1/v0.1.12/0.3.19/0.6.6
5,PP122376.1,B.1.429,2021-02-15,complete,Homo sapiens,29845,4.3.4/1.37.1/v0.1.12/0.3.19/0.6.6
5,MW738253.1,B.1.429,2020-12-15,complete,Homo sapiens,29814,4.3.4/1.37.1/v0.1.12/0.3.19/0.6.6
5,MZ034333.1,B.1.429,2021-04-10,complete,Homo sapiens,29885,4.3.4/1.37.1/v0.1.12/0.3.19/0.6.6
5,MW672794.1,B.1.429,2021-02-04,complete,Homo sapiens,29845,4.3.4/1.37.1/v0.1.12/0.3.19/0.6.6
5,MW768046.1,B.1.429,2021-02-26,complete,Homo sapiens,29821,4.3.4/1.37.1/v0.1.12/0.3.19/0.6.6
5,OK188241.1,B.1.429,2021-02-18,complete,Homo sapiens,29867,4.3.4/1.37.1/v0.1.12/0.3.19/0.6.6
5,MZ376808.1,B.1.429,2021-01-11,complete,Homo sapiens,29835,4.3.4/1.37.1/v0.1.12/0.3.19/0.6.6
5,MZ056162.1,B.1.429,2021-04-05,complete,Homo sapiens,29811,4.3.4/1.37.1/v0.1.12/0.3.19/0.6.6
5,PQ413046.1,B.1.429,2021-02-27,complete,Homo sapiens,29777,4.3.4/1.37.1/v0.1.12/0.3.19/0.6.6
5,MZ376632.1,B.1.429,2021-04-25,complete,Homo sapiens,29876,4.3.4/1.37.1/v0.1.12/0.3.19/0.6.6
5,MW968040.1,B.1.429,2021-03-18,complete,Homo sapiens,29902,4.3.4/1.37.1/v0.1.12/0.3.19/0.6.6
5,MZ684750.1,B.1.429,2021-04-17,complete,Homo sapiens,29820,4.3.4/1.37.1/v0.1.12/0.3.19/0.6.6
5,OL890967.1,B.1.429,2021-03-16,complete,Homo sapiens,29782,4.3.4/1.37.1/v0.1.12/0.3.19/0.6.6
5,OL551574.1,B.1.429,2020-12-01,complete,Homo sapiens,29778,4.3.4/1.37.1/v0.1.12/0.3.19/0.6.6
5,OK547390.1,B.1.429,2021-01-11,complete,Homo sapiens,29598,4.3.4/1.37.1/v0.1.12/0.3.19/0.6.6
5,MZ037030.1,B.1.429,2021-04-12,complete,Homo sapiens,29715,4.3.4/1.37.1/v0.1.12/0.3.19/0.6.6
5,MZ349504.1,B.1.429,2021-04-02,complete,Homo sapiens,29902,4.3.4/1.37.1/v0.1.12/0.3.19/0.6.6
5,MW583241.1,B.1.429,2021-01-15,complete,Homo sapiens,29854,4.3.4/1.37.1/v0.1.12/0.3.19/0.6.6
5,MW731005.1,B.1.429,2021-01-08,complete,Homo sapiens,29867,4.3.4/1.37.1/v0.1.12/0.3.19/0.6.6
5,OL540472.1,B.1.429,2020-12-30,complete,Homo sapiens,29833,4.3.4/1.37.1/v0.1.12/0.3.19/0.6.6
5,MW780940.1,B.1.429,2021-03-02,complete,Homo sapiens,29714,4.3.4/1.37.1/v0.1.12/0.3.19/0.6.6
5,MW891410.1,B.1.429,2021-03-21,complete,Homo sapiens,29831,4.3.4/1.37.1/v0.1.12/0.3.19/0.6.6
5,MZ202894.1,B.1.429,2021-03-16,complete,Homo sapiens,29857,4.3.4/1.37.1/v0.1.12/0.3.19/0.6.6
5,MZ207051.1,B.1.429,2021-03-04,complete,Homo sapiens,29810,4.3.4/1.37.1/v0.1.12/0.3.19/0.6.6
5,OM163220.1,B.1.429,2021-04-05,complete,Homo sapiens,29782,4.3.4/1.37.1/v0.1.12/0.3.19/0.6.6
5,MZ164785.1,B.1.429,2021-04-15,complete,Homo sapiens,29837,4.3.4/1.37.1/v0.1.12/0.3.19/0.6.6
5,MW923056.1,B.1.429,2021-02-05,complete,Homo sapiens,29843,4.3.4/1.37.1/v0.1.12/0.3.19/0.6.6
5,OR584623.1,B.1.429,2021-02,complete,Homo sapiens,29690,4.3.4/1.37.1/v0.1.12/0.3.19/0.6.6
5,MW921807.1,B.1.429,2021-03-10,complete,Homo sapiens,29816,4.3.4/1.37.1/v0.1.12/0.3.19/0.6.6
5,MW739683.1,B.1.429,2021-01-27,complete,Homo sapiens,29858,4.3.4/1.37.1/v0.1.12/0.3.19/0.6.6
5,MZ325016.1,B.1.429,2021-05-11,complete,Homo sapiens,29811,4.3.4/1.37.1/v0.1.12/0.3.19/0.6.6
5,PP122237.1,B.1.429,2021-02-03,complete,Homo sapiens,29846,4.3.4/1.37.1/v0.1.12/0.3.19/0.6.6
5,MW871014.1,B.1.429,2021-03-15,complete,Homo sapiens,29714,4.3.4/1.37.1/v0.1.12/0.3.19/0.6.6
6,OX613787.1,B.1.525,2020,complete,Homo sapiens,29903,4.3.4/1.37.1/v0.1.12/0.3.19/0.6.6
6,ON030839.1,B.1.525,2021-04-23,complete,Homo sapiens,29773,4.3.4/1.37.1/v0.1.12/0.3.19/0.6.6
6,MZ362445.1,B.1.525,2021-05-18,complete,Homo sapiens,29693,4.3.4/1.37.1/v0.1.12/0.3.19/0.6.6
6,OU390491.1,B.1.525,2021-03-02,complete,Homo sapiens,29879,4.3.4/1.37.1/v0.1.12/0.3.19/0.6.6
6,MZ073874.1,B.1.525,2021-04-13,complete,Homo sapiens,29709,4.3.4/1.37.1/v0.1.12/0.3.19/0.6.6
6,MZ733553.1,B.1.525,2021-07,complete,Homo sapiens,29735,4.3.4/1.37.1/v0.1.12/0.3.19/0.6.6
6,MZ082778.1,B.1.525,2021-04-09,complete,Homo sapiens,29771,4.3.4/1.37.1/v0.1.12/0.3.19/0.6.6
6,MZ232694.1,B.1.525,2021-04-20,complete,Homo sapiens,29516,4.3.4/1.37.1/v0.1.12/0.3.19/0.6.6
6,OX920978.1,B.1.525,2020,complete,Homo sapiens,29903,4.3.4/1.37.1/v0.1.12/0.3.19/0.6.6
6,OX594314.1,B.1.525,2021-02-08,complete,Homo sapiens,29830,4.3.4/1.37.1/v0.1.12/0.3.19/0.6.6
6,OD950196.1,B.1.525,2021-01-20,complete,Homo sapiens,29827,4.3.4/1.37.1/v0.1.12/0.3.19/0.6.6
6,MZ255147.1,B.1.525,2021-05-04,complete,Homo sapiens,29689,4.3.4/1.37.1/v0.1.12/0.3.19/0.6.6
6,MZ260436.1,B.1.525,2021-03-08,complete,Homo sapiens,29749,4.3.4/1.37.1/v0.1.12/0.3.19/0.6.6
6,MZ240196.1,B.1.525,2021-05-03,complete,Homo sapiens,29805,4.3.4/1.37.1/v0.1.12/0.3.19/0.6.6
6,OY337341.1,B.1.525,2020,complete,Homo sapiens,29903,4.3.4/1.37.1/v0.1.12/0.3.19/0.6.6
6,MZ282401.1,B.1.525,2021-05-01,complete,Homo sapiens,29791,4.3.4/1.37.1/v0.1.12/0.3.19/0.6.6
6,OQ051489.1,B.1.525,2021-02-18,complete,Homo sapiens,29743,4.3.4/1.37.1/v0.1.12/0.3.19/0.6.6
6,MW963370.1,B.1.525,2021-03-19,complete,Homo sapiens,29757,4.3.4/1.37.1/v0.1.12/0.3.19/0.6.6
6,OL601946.1,B.1.525,2021-04-04,complete,Homo sapiens,29708,4.3.4/1.37.1/v0.1.12/0.3.19/0.6.6
6,MW598416.1,B.1.525,2021-01-13,complete,Homo sapiens,29888,4.3.4/1.37.1/v0.1.12/0.3.19/0.6.6
6,OQ050343.1,B.1.525,2021-01-31,complete,Homo sapiens,29812,4.3.4/1.37.1/v0.1.12/0.3.19/0.6.6
6,MZ371507.1,B.1.525,2021-05-19,complete,Homo sapiens,29610,4.3.4/1.37.1/v0.1.12/0.3.19/0.6.6
6,MZ282111.1,B.1.525,2021-05-02,complete,Homo sapiens,29827,4.3.4/1.37.1/v0.1.12/0.3.19/0.6.6
6,MW966397.1,B.1.525,2021-03-11,complete,Homo sapiens,29815,4.3.4/1.37.1/v0.1.12/0.3.19/0.6.6
6,OL601952.1,B.1.525,2021-08-30,complete,Homo sapiens,29708,4.3.4/1.37.1/v0.1.12/0.3.19/0.6.6
6,PQ791681.1,B.1.525,2021-02-09,complete,Homo sapiens,29660,4.3.4/1.37.1/v0.1.12/0.3.19/0.6.6
6,OX863766.1,B.1.525,2020,complete,Homo sapiens,29903,4.3.4/1.37.1/v0.1.12/0.3.19/0.6.6
6,OL601945.1,B.1.525,2021-04-04,complete,Homo sapiens,29708,4.3.4/1.37.1/v0.1.12/0.3.19/0.6.6
6,PP520049.1,B.1.525,2021-05-14,complete,Homo sapiens,29792,4.3.4/1.37.1/v0.1.12/0.3.19/0.6.6
6,PQ972466.1,B.1.525,2021-04-13,complete,Homo sapiens,29781,4.3.4/1.37.1/v0.1.12/0.3.19/0.6.6
6,OQ050353.1,B.1.525,2021-02-01,complete,Homo sapiens,29802,4.3.4/1.37.1/v0.1.12/0.3.19/0.6.6
6,OK290644.1,B.1.525,2021-04-07,complete,Homo sapiens,29717,4.3.4/1.37.1/v0.1.12/0.3.19/0.6.6
6,OM765439.1,B.1.525,2021-05-07,complete,Homo sapiens,29792,4.3.4/1.37.1/v0.1.12/0.3.19/0.6.6
6,OL601620.1,B.1.525,2021-01-14,complete,Homo sapiens,29708,4.3.4/1.37.1/v0.1.12/0.3.19/0.6.6
6,MW976670.1,B.1.525,2021-03-22,complete,Homo sapiens,29709,4.3.4/1.37.1/v0.1.12/0.3.19/0.6.6
6,OQ050270.1,B.1.525,2021-01-08,complete,Homo sapiens,29825,4.3.4/1.37.1/v0.1.12/0.3.19/0.6.6
6,OU013324.1,B.1.525,2021-02-17,complete,Homo sapiens,29830,4.3.4/1.37.1/v0.1.12/0.3.19/0.6.6
6,MZ172199.1,B.1.525,2021-04-17,complete,Homo sapiens,29503,4.3.4/1.37.1/v0.1.12/0.3.19/0.6.6
6,OX733760.1,B.1.525,2020,complete,Homo sapiens,29903,4.3.4/1.37.1/v0.1.12/0.3.19/0.6.6
6,OX654602.1,B.1.525,2021-02-17,complete,Homo sapiens,29830,4.3.4/1.37.1/v0.1.12/0.3.19/0.6.6
6,OU013398.1,B.1.525,2021-02-17,complete,Homo sapiens,29830,4.3.4/1.37.1/v0.1.12/0.3.19/0.6.6
6,OD960443.1,B.1.525,2021-01-26,complete,Homo sapiens,29827,4.3.4/1.37.1/v0.1.12/0.3.19/0.6.6
6,MW975707.1,B.1.525,2021-02-25,complete,Homo sapiens,29709,4.3.4/1.37.1/v0.1.12/0.3.19/0.6.6
6,MW963443.1,B.1.525,2021-03-21,complete,Homo sapiens,29755,4.3.4/1.37.1/v0.1.12/0.3.19/0.6.6
6,MZ166532.1,B.1.525,2021-04-12,complete,Homo sapiens,29820,4.3.4/1.37.1/v0.1.12/0.3.19/0.6.6
6,OQ050774.1,B.1.525,2021-01-14,complete,Homo sapiens,29851,4.3.4/1.37.1/v0.1.12/0.3.19/0.6.6
6,MZ259318.1,B.1.525,2021-03-09,complete,Homo sapiens,29794,4.3.4/1.37.1/v0.1.12/0.3.19/0.6.6
6,OQ050735.1,B.1.525,2021-01-02,complete,Homo sapiens,29840,4.3.4/1.37.1/v0.1.12/0.3.19/0.6.6
6,MZ008755.1,B.1.525,2021-04-10,complete,Homo sapiens,29689,4.3.4/1.37.1/v0.1.12/0.3.19/0.6.6
6,MZ212455.1,B.1.525,2021-04-10,complete,Homo sapiens,29799,4.3.4/1.37.1/v0.1.12/0.3.19/0.6.6
6,MZ280475.1,B.1.525,2021-05-03,complete,Homo sapiens,29799,4.3.4/1.37.1/v0.1.12/0.3.19/0.6.6
6,OX574240.1,B.1.525,2021-02-28,complete,Homo sapiens,29830,4.3.4/1.37.1/v0.1.12/0.3.19/0.6.6
6,MZ023647.1,B.1.525,2021-03-29,complete,Homo sapiens,29800,4.3.4/1.37.1/v0.1.12/0.3.19/0.6.6
6,MW975218.1,B.1.525,2021-02-13,complete,Homo sapiens,29718,4.3.4/1.37.1/v0.1.12/0.3.19/0.6.6
6,PQ967300.1,B.1.525,2021-04-21,complete,Homo sapiens,29660,4.3.4/1.37.1/v0.1.12/0.3.19/0.6.6
6,OK192682.1,B.1.525,2021-03-14,complete,Homo sapiens,29763,4.3.4/1.37.1/v0.1.12/0.3.19/0.6.6
6,OY304727.1,B.1.525,2020,complete,Homo sapiens,29878,4.3.4/1.37.1/v0.1.12/0.3.19/0.6.6
6,MZ499074.1,B.1.525,2021-04-13,complete,Homo sapiens,29826,4.3.4/1.37.1/v0.1.12/0.3.19/0.6.6
6,MZ388000.1,B.1.525,2021-04-26,complete,Homo sapiens,29730,4.3.4/1.37.1/v0.1.12/0.3.19/0.6.6
6,OK546849.1,B.1.525,2021-04-02,complete,Homo sapiens,29827,4.3.4/1.37.1/v0.1.12/0.3.19/0.6.6
6,MZ245098.1,B.1.525,2021-05-11,complete,Homo sapiens,29808,4.3.4/1.37.1/v0.1.12/0.3.19/0.6.6
6,OX928596.1,B.1.525,2021-02-01,complete,Homo sapiens,29829,4.3.4/1.37.1/v0.1.12/0.3.19/0.6.6
6,MZ257278.1,B.1.525,2021-03-23,complete,Homo sapiens,29746,4.3.4/1.37.1/v0.1.12/0.3.19/0.6.6
6,MZ152584.1,B.1.525,2021-04-20,complete,Homo sapiens,29709,4.3.4/1.37.1/v0.1.12/0.3.19/0.6.6
6,OY585778.1,B.1.525,2021-01-13,complete,Homo sapiens,29830,4.3.4/1.37.1/v0.1.12/0.3.19/0.6.6
6,MZ287993.1,B.1.525,2021-05-05,complete,Homo sapiens,29709,4.3.4/1.37.1/v0.1.12/0.3.19/0.6.6
6,OL369053.1,B.1.525,2021-04-28,complete,Homo sapiens,29803,4.3.4/1.37.1/v0.1.12/0.3.19/0.6.6
6,MZ718756.1,B.1.525,2021-03-27,complete,Homo sapiens,29792,4.3.4/1.37.1/v0.1.12/0.3.19/0.6.6
6,MZ171919.1,B.1.525,2021-04-21,complete,Homo sapiens,29516,4.3.4/1.37.1/v0.1.12/0.3.19/0.6.6
6,OD985084.1,B.1.525,2021-02-06,complete,Homo sapiens,29830,4.3.4/1.37.1/v0.1.12/0.3.19/0.6.6
6,MZ058020.1,B.1.525,2021-04-16,complete,Homo sapiens,29689,4.3.4/1.37.1/v0.1.12/0.3.19/0.6.6
6,MZ055955.1,B.1.525,2021-03-29,complete,Homo sapiens,29723,4.3.4/1.37.1/v0.1.12/0.3.19/0.6.6
6,OX749011.1,B.1.525,2021-05-26,complete,Homo sapiens,29877,4.3.4/1.37.1/v0.1.12/0.3.19/0.6.6
6,MZ261083.1,B.1.525,2021-04-30,complete,Homo sapiens,29750,4.3.4/1.37.1/v0.1.12/0.3.19/0.6.6
6,OQ050870.1,B.1.525,2021-01-13,complete,Homo sapiens,29818,4.3.4/1.37.1/v0.1.12/0.3.19/0.6.6
6,MW975638.1,B.1.525,2021-02-26,complete,Homo sapiens,29709,4.3.4/1.37.1/v0.1.12/0.3.19/0.6.6
6,OL369052.1,B.1.525,2021-04-28,complete,Homo sapiens,29800,4.3.4/1.37.1/v0.1.12/0.3.19/0.6.6
6,OQ050858.1,B.1.525,2021-01-03,complete,Homo sapiens,29788,4.3.4/1.37.1/v0.1.12/0.3.19/0.6.6
6,MZ030208.1,B.1.525,2021-04-08,complete,Homo sapiens,29709,4.3.4/1.37.1/v0.1.12/0.3.19/0.6.6
6,OX867636.1,B.1.525,2020,complete,Homo sapiens,29902,4.3.4/1.37.1/v0.1.12/0.3.19/0.6.6
6,MZ280476.1,B.1.525,2021-05-01,complete,Homo sapiens,29799,4.3.4/1.37.1/v0.1.12/0.3.19/0.6.6
6,MZ261936.1,B.1.525,2021-04-29,complete,Homo sapiens,29741,4.3.4/1.37.1/v0.1.12/0.3.19/0.6.6
6,OL601954.1,B.1.525,2021-04-04,complete,Homo sapiens,29708,4.3.4/1.37.1/v0.1.12/0.3.19/0.6.6
6,OX594556.1,B.1.525,2021-01-17,complete,Homo sapiens,29879,4.3.4/1.37.1/v0.1.12/0.3.19/0.6.6
6,PZ379730.1,B.1.525,2022-07,complete,Homo sapiens,29649,4.3.4/1.37.1/v0.1.12/0.3.19/0.6.6
6,MZ530313.1,B.1.525,2021-06-17,complete,Homo sapiens,29709,4.3.4/1.37.1/v0.1.12/0.3.19/0.6.6
6,ON284668.1,B.1.525,2021-05-11,complete,Homo sapiens,29603,4.3.4/1.37.1/v0.1.12/0.3.19/0.6.6
6,MZ287978.1,B.1.525,2021-05-05,complete,Homo sapiens,29709,4.3.4/1.37.1/v0.1.12/0.3.19/0.6.6
6,MZ232725.1,B.1.525,2021-04-20,complete,Homo sapiens,29516,4.3.4/1.37.1/v0.1.12/0.3.19/0.6.6
6,MZ378119.1,B.1.525,2021-04-15,complete,Homo sapiens,29736,4.3.4/1.37.1/v0.1.12/0.3.19/0.6.6
6,MW990832.1,B.1.525,2021-03-28,complete,Homo sapiens,29799,4.3.4/1.37.1/v0.1.12/0.3.19/0.6.6
6,OD982560.1,B.1.525,2021-02-09,complete,Homo sapiens,29830,4.3.4/1.37.1/v0.1.12/0.3.19/0.6.6
6,ON286531.1,B.1.525,2021-04-14,complete,Homo sapiens,29791,4.3.4/1.37.1/v0.1.12/0.3.19/0.6.6
6,MZ192852.1,B.1.525,2021-04-27,complete,Homo sapiens,29756,4.3.4/1.37.1/v0.1.12/0.3.19/0.6.6
6,MZ471474.1,B.1.525,2021-05-03,complete,Homo sapiens,29749,4.3.4/1.37.1/v0.1.12/0.3.19/0.6.6
6,MZ315462.1,B.1.525,2021-05-10,complete,Homo sapiens,29758,4.3.4/1.37.1/v0.1.12/0.3.19/0.6.6
6,MZ035592.1,B.1.525,2021-04-05,complete,Homo sapiens,29772,4.3.4/1.37.1/v0.1.12/0.3.19/0.6.6
6,OL601959.1,B.1.525,2021-07-29,complete,Homo sapiens,29708,4.3.4/1.37.1/v0.1.12/0.3.19/0.6.6
6,MZ073598.1,B.1.525,2021-04-12,complete,Homo sapiens,29709,4.3.4/1.37.1/v0.1.12/0.3.19/0.6.6
6,MZ028944.1,B.1.525,2021-03-25,complete,Homo sapiens,29746,4.3.4/1.37.1/v0.1.12/0.3.19/0.6.6
6,OQ050867.1,B.1.525,2021-01-13,complete,Homo sapiens,29858,4.3.4/1.37.1/v0.1.12/0.3.19/0.6.6
6,MZ685892.1,B.1.525,2021-04-21,complete,Homo sapiens,29758,4.3.4/1.37.1/v0.1.12/0.3.19/0.6.6
6,MZ450062.1,B.1.525,2021-06-02,complete,Homo sapiens,29745,4.3.4/1.37.1/v0.1.12/0.3.19/0.6.6
6,OQ050252.1,B.1.525,2021-01-17,complete,Homo sapiens,29854,4.3.4/1.37.1/v0.1.12/0.3.19/0.6.6
6,MZ172868.1,B.1.525,2021-04,complete,Homo sapiens,29721,4.3.4/1.37.1/v0.1.12/0.3.19/0.6.6
6,MW963432.1,B.1.525,2021-03-13,complete,Homo sapiens,29758,4.3.4/1.37.1/v0.1.12/0.3.19/0.6.6
6,MZ172264.1,B.1.525,2021-04-20,complete,Homo sapiens,29516,4.3.4/1.37.1/v0.1.12/0.3.19/0.6.6
6,OX920457.1,B.1.525,2021-05-08,complete,Homo sapiens,29903,4.3.4/1.37.1/v0.1.12/0.3.19/0.6.6
6,MW809057.1,B.1.525,2021-03-12,complete,Homo sapiens,29744,4.3.4/1.37.1/v0.1.12/0.3.19/0.6.6
6,PP520213.1,B.1.525,2021-05-10,complete,Homo sapiens,29745,4.3.4/1.37.1/v0.1.12/0.3.19/0.6.6
6,OX796960.1,B.1.525,2020,complete,Homo sapiens,29884,4.3.4/1.37.1/v0.1.12/0.3.19/0.6.6
6,OL601616.1,B.1.525,2021-01-14,complete,Homo sapiens,29708,4.3.4/1.37.1/v0.1.12/0.3.19/0.6.6
6,PQ973860.1,B.1.525,2021-05-17,complete,Homo sapiens,29815,4.3.4/1.37.1/v0.1.12/0.3.19/0.6.6
6,OY601949.1,B.1.525,2021-01-14,complete,Homo sapiens,29829,4.3.4/1.37.1/v0.1.12/0.3.19/0.6.6
6,OQ050807.1,B.1.525,2021-01-23,complete,Homo sapiens,29851,4.3.4/1.37.1/v0.1.12/0.3.19/0.6.6
6,PP603087.1,B.1.525,2021-04-29,complete,Homo sapiens,29709,4.3.4/1.37.1/v0.1.12/0.3.19/0.6.6
6,MZ246502.1,B.1.525,2021-03-16,complete,Homo sapiens,29763,4.3.4/1.37.1/v0.1.12/0.3.19/0.6.6
6,OL601817.1,B.1.525,2021-02-14,complete,Homo sapiens,29708,4.3.4/1.37.1/v0.1.12/0.3.19/0.6.6
6,ON301832.1,B.1.525,2021-04-20,complete,Homo sapiens,29603,4.3.4/1.37.1/v0.1.12/0.3.19/0.6.6
6,OW111020.1,B.1.525,2021-03-24,complete,Homo sapiens,29829,4.3.4/1.37.1/v0.1.12/0.3.19/0.6.6
6,MZ166361.1,B.1.525,2021-04-21,complete,Homo sapiens,29516,4.3.4/1.37.1/v0.1.12/0.3.19/0.6.6
6,MZ064903.1,B.1.525,2021-04-11,complete,Homo sapiens,29709,4.3.4/1.37.1/v0.1.12/0.3.19/0.6.6
6,OK221192.1,B.1.525,2021-04-19,complete,Homo sapiens,29751,4.3.4/1.37.1/v0.1.12/0.3.19/0.6.6
6,OD915319.1,B.1.525,2020-12-16,complete,Homo sapiens,29830,4.3.4/1.37.1/v0.1.12/0.3.19/0.6.6
6,MZ061133.1,B.1.525,2021-04-10,complete,Homo sapiens,29760,4.3.4/1.37.1/v0.1.12/0.3.19/0.6.6
6,OD922001.1,B.1.525,2020-12-28,complete,Homo sapiens,29830,4.3.4/1.37.1/v0.1.12/0.3.19/0.6.6
6,OD961806.1,B.1.525,2021-01-26,complete,Homo sapiens,29830,4.3.4/1.37.1/v0.1.12/0.3.19/0.6.6
6,MZ082616.1,B.1.525,2021-04-13,complete,Homo sapiens,29746,4.3.4/1.37.1/v0.1.12/0.3.19/0.6.6
6,OD975035.1,B.1.525,2021-01-26,complete,Homo sapiens,29830,4.3.4/1.37.1/v0.1.12/0.3.19/0.6.6
6,OQ050861.1,B.1.525,2021-01-08,complete,Homo sapiens,29833,4.3.4/1.37.1/v0.1.12/0.3.19/0.6.6
6,MW964645.1,B.1.525,2021-04-02,complete,Homo sapiens,29709,4.3.4/1.37.1/v0.1.12/0.3.19/0.6.6
6,OL601647.1,B.1.525,2021-01-16,complete,Homo sapiens,29708,4.3.4/1.37.1/v0.1.12/0.3.19/0.6.6
6,MZ280667.1,B.1.525,2021-05-06,complete,Homo sapiens,29826,4.3.4/1.37.1/v0.1.12/0.3.19/0.6.6
6,OD949195.1,B.1.525,2021-01-17,complete,Homo sapiens,29830,4.3.4/1.37.1/v0.1.12/0.3.19/0.6.6
6,OY955258.1,B.1.525,2021-01-19,complete,Homo sapiens,29876,4.3.4/1.37.1/v0.1.12/0.3.19/0.6.6
6,MZ360675.1,B.1.525,2021-03-14,complete,Homo sapiens,29516,4.3.4/1.37.1/v0.1.12/0.3.19/0.6.6
6,OL601818.1,B.1.525,2021-02-14,complete,Homo sapiens,29714,4.3.4/1.37.1/v0.1.12/0.3.19/0.6.6
6,OX960664.1,B.1.525,2020,complete,Homo sapiens,29828,4.3.4/1.37.1/v0.1.12/0.3.19/0.6.6
6,MZ260175.1,B.1.525,2021-03-06,complete,Homo sapiens,29804,4.3.4/1.37.1/v0.1.12/0.3.19/0.6.6
6,OQ050780.1,B.1.525,2021-01-08,complete,Homo sapiens,29851,4.3.4/1.37.1/v0.1.12/0.3.19/0.6.6
6,MZ498775.1,B.1.525,2021-04-11,complete,Homo sapiens,29818,4.3.4/1.37.1/v0.1.12/0.3.19/0.6.6
6,MZ196158.1,B.1.525,2021-04-25,complete,Homo sapiens,29816,4.3.4/1.37.1/v0.1.12/0.3.19/0.6.6
6,OL369842.1,B.1.525,2021-04-29,complete,Homo sapiens,29828,4.3.4/1.37.1/v0.1.12/0.3.19/0.6.6
6,MW967128.1,B.1.525,2021-03-15,complete,Homo sapiens,29819,4.3.4/1.37.1/v0.1.12/0.3.19/0.6.6
6,MZ025744.1,B.1.525,2021-04-04,complete,Homo sapiens,29797,4.3.4/1.37.1/v0.1.12/0.3.19/0.6.6
6,MZ165996.1,B.1.525,2021-03,complete,Homo sapiens,29739,4.3.4/1.37.1/v0.1.12/0.3.19/0.6.6
6,MZ389938.1,B.1.525,2021-05-13,complete,Homo sapiens,29732,4.3.4/1.37.1/v0.1.12/0.3.19/0.6.6
6,OM765447.1,B.1.525,2021-05-14,complete,Homo sapiens,29792,4.3.4/1.37.1/v0.1.12/0.3.19/0.6.6
6,OL601578.1,B.1.525,2021-01-07,complete,Homo sapiens,29708,4.3.4/1.37.1/v0.1.12/0.3.19/0.6.6
6,OQ050813.1,B.1.525,2021-01-08,complete,Homo sapiens,29791,4.3.4/1.37.1/v0.1.12/0.3.19/0.6.6
6,MZ058023.1,B.1.525,2021-04-16,complete,Homo sapiens,29689,4.3.4/1.37.1/v0.1.12/0.3.19/0.6.6
6,MZ226085.1,B.1.525,2021-04-27,complete,Homo sapiens,29709,4.3.4/1.37.1/v0.1.12/0.3.19/0.6.6
6,OL601698.1,B.1.525,2021-01-28,complete,Homo sapiens,29708,4.3.4/1.37.1/v0.1.12/0.3.19/0.6.6
6,OD974024.1,B.1.525,2021-01-30,complete,Homo sapiens,29830,4.3.4/1.37.1/v0.1.12/0.3.19/0.6.6
6,OL475509.1,B.1.525,2021-03-22,complete,Homo sapiens,29703,4.3.4/1.37.1/v0.1.12/0.3.19/0.6.6
6,OX933509.1,B.1.525,2020,complete,Homo sapiens,29903,4.3.4/1.37.1/v0.1.12/0.3.19/0.6.6
6,MW967795.1,B.1.525,2021-03-18,complete,Homo sapiens,29825,4.3.4/1.37.1/v0.1.12/0.3.19/0.6.6
6,OL601680.1,B.1.525,2021-01-26,complete,Homo sapiens,29708,4.3.4/1.37.1/v0.1.12/0.3.19/0.6.6
6,MZ444294.1,B.1.525,2021-03-27,complete,Homo sapiens,29778,4.3.4/1.37.1/v0.1.12/0.3.19/0.6.6
6,OL601761.1,B.1.525,2021-02-08,complete,Homo sapiens,29708,4.3.4/1.37.1/v0.1.12/0.3.19/0.6.6
6,OQ050711.1,B.1.525,2021-01-07,complete,Homo sapiens,29783,4.3.4/1.37.1/v0.1.12/0.3.19/0.6.6
6,OL601835.1,B.1.525,2021-02-26,complete,Homo sapiens,29708,4.3.4/1.37.1/v0.1.12/0.3.19/0.6.6
6,OQ050868.1,B.1.525,2021-01-13,complete,Homo sapiens,29810,4.3.4/1.37.1/v0.1.12/0.3.19/0.6.6
6,OQ050784.1,B.1.525,2021-01-19,complete,Homo sapiens,29848,4.3.4/1.37.1/v0.1.12/0.3.19/0.6.6
6,MW963474.1,B.1.525,2021-03-23,complete,Homo sapiens,29709,4.3.4/1.37.1/v0.1.12/0.3.19/0.6.6
6,MZ320642.1,B.1.525,2021-05-20,complete,Homo sapiens,29791,4.3.4/1.37.1/v0.1.12/0.3.19/0.6.6
6,OD913776.1,B.1.525,2020-12-15,complete,Homo sapiens,29830,4.3.4/1.37.1/v0.1.12/0.3.19/0.6.6
6,OK399441.1,B.1.525,2021-04-23,complete,Homo sapiens,29704,4.3.4/1.37.1/v0.1.12/0.3.19/0.6.6
6,MZ232512.1,B.1.525,2021-04-19,complete,Homo sapiens,29516,4.3.4/1.37.1/v0.1.12/0.3.19/0.6.6
6,OL601944.1,B.1.525,2021-04-04,complete,Homo sapiens,29708,4.3.4/1.37.1/v0.1.12/0.3.19/0.6.6
6,OQ050811.1,B.1.525,2021-01-26,complete,Homo sapiens,29799,4.3.4/1.37.1/v0.1.12/0.3.19/0.6.6
6,MW709039.1,B.1.525,2021-01-29,complete,Homo sapiens,29723,4.3.4/1.37.1/v0.1.12/0.3.19/0.6.6
6,OX862525.1,B.1.525,2020,complete,Homo sapiens,29903,4.3.4/1.37.1/v0.1.12/0.3.19/0.6.6
6,OL601804.1,B.1.525,2021-02-11,complete,Homo sapiens,29708,4.3.4/1.37.1/v0.1.12/0.3.19/0.6.6
6,OL601833.1,B.1.525,2021-02-24,complete,Homo sapiens,29699,4.3.4/1.37.1/v0.1.12/0.3.19/0.6.6
6,OQ050851.1,B.1.525,2021-01-03,complete,Homo sapiens,29834,4.3.4/1.37.1/v0.1.12/0.3.19/0.6.6
6,MW967824.1,B.1.525,2021-03-17,complete,Homo sapiens,29795,4.3.4/1.37.1/v0.1.12/0.3.19/0.6.6
6,OQ050726.1,B.1.525,2021-01-02,complete,Homo sapiens,29831,4.3.4/1.37.1/v0.1.12/0.3.19/0.6.6
6,MZ280378.1,B.1.525,2021-05-05,complete,Homo sapiens,29800,4.3.4/1.37.1/v0.1.12/0.3.19/0.6.6
6,MZ059924.1,B.1.525,2021-04-10,complete,Homo sapiens,29754,4.3.4/1.37.1/v0.1.12/0.3.19/0.6.6
6,OQ050291.1,B.1.525,2021-04-11,complete,Homo sapiens,29817,4.3.4/1.37.1/v0.1.12/0.3.19/0.6.6
6,OX552134.1,B.1.525,2021-03-09,complete,Homo sapiens,29830,4.3.4/1.37.1/v0.1.12/0.3.19/0.6.6
6,MZ090292.1,B.1.525,2021-04-15,complete,Homo sapiens,29709,4.3.4/1.37.1/v0.1.12/0.3.19/0.6.6
6,OL601711.1,B.1.525,2021-02-02,complete,Homo sapiens,29708,4.3.4/1.37.1/v0.1.12/0.3.19/0.6.6
6,OK586408.1,B.1.525,2021-04-19,complete,Homo sapiens,29743,4.3.4/1.37.1/v0.1.12/0.3.19/0.6.6
6,OQ050363.1,B.1.525,2021-02-04,complete,Homo sapiens,29830,4.3.4/1.37.1/v0.1.12/0.3.19/0.6.6
6,OK638135.1,B.1.525,2021,complete,Homo sapiens,29700,4.3.4/1.37.1/v0.1.12/0.3.19/0.6.6
6,OL601790.1,B.1.525,2021-02-08,complete,Homo sapiens,29708,4.3.4/1.37.1/v0.1.12/0.3.19/0.6.6
6,OL601785.1,B.1.525,2021-02-08,complete,Homo sapiens,29711,4.3.4/1.37.1/v0.1.12/0.3.19/0.6.6
6,OY378434.1,B.1.525,2021-01-20,complete,Homo sapiens,29878,4.3.4/1.37.1/v0.1.12/0.3.19/0.6.6
6,PQ791680.1,B.1.525,2021-02-19,complete,Homo sapiens,29660,4.3.4/1.37.1/v0.1.12/0.3.19/0.6.6
6,OL601950.1,B.1.525,2021-04-04,complete,Homo sapiens,29708,4.3.4/1.37.1/v0.1.12/0.3.19/0.6.6
6,OD989427.1,B.1.525,2021-02-08,complete,Homo sapiens,29830,4.3.4/1.37.1/v0.1.12/0.3.19/0.6.6
6,PP613674.1,B.1.525,2021-05-04,complete,Homo sapiens,29663,4.3.4/1.37.1/v0.1.12/0.3.19/0.6.6
6,MZ215075.1,B.1.525,2021-04-25,complete,Homo sapiens,29830,4.3.4/1.37.1/v0.1.12/0.3.19/0.6.6
6,MZ166009.1,B.1.525,2021-04,complete,Homo sapiens,29739,4.3.4/1.37.1/v0.1.12/0.3.19/0.6.6
6,MZ377584.1,B.1.525,2021-05-06,complete,Homo sapiens,29739,4.3.4/1.37.1/v0.1.12/0.3.19/0.6.6
6,OX723464.1,B.1.525,2020,complete,Homo sapiens,29903,4.3.4/1.37.1/v0.1.12/0.3.19/0.6.6
6,MZ281645.1,B.1.525,2021-05-04,complete,Homo sapiens,29826,4.3.4/1.37.1/v0.1.12/0.3.19/0.6.6
6,OX767503.1,B.1.525,2020,complete,Homo sapiens,29903,4.3.4/1.37.1/v0.1.12/0.3.19/0.6.6
6,MZ498767.1,B.1.525,2021-04-11,complete,Homo sapiens,29748,4.3.4/1.37.1/v0.1.12/0.3.19/0.6.6
6,OY619085.1,B.1.525,2021-04-10,complete,Homo sapiens,29830,4.3.4/1.37.1/v0.1.12/0.3.19/0.6.6
6,OL601676.1,B.1.525,2021-01-26,complete,Homo sapiens,29708,4.3.4/1.37.1/v0.1.12/0.3.19/0.6.6
6,MZ030255.1,B.1.525,2021-04-05,complete,Homo sapiens,29718,4.3.4/1.37.1/v0.1.12/0.3.19/0.6.6
6,OQ050336.1,B.1.525,2021-02-16,complete,Homo sapiens,29824,4.3.4/1.37.1/v0.1.12/0.3.19/0.6.6
6,MZ188377.1,B.1.525,2021-04-17,complete,Homo sapiens,29824,4.3.4/1.37.1/v0.1.12/0.3.19/0.6.6
6,OQ050862.1,B.1.525,2021-01-08,complete,Homo sapiens,29858,4.3.4/1.37.1/v0.1.12/0.3.19/0.6.6
6,OX472780.1,B.1.525,2021-02-05,complete,Homo sapiens,29829,4.3.4/1.37.1/v0.1.12/0.3.19/0.6.6
6,OQ050267.1,B.1.525,2021-01-11,complete,Homo sapiens,29858,4.3.4/1.37.1/v0.1.12/0.3.19/0.6.6
6,OL601587.1,B.1.525,2021-01-07,complete,Homo sapiens,29708,4.3.4/1.37.1/v0.1.12/0.3.19/0.6.6
6,MZ260201.1,B.1.525,2021-03-07,complete,Homo sapiens,29799,4.3.4/1.37.1/v0.1.12/0.3.19/0.6.6
6,MZ321004.1,B.1.525,2021-05-13,complete,Homo sapiens,29509,4.3.4/1.37.1/v0.1.12/0.3.19/0.6.6
6,MW975835.1,B.1.525,2021-02-28,complete,Homo sapiens,29709,4.3.4/1.37.1/v0.1.12/0.3.19/0.6.6
6,OQ050309.1,B.1.525,2021-02-22,complete,Homo sapiens,29770,4.3.4/1.37.1/v0.1.12/0.3.19/0.6.6
6,MZ349314.1,B.1.525,2021-04-02,complete,Homo sapiens,29818,4.3.4/1.37.1/v0.1.12/0.3.19/0.6.6
6,MW963479.1,B.1.525,2021-03-25,complete,Homo sapiens,29709,4.3.4/1.37.1/v0.1.12/0.3.19/0.6.6
6,OY599124.1,B.1.525,2021-01-14,complete,Homo sapiens,29830,4.3.4/1.37.1/v0.1.12/0.3.19/0.6.6
6,OX984063.1,B.1.525,2021-08-24,complete,Homo sapiens,29903,4.3.4/1.37.1/v0.1.12/0.3.19/0.6.6
6,PQ791684.1,B.1.525,2021-03-12,complete,Homo sapiens,29660,4.3.4/1.37.1/v0.1.12/0.3.19/0.6.6
6,OQ050350.1,B.1.525,2021-01-30,complete,Homo sapiens,29802,4.3.4/1.37.1/v0.1.12/0.3.19/0.6.6
6,OX604105.1,B.1.525,2021-02-08,complete,Homo sapiens,29879,4.3.4/1.37.1/v0.1.12/0.3.19/0.6.6
6,MZ274723.1,B.1.525,2021-04-30,complete,Homo sapiens,29709,4.3.4/1.37.1/v0.1.12/0.3.19/0.6.6
6,MZ210685.1,B.1.525,2021-04-09,complete,Homo sapiens,29803,4.3.4/1.37.1/v0.1.12/0.3.19/0.6.6
6,OL601782.1,B.1.525,2021-02-08,complete,Homo sapiens,29708,4.3.4/1.37.1/v0.1.12/0.3.19/0.6.6
6,OY373479.1,B.1.525,2021-02-16,complete,Homo sapiens,29829,4.3.4/1.37.1/v0.1.12/0.3.19/0.6.6
6,OY330347.1,B.1.525,2021-06-30,complete,Homo sapiens,29830,4.3.4/1.37.1/v0.1.12/0.3.19/0.6.6
6,ON284719.1,B.1.525,2021-05-14,complete,Homo sapiens,29603,4.3.4/1.37.1/v0.1.12/0.3.19/0.6.6
6,OY361785.1,B.1.525,2021-02-22,complete,Homo sapiens,29829,4.3.4/1.37.1/v0.1.12/0.3.19/0.6.6
6,MW976486.1,B.1.525,2021-03-10,complete,Homo sapiens,29709,4.3.4/1.37.1/v0.1.12/0.3.19/0.6.6
6,OL601832.1,B.1.525,2021-02-23,complete,Homo sapiens,29708,4.3.4/1.37.1/v0.1.12/0.3.19/0.6.6
6,MZ343598.1,B.1.525,2021-05,complete,Homo sapiens,29792,4.3.4/1.37.1/v0.1.12/0.3.19/0.6.6
6,MZ368148.1,B.1.525,2021-03-21,complete,Homo sapiens,29826,4.3.4/1.37.1/v0.1.12/0.3.19/0.6.6
6,MW989195.1,B.1.525,2021-04-04,complete,Homo sapiens,29709,4.3.4/1.37.1/v0.1.12/0.3.19/0.6.6
6,OL601956.1,B.1.525,2021-05-05,complete,Homo sapiens,29708,4.3.4/1.37.1/v0.1.12/0.3.19/0.6.6
6,MZ286670.1,B.1.525,2021-02-21,complete,Homo sapiens,29721,4.3.4/1.37.1/v0.1.12/0.3.19/0.6.6
6,OZ289659.1,B.1.525,2021-03-07,complete,Homo sapiens,29878,4.3.4/1.37.1/v0.1.12/0.3.19/0.6.6
6,OL345009.1,B.1.525,2021-05-02,complete,Homo sapiens,29722,4.3.4/1.37.1/v0.1.12/0.3.19/0.6.6
6,OY017587.1,B.1.525,2020,complete,Homo sapiens,29903,4.3.4/1.37.1/v0.1.12/0.3.19/0.6.6
6,OX987822.1,B.1.525,2021-08-24,complete,Homo sapiens,29903,4.3.4/1.37.1/v0.1.12/0.3.19/0.6.6
6,MZ274533.1,B.1.525,2021-05-04,complete,Homo sapiens,29709,4.3.4/1.37.1/v0.1.12/0.3.19/0.6.6
6,OL601845.1,B.1.525,2021-03-02,complete,Homo sapiens,29708,4.3.4/1.37.1/v0.1.12/0.3.19/0.6.6
6,MZ212586.1,B.1.525,2021-04-14,complete,Homo sapiens,29800,4.3.4/1.37.1/v0.1.12/0.3.19/0.6.6
6,MW988276.1,B.1.525,2021-04-08,complete,Homo sapiens,29745,4.3.4/1.37.1/v0.1.12/0.3.19/0.6.6
6,OQ050737.1,B.1.525,2021-01-02,complete,Homo sapiens,29810,4.3.4/1.37.1/v0.1.12/0.3.19/0.6.6
6,OQ050656.1,B.1.525,2020-12-29,complete,Homo sapiens,29858,4.3.4/1.37.1/v0.1.12/0.3.19/0.6.6
6,MZ074876.1,B.1.525,2021-04-03,complete,Homo sapiens,29797,4.3.4/1.37.1/v0.1.12/0.3.19/0.6.6
6,MZ450381.1,B.1.525,2021-06-05,complete,Homo sapiens,29743,4.3.4/1.37.1/v0.1.12/0.3.19/0.6.6
6,MZ054892.1,B.1.525,2021-02-25,complete,Homo sapiens,29740,4.3.4/1.37.1/v0.1.12/0.3.19/0.6.6
6,MW851945.1,B.1.525,2021-03-08,complete,Homo sapiens,29744,4.3.4/1.37.1/v0.1.12/0.3.19/0.6.6
6,MW965851.1,B.1.525,2021-03-29,complete,Homo sapiens,29689,4.3.4/1.37.1/v0.1.12/0.3.19/0.6.6
6,MZ371523.1,B.1.525,2021-05-19,complete,Homo sapiens,29735,4.3.4/1.37.1/v0.1.12/0.3.19/0.6.6
6,OX785502.1,B.1.525,2021-03-17,complete,Homo sapiens,29829,4.3.4/1.37.1/v0.1.12/0.3.19/0.6.6
6,OD961580.1,B.1.525,2021-01-26,complete,Homo sapiens,29830,4.3.4/1.37.1/v0.1.12/0.3.19/0.6.6
6,OQ050317.1,B.1.525,2021-03-06,complete,Homo sapiens,29795,4.3.4/1.37.1/v0.1.12/0.3.19/0.6.6
6,OL601767.1,B.1.525,2021-02-08,complete,Homo sapiens,29708,4.3.4/1.37.1/v0.1.12/0.3.19/0.6.6
6,OK252341.1,B.1.525,2021-06-12,complete,Homo sapiens,29709,4.3.4/1.37.1/v0.1.12/0.3.19/0.6.6
6,OZ288777.1,B.1.525,2021-02-19,complete,Homo sapiens,29878,4.3.4/1.37.1/v0.1.12/0.3.19/0.6.6
6,OL601707.1,B.1.525,2021-01-28,complete,Homo sapiens,29708,4.3.4/1.37.1/v0.1.12/0.3.19/0.6.6
6,OX627561.1,B.1.525,2020,complete,Homo sapiens,29829,4.3.4/1.37.1/v0.1.12/0.3.19/0.6.6
6,MW930939.1,B.1.525,2021-03-27,complete,Homo sapiens,29709,4.3.4/1.37.1/v0.1.12/0.3.19/0.6.6
6,OY351062.1,B.1.525,2021-02-13,complete,Homo sapiens,29836,4.3.4/1.37.1/v0.1.12/0.3.19/0.6.6
6,MZ189608.1,B.1.525,2021-03-16,complete,Homo sapiens,29781,4.3.4/1.37.1/v0.1.12/0.3.19/0.6.6
6,MZ500509.1,B.1.525,2021-04-13,complete,Homo sapiens,29800,4.3.4/1.37.1/v0.1.12/0.3.19/0.6.6
6,MZ231886.1,B.1.525,2021-04-12,complete,Homo sapiens,29516,4.3.4/1.37.1/v0.1.12/0.3.19/0.6.6
6,OQ050280.1,B.1.525,2021-02-22,complete,Homo sapiens,29819,4.3.4/1.37.1/v0.1.12/0.3.19/0.6.6
6,ON284911.1,B.1.525,2021-05-19,complete,Homo sapiens,29603,4.3.4/1.37.1/v0.1.12/0.3.19/0.6.6
6,OX595181.1,B.1.525,2021-02-13,complete,Homo sapiens,29888,4.3.4/1.37.1/v0.1.12/0.3.19/0.6.6
6,MZ144347.1,B.1.525,2021-04-21,complete,Homo sapiens,29689,4.3.4/1.37.1/v0.1.12/0.3.19/0.6.6
6,OD942944.1,B.1.525,2021-01-14,complete,Homo sapiens,29830,4.3.4/1.37.1/v0.1.12/0.3.19/0.6.6
6,MW965081.1,B.1.525,2021-03-31,complete,Homo sapiens,29709,4.3.4/1.37.1/v0.1.12/0.3.19/0.6.6
6,OQ050243.1,B.1.525,2021-02-15,complete,Homo sapiens,29835,4.3.4/1.37.1/v0.1.12/0.3.19/0.6.6
6,MZ004975.1,B.1.525,2021-03-25,complete,Homo sapiens,29776,4.3.4/1.37.1/v0.1.12/0.3.19/0.6.6
6,OL601762.1,B.1.525,2021-02-08,complete,Homo sapiens,29708,4.3.4/1.37.1/v0.1.12/0.3.19/0.6.6
6,MW990833.1,B.1.525,2021-03-28,complete,Homo sapiens,29814,4.3.4/1.37.1/v0.1.12/0.3.19/0.6.6
6,OX762143.1,B.1.525,2020,complete,Homo sapiens,29807,4.3.4/1.37.1/v0.1.12/0.3.19/0.6.6
6,MW963454.1,B.1.525,2021-03-23,complete,Homo sapiens,29756,4.3.4/1.37.1/v0.1.12/0.3.19/0.6.6
6,MW976289.1,B.1.525,2021-03-10,complete,Homo sapiens,29709,4.3.4/1.37.1/v0.1.12/0.3.19/0.6.6
6,MZ048477.1,B.1.525,2021-04-12,complete,Homo sapiens,29830,4.3.4/1.37.1/v0.1.12/0.3.19/0.6.6
6,MZ500507.1,B.1.525,2021-04-14,complete,Homo sapiens,29748,4.3.4/1.37.1/v0.1.12/0.3.19/0.6.6
6,OK220717.1,B.1.525,2021-04-19,complete,Homo sapiens,29754,4.3.4/1.37.1/v0.1.12/0.3.19/0.6.6
6,MZ377462.1,B.1.525,2021-04-19,complete,Homo sapiens,29799,4.3.4/1.37.1/v0.1.12/0.3.19/0.6.6
6,OZ288668.1,B.1.525,2021-02-15,complete,Homo sapiens,29878,4.3.4/1.37.1/v0.1.12/0.3.19/0.6.6
6,OX694279.1,B.1.525,2020,complete,Homo sapiens,29889,4.3.4/1.37.1/v0.1.12/0.3.19/0.6.6
6,MZ337200.1,B.1.525,2021-05-11,complete,Homo sapiens,29709,4.3.4/1.37.1/v0.1.12/0.3.19/0.6.6
6,MZ970734.1,B.1.525,2021-05-20,complete,Homo sapiens,29709,4.3.4/1.37.1/v0.1.12/0.3.19/0.6.6
6,ON286536.1,B.1.525,2021-04-14,complete,Homo sapiens,29789,4.3.4/1.37.1/v0.1.12/0.3.19/0.6.6
6,MZ486477.1,B.1.525,2021-06,complete,Homo sapiens,29792,4.3.4/1.37.1/v0.1.12/0.3.19/0.6.6
6,OK439221.1,B.1.525,2021-01-22,complete,Homo sapiens,29783,4.3.4/1.37.1/v0.1.12/0.3.19/0.6.6
6,MZ058024.1,B.1.525,2021-04-15,complete,Homo sapiens,29689,4.3.4/1.37.1/v0.1.12/0.3.19/0.6.6
6,MZ282405.1,B.1.525,2021-05-01,complete,Homo sapiens,29809,4.3.4/1.37.1/v0.1.12/0.3.19/0.6.6
6,MZ512948.1,B.1.525,2021-02-05,complete,Homo sapiens,29879,4.3.4/1.37.1/v0.1.12/0.3.19/0.6.6
6,MZ271470.1,B.1.525,2021-04-16,complete,Homo sapiens,29789,4.3.4/1.37.1/v0.1.12/0.3.19/0.6.6
6,MW963450.1,B.1.525,2021-03-24,complete,Homo sapiens,29757,4.3.4/1.37.1/v0.1.12/0.3.19/0.6.6
6,MW963460.1,B.1.525,2021-03-22,complete,Homo sapiens,29756,4.3.4/1.37.1/v0.1.12/0.3.19/0.6.6
6,MW571191.1,B.1.525,2021-01-06,complete,Homo sapiens,29783,4.3.4/1.37.1/v0.1.12/0.3.19/0.6.6
6,MW963141.1,B.1.525,2021-03-25,complete,Homo sapiens,29709,4.3.4/1.37.1/v0.1.12/0.3.19/0.6.6
6,MZ255145.1,B.1.525,2021-05-04,complete,Homo sapiens,29691,4.3.4/1.37.1/v0.1.12/0.3.19/0.6.6
6,MW809059.1,B.1.525,2021-03-11,complete,Homo sapiens,29778,4.3.4/1.37.1/v0.1.12/0.3.19/0.6.6
6,OD973247.1,B.1.525,2021-02-01,complete,Homo sapiens,29830,4.3.4/1.37.1/v0.1.12/0.3.19/0.6.6
6,MW930913.1,B.1.525,2021-03-27,complete,Homo sapiens,29709,4.3.4/1.37.1/v0.1.12/0.3.19/0.6.6
6,OQ050245.1,B.1.525,2021-02-16,complete,Homo sapiens,29763,4.3.4/1.37.1/v0.1.12/0.3.19/0.6.6
6,OL345008.1,B.1.525,2021-05-02,complete,Homo sapiens,29655,4.3.4/1.37.1/v0.1.12/0.3.19/0.6.6
6,MZ132540.1,B.1.525,2021-04-16,complete,Homo sapiens,29758,4.3.4/1.37.1/v0.1.12/0.3.19/0.6.6
6,OX580337.1,B.1.525,2021-03-10,complete,Homo sapiens,29830,4.3.4/1.37.1/v0.1.12/0.3.19/0.6.6
6,OY380276.1,B.1.525,2021-03-26,complete,Homo sapiens,29878,4.3.4/1.37.1/v0.1.12/0.3.19/0.6.6
6,OX680631.1,B.1.525,2020,complete,Homo sapiens,29903,4.3.4/1.37.1/v0.1.12/0.3.19/0.6.6
6,OQ050838.1,B.1.525,2021-02-16,complete,Homo sapiens,29851,4.3.4/1.37.1/v0.1.12/0.3.19/0.6.6
6,OL601743.1,B.1.525,2021-02-05,complete,Homo sapiens,29708,4.3.4/1.37.1/v0.1.12/0.3.19/0.6.6
6,OL601718.1,B.1.525,2021-02-02,complete,Homo sapiens,29708,4.3.4/1.37.1/v0.1.12/0.3.19/0.6.6
6,MZ257277.1,B.1.525,2021-03-23,complete,Homo sapiens,29794,4.3.4/1.37.1/v0.1.12/0.3.19/0.6.6
6,MW907370.1,B.1.525,2021-03-26,complete,Homo sapiens,29665,4.3.4/1.37.1/v0.1.12/0.3.19/0.6.6
6,PP380203.1,B.1.525,2021-05-05,complete,Homo sapiens,29752,4.3.4/1.37.1/v0.1.12/0.3.19/0.6.6
6,MZ414722.1,B.1.525,2021-04-20,complete,Homo sapiens,29800,4.3.4/1.37.1/v0.1.12/0.3.19/0.6.6
6,OX854837.1,B.1.525,2021-03-07,complete,Homo sapiens,29829,4.3.4/1.37.1/v0.1.12/0.3.19/0.6.6
6,MZ315469.1,B.1.525,2021-05-11,complete,Homo sapiens,29756,4.3.4/1.37.1/v0.1.12/0.3.19/0.6.6
6,OQ050869.1,B.1.525,2021-01-13,complete,Homo sapiens,29858,4.3.4/1.37.1/v0.1.12/0.3.19/0.6.6
6,OK248172.1,B.1.525,2021-06-13,complete,Homo sapiens,29709,4.3.4/1.37.1/v0.1.12/0.3.19/0.6.6
6,MZ024077.1,B.1.525,2021-03-31,complete,Homo sapiens,29792,4.3.4/1.37.1/v0.1.12/0.3.19/0.6.6
6,MZ228919.1,B.1.525,2021-04-28,complete,Homo sapiens,29758,4.3.4/1.37.1/v0.1.12/0.3.19/0.6.6
6,MW965133.1,B.1.525,2021-04-01,complete,Homo sapiens,29709,4.3.4/1.37.1/v0.1.12/0.3.19/0.6.6
6,PZ379725.1,B.1.525,2021-06,complete,Homo sapiens,29649,4.3.4/1.37.1/v0.1.12/0.3.19/0.6.6
6,OK217592.1,B.1.525,2021-03-29,complete,Homo sapiens,29788,4.3.4/1.37.1/v0.1.12/0.3.19/0.6.6
6,OQ052809.1,B.1.525,2021-07,complete,Homo sapiens,29746,4.3.4/1.37.1/v0.1.12/0.3.19/0.6.6
6,MZ153453.1,B.1.525,2021-04-21,complete,Homo sapiens,29756,4.3.4/1.37.1/v0.1.12/0.3.19/0.6.6
6,MZ185059.1,B.1.525,2021-04-29,complete,Homo sapiens,29828,4.3.4/1.37.1/v0.1.12/0.3.19/0.6.6
6,MZ259174.1,B.1.525,2021-03-02,complete,Homo sapiens,29825,4.3.4/1.37.1/v0.1.12/0.3.19/0.6.6
6,OD969447.1,B.1.525,2021-01-27,complete,Homo sapiens,29830,4.3.4/1.37.1/v0.1.12/0.3.19/0.6.6
6,MW963446.1,B.1.525,2021-03-21,complete,Homo sapiens,29756,4.3.4/1.37.1/v0.1.12/0.3.19/0.6.6
6,MZ368147.1,B.1.525,2021-03-21,complete,Homo sapiens,29800,4.3.4/1.37.1/v0.1.12/0.3.19/0.6.6
6,OX741997.1,B.1.525,2021-04-07,complete,Homo sapiens,29903,4.3.4/1.37.1/v0.1.12/0.3.19/0.6.6
6,OX817695.1,B.1.525,2020,complete,Homo sapiens,29903,4.3.4/1.37.1/v0.1.12/0.3.19/0.6.6
6,OL544734.1,B.1.525,2021-03-25,complete,Homo sapiens,29714,4.3.4/1.37.1/v0.1.12/0.3.19/0.6.6
6,MW713636.1,B.1.525,2021-02-24,complete,Homo sapiens,29740,4.3.4/1.37.1/v0.1.12/0.3.19/0.6.6
6,MZ305351.1,B.1.525,2021-05-17,complete,Homo sapiens,29689,4.3.4/1.37.1/v0.1.12/0.3.19/0.6.6
6,MW975722.1,B.1.525,2021-02-24,complete,Homo sapiens,29709,4.3.4/1.37.1/v0.1.12/0.3.19/0.6.6
6,OY314356.1,B.1.525,2020,complete,Homo sapiens,29829,4.3.4/1.37.1/v0.1.12/0.3.19/0.6.6
6,MW963476.1,B.1.525,2021-03-23,complete,Homo sapiens,29709,4.3.4/1.37.1/v0.1.12/0.3.19/0.6.6
6,OX777058.1,B.1.525,2020,complete,Homo sapiens,29829,4.3.4/1.37.1/v0.1.12/0.3.19/0.6.6
6,OL601712.1,B.1.525,2021-02-02,complete,Homo sapiens,29708,4.3.4/1.37.1/v0.1.12/0.3.19/0.6.6
6,OQ050708.1,B.1.525,2021-01-07,complete,Homo sapiens,29860,4.3.4/1.37.1/v0.1.12/0.3.19/0.6.6
6,MW975371.1,B.1.525,2021-02-18,complete,Homo sapiens,29709,4.3.4/1.37.1/v0.1.12/0.3.19/0.6.6
6,OY590864.1,B.1.525,2021-03-24,complete,Homo sapiens,29878,4.3.4/1.37.1/v0.1.12/0.3.19/0.6.6
6,OQ050800.1,B.1.525,2021-01-26,complete,Homo sapiens,29793,4.3.4/1.37.1/v0.1.12/0.3.19/0.6.6
6,OX844109.1,B.1.525,2020,complete,Homo sapiens,29903,4.3.4/1.37.1/v0.1.12/0.3.19/0.6.6
6,OQ050816.1,B.1.525,2021-01-27,complete,Homo sapiens,29825,4.3.4/1.37.1/v0.1.12/0.3.19/0.6.6
6,MW809041.1,B.1.525,2021-02-20,complete,Homo sapiens,29753,4.3.4/1.37.1/v0.1.12/0.3.19/0.6.6
6,ON284910.1,B.1.525,2021-05-19,complete,Homo sapiens,29603,4.3.4/1.37.1/v0.1.12/0.3.19/0.6.6
6,OX877172.1,B.1.525,2020,complete,Homo sapiens,29829,4.3.4/1.37.1/v0.1.12/0.3.19/0.6.6
6,MZ415454.1,B.1.525,2021-05-11,complete,Homo sapiens,29756,4.3.4/1.37.1/v0.1.12/0.3.19/0.6.6
6,MZ274974.1,B.1.525,2021-05-02,complete,Homo sapiens,29709,4.3.4/1.37.1/v0.1.12/0.3.19/0.6.6
6,MZ214354.1,B.1.525,2021-04-14,complete,Homo sapiens,29800,4.3.4/1.37.1/v0.1.12/0.3.19/0.6.6
6,OX861425.1,B.1.525,2020,complete,Homo sapiens,29838,4.3.4/1.37.1/v0.1.12/0.3.19/0.6.6
6,OQ050803.1,B.1.525,2021-01-27,complete,Homo sapiens,29858,4.3.4/1.37.1/v0.1.12/0.3.19/0.6.6
6,OR305439.1,B.1.525,2021-02-26,complete,Homo sapiens,29782,4.3.4/1.37.1/v0.1.12/0.3.19/0.6.6
6,OL601727.1,B.1.525,2021-02-03,complete,Homo sapiens,29708,4.3.4/1.37.1/v0.1.12/0.3.19/0.6.6
6,MZ004993.1,B.1.525,2021-03-23,complete,Homo sapiens,29758,4.3.4/1.37.1/v0.1.12/0.3.19/0.6.6
6,OL601941.1,B.1.525,2021-03-31,complete,Homo sapiens,29708,4.3.4/1.37.1/v0.1.12/0.3.19/0.6.6
6,MZ144345.1,B.1.525,2021-04-20,complete,Homo sapiens,29690,4.3.4/1.37.1/v0.1.12/0.3.19/0.6.6
6,MZ284824.1,B.1.525,2021-04-22,complete,Homo sapiens,29806,4.3.4/1.37.1/v0.1.12/0.3.19/0.6.6
6,MZ163907.1,B.1.525,2021-04-22,complete,Homo sapiens,29767,4.3.4/1.37.1/v0.1.12/0.3.19/0.6.6
6,OU387948.1,B.1.525,2021-01-27,complete,Homo sapiens,29879,4.3.4/1.37.1/v0.1.12/0.3.19/0.6.6
6,OX722376.1,B.1.525,2020,complete,Homo sapiens,29878,4.3.4/1.37.1/v0.1.12/0.3.19/0.6.6
6,PQ791679.1,B.1.525,2021-02-17,complete,Homo sapiens,29660,4.3.4/1.37.1/v0.1.12/0.3.19/0.6.6
6,MZ281647.1,B.1.525,2021-05-04,complete,Homo sapiens,29830,4.3.4/1.37.1/v0.1.12/0.3.19/0.6.6
6,OX639927.1,B.1.525,2021-02-08,complete,Homo sapiens,29879,4.3.4/1.37.1/v0.1.12/0.3.19/0.6.6
6,MW932389.1,B.1.525,2021-03-30,complete,Homo sapiens,29759,4.3.4/1.37.1/v0.1.12/0.3.19/0.6.6
6,MZ005057.1,B.1.525,2021-03-05,complete,Homo sapiens,29776,4.3.4/1.37.1/v0.1.12/0.3.19/0.6.6
6,MZ315133.1,B.1.525,2021-05,complete,Homo sapiens,29741,4.3.4/1.37.1/v0.1.12/0.3.19/0.6.6
6,OX736745.1,B.1.525,2021-08-23,complete,Homo sapiens,29903,4.3.4/1.37.1/v0.1.12/0.3.19/0.6.6
6,MZ444427.1,B.1.525,2021-04-12,complete,Homo sapiens,29802,4.3.4/1.37.1/v0.1.12/0.3.19/0.6.6
6,OX865273.1,B.1.525,2020,complete,Homo sapiens,29829,4.3.4/1.37.1/v0.1.12/0.3.19/0.6.6
6,OX746172.1,B.1.525,2020,complete,Homo sapiens,29829,4.3.4/1.37.1/v0.1.12/0.3.19/0.6.6
6,OZ289678.1,B.1.525,2021-03-07,complete,Homo sapiens,29877,4.3.4/1.37.1/v0.1.12/0.3.19/0.6.6
6,MZ214355.1,B.1.525,2021-04-14,complete,Homo sapiens,29800,4.3.4/1.37.1/v0.1.12/0.3.19/0.6.6
6,MZ500514.1,B.1.525,2021-04-12,complete,Homo sapiens,29801,4.3.4/1.37.1/v0.1.12/0.3.19/0.6.6
6,MZ195723.1,B.1.525,2021-04-23,complete,Homo sapiens,29818,4.3.4/1.37.1/v0.1.12/0.3.19/0.6.6
6,OY608437.1,B.1.525,2021-02-15,complete,Homo sapiens,29829,4.3.4/1.37.1/v0.1.12/0.3.19/0.6.6
6,MZ170160.1,B.1.525,2021-04-09,complete,Homo sapiens,29730,4.3.4/1.37.1/v0.1.12/0.3.19/0.6.6
6,OU813989.1,B.1.525,2021-02-14,complete,Homo sapiens,29830,4.3.4/1.37.1/v0.1.12/0.3.19/0.6.6
6,OQ050271.1,B.1.525,2021-01-08,complete,Homo sapiens,29857,4.3.4/1.37.1/v0.1.12/0.3.19/0.6.6
6,OX881872.1,B.1.525,2020,complete,Homo sapiens,29887,4.3.4/1.37.1/v0.1.12/0.3.19/0.6.6
6,MZ054867.1,B.1.525,2021-02-25,complete,Homo sapiens,29740,4.3.4/1.37.1/v0.1.12/0.3.19/0.6.6
6,OQ050264.1,B.1.525,2021-01-13,complete,Homo sapiens,29789,4.3.4/1.37.1/v0.1.12/0.3.19/0.6.6
6,OX472287.1,B.1.525,2021-02-15,complete,Homo sapiens,29830,4.3.4/1.37.1/v0.1.12/0.3.19/0.6.6
6,OZ289522.1,B.1.525,2021-03-07,complete,Homo sapiens,29876,4.3.4/1.37.1/v0.1.12/0.3.19/0.6.6
6,MZ086661.1,B.1.525,2021-04-08,complete,Homo sapiens,29826,4.3.4/1.37.1/v0.1.12/0.3.19/0.6.6
6,OQ050642.1,B.1.525,2021-01-11,complete,Homo sapiens,29851,4.3.4/1.37.1/v0.1.12/0.3.19/0.6.6
6,ON041637.1,B.1.525,2021-03-03,complete,Homo sapiens,29769,4.3.4/1.37.1/v0.1.12/0.3.19/0.6.6
6,OL522085.1,B.1.525,2021-06-25,complete,Homo sapiens,29830,4.3.4/1.37.1/v0.1.12/0.3.19/0.6.6
6,MZ362444.1,B.1.525,2021-05-18,complete,Homo sapiens,29702,4.3.4/1.37.1/v0.1.12/0.3.19/0.6.6
6,MZ194344.1,B.1.525,2021-04-22,complete,Homo sapiens,29758,4.3.4/1.37.1/v0.1.12/0.3.19/0.6.6
6,OD932571.1,B.1.525,2021-01-04,complete,Homo sapiens,29830,4.3.4/1.37.1/v0.1.12/0.3.19/0.6.6
6,MW852494.1,B.1.525,2021-03-15,complete,Homo sapiens,29666,4.3.4/1.37.1/v0.1.12/0.3.19/0.6.6
6,OL601603.1,B.1.525,2021-01-07,complete,Homo sapiens,29708,4.3.4/1.37.1/v0.1.12/0.3.19/0.6.6
6,MW809054.1,B.1.525,2021-03-11,complete,Homo sapiens,29784,4.3.4/1.37.1/v0.1.12/0.3.19/0.6.6
6,OQ050305.1,B.1.525,2021-03-15,complete,Homo sapiens,29779,4.3.4/1.37.1/v0.1.12/0.3.19/0.6.6
6,OY861958.1,B.1.525,2021-02-14,complete,Homo sapiens,29830,4.3.4/1.37.1/v0.1.12/0.3.19/0.6.6
6,MZ232313.1,B.1.525,2021-03-23,complete,Homo sapiens,29516,4.3.4/1.37.1/v0.1.12/0.3.19/0.6.6
6,ON301833.1,B.1.525,2021-04-27,complete,Homo sapiens,29603,4.3.4/1.37.1/v0.1.12/0.3.19/0.6.6
6,OX523040.1,B.1.525,2021-03-02,complete,Homo sapiens,29833,4.3.4/1.37.1/v0.1.12/0.3.19/0.6.6
6,OY002923.1,B.1.525,2020,complete,Homo sapiens,29903,4.3.4/1.37.1/v0.1.12/0.3.19/0.6.6
6,MW976004.1,B.1.525,2021-03-03,complete,Homo sapiens,29709,4.3.4/1.37.1/v0.1.12/0.3.19/0.6.6
6,OL601962.1,B.1.525,2021-08-02,complete,Homo sapiens,29708,4.3.4/1.37.1/v0.1.12/0.3.19/0.6.6
6,MW963384.1,B.1.525,2021-03-24,complete,Homo sapiens,29752,4.3.4/1.37.1/v0.1.12/0.3.19/0.6.6
6,PQ791692.1,B.1.525,2021-03-09,complete,Homo sapiens,29659,4.3.4/1.37.1/v0.1.12/0.3.19/0.6.6
6,OX593813.1,B.1.525,2021-03-03,complete,Homo sapiens,29887,4.3.4/1.37.1/v0.1.12/0.3.19/0.6.6
6,MZ321539.1,B.1.525,2021-05-12,complete,Homo sapiens,29709,4.3.4/1.37.1/v0.1.12/0.3.19/0.6.6
6,MW989017.1,B.1.525,2021-04-04,complete,Homo sapiens,29709,4.3.4/1.37.1/v0.1.12/0.3.19/0.6.6
6,OX937448.1,B.1.525,2020,complete,Homo sapiens,29829,4.3.4/1.37.1/v0.1.12/0.3.19/0.6.6
6,MZ085276.1,B.1.525,2021-04-08,complete,Homo sapiens,29828,4.3.4/1.37.1/v0.1.12/0.3.19/0.6.6
6,MZ007220.1,B.1.525,2021-03-31,complete,Homo sapiens,29757,4.3.4/1.37.1/v0.1.12/0.3.19/0.6.6
6,OX862506.1,B.1.525,2020,complete,Homo sapiens,29828,4.3.4/1.37.1/v0.1.12/0.3.19/0.6.6
6,MZ033207.1,B.1.525,2021-04-05,complete,Homo sapiens,29762,4.3.4/1.37.1/v0.1.12/0.3.19/0.6.6
6,OQ050801.1,B.1.525,2021-01-27,complete,Homo sapiens,29818,4.3.4/1.37.1/v0.1.12/0.3.19/0.6.6
6,OY585731.1,B.1.525,2021-02-22,complete,Homo sapiens,29881,4.3.4/1.37.1/v0.1.12/0.3.19/0.6.6
6,OL601726.1,B.1.525,2021-02-03,complete,Homo sapiens,29708,4.3.4/1.37.1/v0.1.12/0.3.19/0.6.6
6,OY591103.1,B.1.525,2021-01-14,complete,Homo sapiens,29830,4.3.4/1.37.1/v0.1.12/0.3.19/0.6.6
6,OX985918.1,B.1.525,2020,complete,Homo sapiens,29878,4.3.4/1.37.1/v0.1.12/0.3.19/0.6.6
6,OX699790.1,B.1.525,2020,complete,Homo sapiens,29838,4.3.4/1.37.1/v0.1.12/0.3.19/0.6.6
6,PQ791682.1,B.1.525,2021-02-24,complete,Homo sapiens,29660,4.3.4/1.37.1/v0.1.12/0.3.19/0.6.6
6,OY943873.1,B.1.525,2021-05-04,complete,Homo sapiens,29828,4.3.4/1.37.1/v0.1.12/0.3.19/0.6.6
6,MZ183980.1,B.1.525,2021-04-26,complete,Homo sapiens,29690,4.3.4/1.37.1/v0.1.12/0.3.19/0.6.6
6,OX640832.1,B.1.525,2021-03-10,complete,Homo sapiens,29878,4.3.4/1.37.1/v0.1.12/0.3.19/0.6.6
6,OL601951.1,B.1.525,2021-04-04,complete,Homo sapiens,29708,4.3.4/1.37.1/v0.1.12/0.3.19/0.6.6
6,OX615063.1,B.1.525,2020,complete,Homo sapiens,29829,4.3.4/1.37.1/v0.1.12/0.3.19/0.6.6
6,OD951681.1,B.1.525,2021-01-21,complete,Homo sapiens,29830,4.3.4/1.37.1/v0.1.12/0.3.19/0.6.6
6,MZ282233.1,B.1.525,2021-05-03,complete,Homo sapiens,29798,4.3.4/1.37.1/v0.1.12/0.3.19/0.6.6
6,MZ501408.1,B.1.525,2021-04-13,complete,Homo sapiens,29776,4.3.4/1.37.1/v0.1.12/0.3.19/0.6.6
6,MZ166719.1,B.1.525,2021-04-05,complete,Homo sapiens,29758,4.3.4/1.37.1/v0.1.12/0.3.19/0.6.6
6,MW945260.1,B.1.525,2021-03-25,complete,Homo sapiens,29730,4.3.4/1.37.1/v0.1.12/0.3.19/0.6.6
6,OY012059.1,B.1.525,2021-03-26,complete,Homo sapiens,29903,4.3.4/1.37.1/v0.1.12/0.3.19/0.6.6
7,MZ153577.1,B.1.526,2021-04-20,complete,Homo sapiens,29818,4.3.4/1.37.1/v0.1.12/0.3.19/0.6.6
7,MW891313.1,B.1.526,2021-03-20,complete,Homo sapiens,29817,4.3.4/1.37.1/v0.1.12/0.3.19/0.6.6
7,MW966199.1,B.1.526,2021-03-24,complete,Homo sapiens,29891,4.3.4/1.37.1/v0.1.12/0.3.19/0.6.6
7,ON192557.1,B.1.526,2021-04-13,complete,Homo sapiens,29714,4.3.4/1.37.1/v0.1.12/0.3.19/0.6.6
7,MZ047431.1,B.1.526,2021-03-30,complete,Homo sapiens,29716,4.3.4/1.37.1/v0.1.12/0.3.19/0.6.6
7,OL803134.1,B.1.526,2021-04-20,complete,Homo sapiens,29814,4.3.4/1.37.1/v0.1.12/0.3.19/0.6.6
7,PP609644.1,B.1.526,2021-03-27,complete,Homo sapiens,29731,4.3.4/1.37.1/v0.1.12/0.3.19/0.6.6
7,OR305193.1,B.1.526,2021-04-13,complete,Homo sapiens,29803,4.3.4/1.37.1/v0.1.12/0.3.19/0.6.6
7,OK183459.1,B.1.526,2021-05-19,complete,Homo sapiens,29772,4.3.4/1.37.1/v0.1.12/0.3.19/0.6.6
7,MZ639090.1,B.1.526,2021-03-19,complete,Homo sapiens,29756,4.3.4/1.37.1/v0.1.12/0.3.19/0.6.6
7,OL475384.1,B.1.526,2021-02-25,complete,Homo sapiens,29708,4.3.4/1.37.1/v0.1.12/0.3.19/0.6.6
7,MZ075923.1,B.1.526,2021-04-01,complete,Homo sapiens,29891,4.3.4/1.37.1/v0.1.12/0.3.19/0.6.6
7,MW890668.1,B.1.526,2021-03-21,complete,Homo sapiens,29772,4.3.4/1.37.1/v0.1.12/0.3.19/0.6.6
7,MZ282394.1,B.1.526,2021-05-01,complete,Homo sapiens,29891,4.3.4/1.37.1/v0.1.12/0.3.19/0.6.6
7,MW976371.1,B.1.526,2021-03-14,complete,Homo sapiens,29749,4.3.4/1.37.1/v0.1.12/0.3.19/0.6.6
7,MZ213129.1,B.1.526,2021-04-13,complete,Homo sapiens,29884,4.3.4/1.37.1/v0.1.12/0.3.19/0.6.6
7,PP607420.1,B.1.526,2021-03-12,complete,Homo sapiens,29736,4.3.4/1.37.1/v0.1.12/0.3.19/0.6.6
7,MZ638744.1,B.1.526,2021-03-11,complete,Homo sapiens,29736,4.3.4/1.37.1/v0.1.12/0.3.19/0.6.6
7,MW888053.1,B.1.526,2021-03-02,complete,Homo sapiens,29857,4.3.4/1.37.1/v0.1.12/0.3.19/0.6.6
7,MZ001156.1,B.1.526,2021-03-23,complete,Homo sapiens,29704,4.3.4/1.37.1/v0.1.12/0.3.19/0.6.6
7,MZ259263.1,B.1.526,2021-03-10,complete,Homo sapiens,29866,4.3.4/1.37.1/v0.1.12/0.3.19/0.6.6
7,MZ032350.1,B.1.526,2021-04-14,complete,Homo sapiens,29865,4.3.4/1.37.1/v0.1.12/0.3.19/0.6.6
7,MZ156748.1,B.1.526,2021-03-16,complete,Homo sapiens,29893,4.3.4/1.37.1/v0.1.12/0.3.19/0.6.6
7,MZ271543.1,B.1.526,2021-04-15,complete,Homo sapiens,29866,4.3.4/1.37.1/v0.1.12/0.3.19/0.6.6
7,MZ258259.1,B.1.526,2021-03-17,complete,Homo sapiens,29854,4.3.4/1.37.1/v0.1.12/0.3.19/0.6.6
7,MZ638797.1,B.1.526,2021-03-13,complete,Homo sapiens,29767,4.3.4/1.37.1/v0.1.12/0.3.19/0.6.6
7,MZ319849.1,B.1.526,2021-05-18,complete,Homo sapiens,29819,4.3.4/1.37.1/v0.1.12/0.3.19/0.6.6
7,MW976705.1,B.1.526,2021-03-17,complete,Homo sapiens,29772,4.3.4/1.37.1/v0.1.12/0.3.19/0.6.6
7,MZ090471.1,B.1.526,2021-04-13,complete,Homo sapiens,29772,4.3.4/1.37.1/v0.1.12/0.3.19/0.6.6
7,MZ637933.1,B.1.526,2021-02-19,complete,Homo sapiens,29736,4.3.4/1.37.1/v0.1.12/0.3.19/0.6.6
7,MZ154236.1,B.1.526,2021-04-20,complete,Homo sapiens,29798,4.3.4/1.37.1/v0.1.12/0.3.19/0.6.6
7,MZ927146.1,B.1.526,2021-04-29,complete,Homo sapiens,29829,4.3.4/1.37.1/v0.1.12/0.3.19/0.6.6
7,MW969468.1,B.1.526,2021-03-25,complete,Homo sapiens,29868,4.3.4/1.37.1/v0.1.12/0.3.19/0.6.6
7,MZ154404.1,B.1.526,2021-04-20,complete,Homo sapiens,29821,4.3.4/1.37.1/v0.1.12/0.3.19/0.6.6
7,PQ790613.1,B.1.526,2021-04-27,complete,Homo sapiens,29761,4.3.4/1.37.1/v0.1.12/0.3.19/0.6.6
7,MZ075921.1,B.1.526,2021-04-01,complete,Homo sapiens,29885,4.3.4/1.37.1/v0.1.12/0.3.19/0.6.6
7,MZ146177.1,B.1.526,2021-04-19,complete,Homo sapiens,29749,4.3.4/1.37.1/v0.1.12/0.3.19/0.6.6
7,MZ271135.1,B.1.526,2021-04-16,complete,Homo sapiens,29888,4.3.4/1.37.1/v0.1.12/0.3.19/0.6.6
7,MZ184812.1,B.1.526,2021-04-28,complete,Homo sapiens,29891,4.3.4/1.37.1/v0.1.12/0.3.19/0.6.6
7,MZ068960.1,B.1.526,2021-04-21,complete,Homo sapiens,29841,4.3.4/1.37.1/v0.1.12/0.3.19/0.6.6
7,MZ619813.1,B.1.526,2021-04-14,complete,Homo sapiens,29829,4.3.4/1.37.1/v0.1.12/0.3.19/0.6.6
7,PP606386.1,B.1.526,2021-03-03,complete,Homo sapiens,29731,4.3.4/1.37.1/v0.1.12/0.3.19/0.6.6
7,MZ316827.1,B.1.526,2021-05-13,complete,Homo sapiens,29815,4.3.4/1.37.1/v0.1.12/0.3.19/0.6.6
7,MZ102238.1,B.1.526,2021-04-22,complete,Homo sapiens,29842,4.3.4/1.37.1/v0.1.12/0.3.19/0.6.6
7,MZ710334.1,B.1.526,2021-04,complete,Homo sapiens,29772,4.3.4/1.37.1/v0.1.12/0.3.19/0.6.6
7,MW975513.1,B.1.526,2021-02-25,complete,Homo sapiens,29749,4.3.4/1.37.1/v0.1.12/0.3.19/0.6.6
7,ON192649.1,B.1.526,2021-04-19,complete,Homo sapiens,29707,4.3.4/1.37.1/v0.1.12/0.3.19/0.6.6
7,MW931031.1,B.1.526,2021-03-27,complete,Homo sapiens,29813,4.3.4/1.37.1/v0.1.12/0.3.19/0.6.6
7,MZ454754.1,B.1.526,2021-04-30,complete,Homo sapiens,29749,4.3.4/1.37.1/v0.1.12/0.3.19/0.6.6
7,MZ101531.1,B.1.526,2021-04-16,complete,Homo sapiens,29801,4.3.4/1.37.1/v0.1.12/0.3.19/0.6.6
7,MW880317.1,B.1.526,2021-03-20,complete,Homo sapiens,29782,4.3.4/1.37.1/v0.1.12/0.3.19/0.6.6
7,MW880655.1,B.1.526,2021-03-22,complete,Homo sapiens,29772,4.3.4/1.37.1/v0.1.12/0.3.19/0.6.6
7,MZ193768.1,B.1.526,2021-04-20,complete,Homo sapiens,29826,4.3.4/1.37.1/v0.1.12/0.3.19/0.6.6
7,MZ226381.1,B.1.526,2021-04-27,complete,Homo sapiens,29749,4.3.4/1.37.1/v0.1.12/0.3.19/0.6.6
7,MZ337030.1,B.1.526,2021-05-16,complete,Homo sapiens,29772,4.3.4/1.37.1/v0.1.12/0.3.19/0.6.6
7,ON133812.1,B.1.526,2021-05-07,complete,Homo sapiens,29789,4.3.4/1.37.1/v0.1.12/0.3.19/0.6.6
7,MZ046454.1,B.1.526,2021-04-01,complete,Homo sapiens,29862,4.3.4/1.37.1/v0.1.12/0.3.19/0.6.6
7,MW891619.1,B.1.526,2021-03-23,complete,Homo sapiens,29819,4.3.4/1.37.1/v0.1.12/0.3.19/0.6.6
7,MZ637600.1,B.1.526,2021-02-06,complete,Homo sapiens,29722,4.3.4/1.37.1/v0.1.12/0.3.19/0.6.6
7,PP615172.1,B.1.526,2021-01-07,complete,Homo sapiens,29752,4.3.4/1.37.1/v0.1.12/0.3.19/0.6.6
7,ON192480.1,B.1.526,2021-04-08,complete,Homo sapiens,29714,4.3.4/1.37.1/v0.1.12/0.3.19/0.6.6
7,OK511996.1,B.1.526,2021-06-09,complete,Homo sapiens,29770,4.3.4/1.37.1/v0.1.12/0.3.19/0.6.6
7,MW892202.1,B.1.526,2021-03-25,complete,Homo sapiens,29772,4.3.4/1.37.1/v0.1.12/0.3.19/0.6.6
7,MW904174.1,B.1.526,2021-03-17,complete,Homo sapiens,29796,4.3.4/1.37.1/v0.1.12/0.3.19/0.6.6
7,MZ149332.1,B.1.526,2021-04-29,complete,Homo sapiens,29841,4.3.4/1.37.1/v0.1.12/0.3.19/0.6.6
7,MZ198942.1,B.1.526,2021-04-26,complete,Homo sapiens,29749,4.3.4/1.37.1/v0.1.12/0.3.19/0.6.6
7,OK548838.1,B.1.526,2021-06-03,complete,Homo sapiens,29588,4.3.4/1.37.1/v0.1.12/0.3.19/0.6.6
7,MZ003286.1,B.1.526,2021-03-31,complete,Homo sapiens,29703,4.3.4/1.37.1/v0.1.12/0.3.19/0.6.6
7,PP610009.1,B.1.526,2021-03-29,complete,Homo sapiens,29735,4.3.4/1.37.1/v0.1.12/0.3.19/0.6.6
7,MZ101949.1,B.1.526,2021-04-22,complete,Homo sapiens,29865,4.3.4/1.37.1/v0.1.12/0.3.19/0.6.6
7,MZ195055.1,B.1.526,2021-05-02,complete,Homo sapiens,29841,4.3.4/1.37.1/v0.1.12/0.3.19/0.6.6
7,MW890699.1,B.1.526,2021-03-22,complete,Homo sapiens,29772,4.3.4/1.37.1/v0.1.12/0.3.19/0.6.6
7,MZ295811.1,B.1.526,2021-05-02,complete,Homo sapiens,29807,4.3.4/1.37.1/v0.1.12/0.3.19/0.6.6
7,MZ371654.1,B.1.526,2021-05-23,complete,Homo sapiens,29704,4.3.4/1.37.1/v0.1.12/0.3.19/0.6.6
7,MZ022417.1,B.1.526,2021-03-27,complete,Homo sapiens,29857,4.3.4/1.37.1/v0.1.12/0.3.19/0.6.6
7,OL474171.1,B.1.526,2021-03-26,complete,Homo sapiens,29710,4.3.4/1.37.1/v0.1.12/0.3.19/0.6.6
7,MZ187870.1,B.1.526,2021-04-21,complete,Homo sapiens,29890,4.3.4/1.37.1/v0.1.12/0.3.19/0.6.6
7,ON196855.1,B.1.526,2021-03-22,complete,Homo sapiens,29697,4.3.4/1.37.1/v0.1.12/0.3.19/0.6.6
7,MW931483.1,B.1.526,2021-03-30,complete,Homo sapiens,29821,4.3.4/1.37.1/v0.1.12/0.3.19/0.6.6
7,MZ342196.1,B.1.526,2021-05-17,complete,Homo sapiens,29769,4.3.4/1.37.1/v0.1.12/0.3.19/0.6.6
7,MZ579420.1,B.1.526,2021-05-17,complete,Homo sapiens,29893,4.3.4/1.37.1/v0.1.12/0.3.19/0.6.6
7,MZ030236.1,B.1.526,2021-04-08,complete,Homo sapiens,29772,4.3.4/1.37.1/v0.1.12/0.3.19/0.6.6
7,MW976339.1,B.1.526,2021-03-10,complete,Homo sapiens,29772,4.3.4/1.37.1/v0.1.12/0.3.19/0.6.6
7,MZ186373.1,B.1.526,2021-04-17,complete,Homo sapiens,29863,4.3.4/1.37.1/v0.1.12/0.3.19/0.6.6
7,MZ011799.1,B.1.526,2021-03-27,complete,Homo sapiens,29850,4.3.4/1.37.1/v0.1.12/0.3.19/0.6.6
7,PP608814.1,B.1.526,2021-03-24,complete,Homo sapiens,29736,4.3.4/1.37.1/v0.1.12/0.3.19/0.6.6
7,MZ638139.1,B.1.526,2021-02-26,complete,Homo sapiens,29733,4.3.4/1.37.1/v0.1.12/0.3.19/0.6.6
7,MZ145839.1,B.1.526,2021-04-27,complete,Homo sapiens,29841,4.3.4/1.37.1/v0.1.12/0.3.19/0.6.6
7,OX819702.1,B.1.526,2020,complete,Homo sapiens,29903,4.3.4/1.37.1/v0.1.12/0.3.19/0.6.6
7,MZ201987.1,B.1.526,2021-04-24,complete,Homo sapiens,29790,4.3.4/1.37.1/v0.1.12/0.3.19/0.6.6
7,MW904251.1,B.1.526,2021-03-18,complete,Homo sapiens,29821,4.3.4/1.37.1/v0.1.12/0.3.19/0.6.6
7,MZ639116.1,B.1.526,2021-03-22,complete,Homo sapiens,29736,4.3.4/1.37.1/v0.1.12/0.3.19/0.6.6
7,MZ498125.1,B.1.526,2021-04-19,complete,Homo sapiens,29812,4.3.4/1.37.1/v0.1.12/0.3.19/0.6.6
7,OK192777.1,B.1.526,2021-03-26,complete,Homo sapiens,29821,4.3.4/1.37.1/v0.1.12/0.3.19/0.6.6
7,MZ002095.1,B.1.526,2021-03-30,complete,Homo sapiens,29704,4.3.4/1.37.1/v0.1.12/0.3.19/0.6.6
7,MZ448907.1,B.1.526,2021-03-04,complete,Homo sapiens,29721,4.3.4/1.37.1/v0.1.12/0.3.19/0.6.6
7,PP604011.1,B.1.526,2021-02-10,complete,Homo sapiens,29736,4.3.4/1.37.1/v0.1.12/0.3.19/0.6.6
7,MZ212429.1,B.1.526,2021-04-10,complete,Homo sapiens,29879,4.3.4/1.37.1/v0.1.12/0.3.19/0.6.6
7,MZ681422.1,B.1.526,2020-12-31,complete,Homo sapiens,29772,4.3.4/1.37.1/v0.1.12/0.3.19/0.6.6
7,MZ256351.1,B.1.526,2021-03-12,complete,Homo sapiens,29863,4.3.4/1.37.1/v0.1.12/0.3.19/0.6.6
7,MZ639560.1,B.1.526,2021-03-27,complete,Homo sapiens,29732,4.3.4/1.37.1/v0.1.12/0.3.19/0.6.6
7,OL473946.1,B.1.526,2021-01-23,complete,Homo sapiens,29705,4.3.4/1.37.1/v0.1.12/0.3.19/0.6.6
7,PP608935.1,B.1.526,2021-03-25,complete,Homo sapiens,29726,4.3.4/1.37.1/v0.1.12/0.3.19/0.6.6
7,MZ320857.1,B.1.526,2021-05-23,complete,Homo sapiens,29889,4.3.4/1.37.1/v0.1.12/0.3.19/0.6.6
7,MZ045020.1,B.1.526,2021-04-08,complete,Homo sapiens,29772,4.3.4/1.37.1/v0.1.12/0.3.19/0.6.6
7,PP608693.1,B.1.526,2021-03-23,complete,Homo sapiens,29736,4.3.4/1.37.1/v0.1.12/0.3.19/0.6.6
7,MZ011772.1,B.1.526,2021-03-23,complete,Homo sapiens,29854,4.3.4/1.37.1/v0.1.12/0.3.19/0.6.6
7,MZ640554.1,B.1.526,2021-04-12,complete,Homo sapiens,29736,4.3.4/1.37.1/v0.1.12/0.3.19/0.6.6
7,OL369032.1,B.1.526,2021-04-27,complete,Homo sapiens,29867,4.3.4/1.37.1/v0.1.12/0.3.19/0.6.6
7,MZ718976.1,B.1.526,2021-03-25,complete,Homo sapiens,29855,4.3.4/1.37.1/v0.1.12/0.3.19/0.6.6
7,PP606313.1,B.1.526,2021-03-03,complete,Homo sapiens,29733,4.3.4/1.37.1/v0.1.12/0.3.19/0.6.6
7,PP605028.1,B.1.526,2021-02-19,complete,Homo sapiens,29770,4.3.4/1.37.1/v0.1.12/0.3.19/0.6.6
7,MW929915.1,B.1.526,2021-03-24,complete,Homo sapiens,29772,4.3.4/1.37.1/v0.1.12/0.3.19/0.6.6
7,MZ253535.1,B.1.526,2021-05-05,complete,Homo sapiens,29704,4.3.4/1.37.1/v0.1.12/0.3.19/0.6.6
7,MZ927060.1,B.1.526,2021-04-25,complete,Homo sapiens,29841,4.3.4/1.37.1/v0.1.12/0.3.19/0.6.6
7,PP609908.1,B.1.526,2021-03-28,complete,Homo sapiens,29733,4.3.4/1.37.1/v0.1.12/0.3.19/0.6.6
7,MZ257361.1,B.1.526,2021-03-20,complete,Homo sapiens,29887,4.3.4/1.37.1/v0.1.12/0.3.19/0.6.6
7,ON085334.1,B.1.526,2021-05-26,complete,Homo sapiens,29801,4.3.4/1.37.1/v0.1.12/0.3.19/0.6.6
7,MW976181.1,B.1.526,2021-03-07,complete,Homo sapiens,29772,4.3.4/1.37.1/v0.1.12/0.3.19/0.6.6
7,PP605727.1,B.1.526,2021-02-26,complete,Homo sapiens,29731,4.3.4/1.37.1/v0.1.12/0.3.19/0.6.6
7,MZ283806.1,B.1.526,2021-04-22,complete,Homo sapiens,29864,4.3.4/1.37.1/v0.1.12/0.3.19/0.6.6
7,PP608119.1,B.1.526,2021-03-17,complete,Homo sapiens,29733,4.3.4/1.37.1/v0.1.12/0.3.19/0.6.6
7,MW929914.1,B.1.526,2021-03-26,complete,Homo sapiens,29772,4.3.4/1.37.1/v0.1.12/0.3.19/0.6.6
7,MZ257215.1,B.1.526,2021-03-22,complete,Homo sapiens,29889,4.3.4/1.37.1/v0.1.12/0.3.19/0.6.6
7,MZ160261.1,B.1.526,2021-04-15,complete,Homo sapiens,29772,4.3.4/1.37.1/v0.1.12/0.3.19/0.6.6
7,MW908125.1,B.1.526,2021-03-26,complete,Homo sapiens,29795,4.3.4/1.37.1/v0.1.12/0.3.19/0.6.6
7,MW888149.1,B.1.526,2021-03-11,complete,Homo sapiens,29816,4.3.4/1.37.1/v0.1.12/0.3.19/0.6.6
7,MZ325064.1,B.1.526,2021-05-11,complete,Homo sapiens,29806,4.3.4/1.37.1/v0.1.12/0.3.19/0.6.6
7,MW988870.1,B.1.526,2021-04-04,complete,Homo sapiens,29772,4.3.4/1.37.1/v0.1.12/0.3.19/0.6.6
7,MZ639554.1,B.1.526,2021-03-27,complete,Homo sapiens,29736,4.3.4/1.37.1/v0.1.12/0.3.19/0.6.6
7,PP604635.1,B.1.526,2021-02-16,complete,Homo sapiens,29733,4.3.4/1.37.1/v0.1.12/0.3.19/0.6.6
7,MZ055938.1,B.1.526,2021-03-29,complete,Homo sapiens,29857,4.3.4/1.37.1/v0.1.12/0.3.19/0.6.6
7,MZ133260.1,B.1.526,2021-04-17,complete,Homo sapiens,29821,4.3.4/1.37.1/v0.1.12/0.3.19/0.6.6
7,MW935784.1,B.1.526,2021-03-17,complete,Homo sapiens,29872,4.3.4/1.37.1/v0.1.12/0.3.19/0.6.6
7,MW993892.1,B.1.526,2021-03-16,complete,Homo sapiens,29864,4.3.4/1.37.1/v0.1.12/0.3.19/0.6.6
7,MZ294648.1,B.1.526,2021-05-16,complete,Homo sapiens,29855,4.3.4/1.37.1/v0.1.12/0.3.19/0.6.6
7,MZ639764.1,B.1.526,2021-03-31,complete,Homo sapiens,29736,4.3.4/1.37.1/v0.1.12/0.3.19/0.6.6
7,MZ048040.1,B.1.526,2021-04-07,complete,Homo sapiens,29772,4.3.4/1.37.1/v0.1.12/0.3.19/0.6.6
7,MZ257372.1,B.1.526,2021-03-20,complete,Homo sapiens,29844,4.3.4/1.37.1/v0.1.12/0.3.19/0.6.6
7,MZ257842.1,B.1.526,2021-03-23,complete,Homo sapiens,29891,4.3.4/1.37.1/v0.1.12/0.3.19/0.6.6
7,OK289906.1,B.1.526,2021-04-21,complete,Homo sapiens,29806,4.3.4/1.37.1/v0.1.12/0.3.19/0.6.6
7,MZ538158.1,B.1.526,2021-06-11,complete,Homo sapiens,29772,4.3.4/1.37.1/v0.1.12/0.3.19/0.6.6
7,MZ024296.1,B.1.526,2021-03-29,complete,Homo sapiens,29866,4.3.4/1.37.1/v0.1.12/0.3.19/0.6.6
7,OK246625.1,B.1.526,2021-03-17,complete,Homo sapiens,29893,4.3.4/1.37.1/v0.1.12/0.3.19/0.6.6
7,MZ166943.1,B.1.526,2021-04-06,complete,Homo sapiens,29787,4.3.4/1.37.1/v0.1.12/0.3.19/0.6.6
7,MZ258463.1,B.1.526,2021-03-18,complete,Homo sapiens,29859,4.3.4/1.37.1/v0.1.12/0.3.19/0.6.6
7,PP607394.1,B.1.526,2021-03-12,complete,Homo sapiens,29733,4.3.4/1.37.1/v0.1.12/0.3.19/0.6.6
7,MZ498452.1,B.1.526,2021-05-17,complete,Homo sapiens,29819,4.3.4/1.37.1/v0.1.12/0.3.19/0.6.6
7,OK289795.1,B.1.526,2021-04-21,complete,Homo sapiens,29788,4.3.4/1.37.1/v0.1.12/0.3.19/0.6.6
7,MZ639047.1,B.1.526,2021-03-20,complete,Homo sapiens,29737,4.3.4/1.37.1/v0.1.12/0.3.19/0.6.6
7,MW904250.1,B.1.526,2021-03-18,complete,Homo sapiens,29817,4.3.4/1.37.1/v0.1.12/0.3.19/0.6.6
7,MZ295745.1,B.1.526,2021-05-02,complete,Homo sapiens,29791,4.3.4/1.37.1/v0.1.12/0.3.19/0.6.6
7,MZ278945.1,B.1.526,2021-05-02,complete,Homo sapiens,29797,4.3.4/1.37.1/v0.1.12/0.3.19/0.6.6
7,MZ009399.1,B.1.526,2021-04-03,complete,Homo sapiens,29821,4.3.4/1.37.1/v0.1.12/0.3.19/0.6.6
7,MZ296536.1,B.1.526,2021-04-16,complete,Homo sapiens,29813,4.3.4/1.37.1/v0.1.12/0.3.19/0.6.6
7,PP606111.1,B.1.526,2021-03-01,complete,Homo sapiens,29746,4.3.4/1.37.1/v0.1.12/0.3.19/0.6.6
7,MZ270952.1,B.1.526,2021-04-15,complete,Homo sapiens,29848,4.3.4/1.37.1/v0.1.12/0.3.19/0.6.6
7,PP608167.1,B.1.526,2021-03-17,complete,Homo sapiens,29736,4.3.4/1.37.1/v0.1.12/0.3.19/0.6.6
7,MW975626.1,B.1.526,2021-02-25,complete,Homo sapiens,29749,4.3.4/1.37.1/v0.1.12/0.3.19/0.6.6
7,ON192484.1,B.1.526,2021-04-05,complete,Homo sapiens,29712,4.3.4/1.37.1/v0.1.12/0.3.19/0.6.6
7,PP605104.1,B.1.526,2021-02-20,complete,Homo sapiens,29737,4.3.4/1.37.1/v0.1.12/0.3.19/0.6.6
7,PP608029.1,B.1.526,2021-03-16,complete,Homo sapiens,29757,4.3.4/1.37.1/v0.1.12/0.3.19/0.6.6
7,MZ512648.1,B.1.526,2021-03-21,complete,Homo sapiens,29893,4.3.4/1.37.1/v0.1.12/0.3.19/0.6.6
7,MZ048153.1,B.1.526,2021-04-06,complete,Homo sapiens,29772,4.3.4/1.37.1/v0.1.12/0.3.19/0.6.6
7,MZ100618.1,B.1.526,2021-04-17,complete,Homo sapiens,29819,4.3.4/1.37.1/v0.1.12/0.3.19/0.6.6
7,MZ022093.1,B.1.526,2021-03-29,complete,Homo sapiens,29887,4.3.4/1.37.1/v0.1.12/0.3.19/0.6.6
7,OK193113.1,B.1.526,2021-03-27,complete,Homo sapiens,29821,4.3.4/1.37.1/v0.1.12/0.3.19/0.6.6
7,MZ498144.1,B.1.526,2021-04-13,complete,Homo sapiens,29793,4.3.4/1.37.1/v0.1.12/0.3.19/0.6.6
7,MZ229043.1,B.1.526,2021-04-28,complete,Homo sapiens,29796,4.3.4/1.37.1/v0.1.12/0.3.19/0.6.6
7,MZ046888.1,B.1.526,2021-04-09,complete,Homo sapiens,29749,4.3.4/1.37.1/v0.1.12/0.3.19/0.6.6
7,MZ450486.1,B.1.526,2021-06-09,complete,Homo sapiens,29796,4.3.4/1.37.1/v0.1.12/0.3.19/0.6.6
7,MZ638785.1,B.1.526,2021-03-12,complete,Homo sapiens,29736,4.3.4/1.37.1/v0.1.12/0.3.19/0.6.6
7,MZ354432.1,B.1.526,2021-05-11,complete,Homo sapiens,29798,4.3.4/1.37.1/v0.1.12/0.3.19/0.6.6
7,MZ270937.1,B.1.526,2021-04-16,complete,Homo sapiens,29836,4.3.4/1.37.1/v0.1.12/0.3.19/0.6.6
7,MZ331150.1,B.1.526,2021-05-05,complete,Homo sapiens,29816,4.3.4/1.37.1/v0.1.12/0.3.19/0.6.6
7,MZ029969.1,B.1.526,2021-04-05,complete,Homo sapiens,29772,4.3.4/1.37.1/v0.1.12/0.3.19/0.6.6
7,MZ100375.1,B.1.526,2021-04-13,complete,Homo sapiens,29811,4.3.4/1.37.1/v0.1.12/0.3.19/0.6.6
7,MZ258197.1,B.1.526,2021-03-22,complete,Homo sapiens,29850,4.3.4/1.37.1/v0.1.12/0.3.19/0.6.6
7,ON195259.1,B.1.526,2021-04-18,complete,Homo sapiens,29705,4.3.4/1.37.1/v0.1.12/0.3.19/0.6.6
7,OK187490.1,B.1.526,2021-05-28,complete,Homo sapiens,29786,4.3.4/1.37.1/v0.1.12/0.3.19/0.6.6
7,MZ453881.1,B.1.526,2021-03-31,complete,Homo sapiens,29772,4.3.4/1.37.1/v0.1.12/0.3.19/0.6.6
7,OL369372.1,B.1.526,2021-04-29,complete,Homo sapiens,29893,4.3.4/1.37.1/v0.1.12/0.3.19/0.6.6
7,PP609940.1,B.1.526,2021-03-29,complete,Homo sapiens,29736,4.3.4/1.37.1/v0.1.12/0.3.19/0.6.6
7,MZ282510.1,B.1.526,2021-04-30,complete,Homo sapiens,29863,4.3.4/1.37.1/v0.1.12/0.3.19/0.6.6
7,MZ512893.1,B.1.526,2021-04-25,complete,Homo sapiens,29893,4.3.4/1.37.1/v0.1.12/0.3.19/0.6.6
7,MZ195627.1,B.1.526,2021-04-25,complete,Homo sapiens,29865,4.3.4/1.37.1/v0.1.12/0.3.19/0.6.6
7,MW990522.1,B.1.526,2021-04-04,complete,Homo sapiens,29863,4.3.4/1.37.1/v0.1.12/0.3.19/0.6.6
7,MZ640698.1,B.1.526,2021-04-15,complete,Homo sapiens,29736,4.3.4/1.37.1/v0.1.12/0.3.19/0.6.6
7,MW897495.1,B.1.526,2021-03-23,complete,Homo sapiens,29857,4.3.4/1.37.1/v0.1.12/0.3.19/0.6.6
7,MZ638385.1,B.1.526,2021-03-04,complete,Homo sapiens,29733,4.3.4/1.37.1/v0.1.12/0.3.19/0.6.6
7,MZ342492.1,B.1.526,2021-05-21,complete,Homo sapiens,29769,4.3.4/1.37.1/v0.1.12/0.3.19/0.6.6
7,OK218473.1,B.1.526,2021-03-29,complete,Homo sapiens,29851,4.3.4/1.37.1/v0.1.12/0.3.19/0.6.6
7,MZ068478.1,B.1.526,2021-04-24,complete,Homo sapiens,29864,4.3.4/1.37.1/v0.1.12/0.3.19/0.6.6
7,MZ181239.1,B.1.526,2021-04-24,complete,Homo sapiens,29704,4.3.4/1.37.1/v0.1.12/0.3.19/0.6.6
7,MZ186569.1,B.1.526,2021-04-20,complete,Homo sapiens,29866,4.3.4/1.37.1/v0.1.12/0.3.19/0.6.6
7,MZ154215.1,B.1.526,2021-04-20,complete,Homo sapiens,29819,4.3.4/1.37.1/v0.1.12/0.3.19/0.6.6
7,MZ196181.1,B.1.526,2021-04-25,complete,Homo sapiens,29863,4.3.4/1.37.1/v0.1.12/0.3.19/0.6.6
7,MZ156724.1,B.1.526,2021-03-10,complete,Homo sapiens,29893,4.3.4/1.37.1/v0.1.12/0.3.19/0.6.6
7,PP606571.1,B.1.526,2021-03-05,complete,Homo sapiens,29736,4.3.4/1.37.1/v0.1.12/0.3.19/0.6.6
7,MZ637510.1,B.1.526,2020-12-26,complete,Homo sapiens,29734,4.3.4/1.37.1/v0.1.12/0.3.19/0.6.6
7,MZ260575.1,B.1.526,2021-03-11,complete,Homo sapiens,29811,4.3.4/1.37.1/v0.1.12/0.3.19/0.6.6
7,MZ390439.1,B.1.526,2021-05-19,complete,Homo sapiens,29772,4.3.4/1.37.1/v0.1.12/0.3.19/0.6.6
7,MZ252431.1,B.1.526,2021-05-06,complete,Homo sapiens,29770,4.3.4/1.37.1/v0.1.12/0.3.19/0.6.6
7,MZ316591.1,B.1.526,2021-05-17,complete,Homo sapiens,29789,4.3.4/1.37.1/v0.1.12/0.3.19/0.6.6
7,MZ132999.1,B.1.526,2021-04-15,complete,Homo sapiens,29813,4.3.4/1.37.1/v0.1.12/0.3.19/0.6.6
7,MZ028818.1,B.1.526,2021-04-06,complete,Homo sapiens,29857,4.3.4/1.37.1/v0.1.12/0.3.19/0.6.6
7,MZ476120.1,B.1.526,2021-03-28,complete,Homo sapiens,29772,4.3.4/1.37.1/v0.1.12/0.3.19/0.6.6
7,MZ455590.1,B.1.526,2021-05-03,complete,Homo sapiens,29772,4.3.4/1.37.1/v0.1.12/0.3.19/0.6.6
7,MZ210657.1,B.1.526,2021-04-09,complete,Homo sapiens,29887,4.3.4/1.37.1/v0.1.12/0.3.19/0.6.6
7,MZ213678.1,B.1.526,2021-04-13,complete,Homo sapiens,29891,4.3.4/1.37.1/v0.1.12/0.3.19/0.6.6
7,MZ202116.1,B.1.526,2021-04-24,complete,Homo sapiens,29813,4.3.4/1.37.1/v0.1.12/0.3.19/0.6.6
7,OK183322.1,B.1.526,2021-05-09,complete,Homo sapiens,29749,4.3.4/1.37.1/v0.1.12/0.3.19/0.6.6
7,MZ411948.1,B.1.526,2021-06-01,complete,Homo sapiens,29767,4.3.4/1.37.1/v0.1.12/0.3.19/0.6.6
7,MZ069030.1,B.1.526,2021-04-22,complete,Homo sapiens,29841,4.3.4/1.37.1/v0.1.12/0.3.19/0.6.6
7,MZ055950.1,B.1.526,2021-04-07,complete,Homo sapiens,29838,4.3.4/1.37.1/v0.1.12/0.3.19/0.6.6
7,PV001987.1,B.1.526,2021-03-01,complete,Homo sapiens,29760,4.3.4/1.37.1/v0.1.12/0.3.19/0.6.6
7,MZ641564.1,B.1.526,2021-01-25,complete,Homo sapiens,29772,4.3.4/1.37.1/v0.1.12/0.3.19/0.6.6
7,MZ637662.1,B.1.526,2021-02-08,complete,Homo sapiens,29736,4.3.4/1.37.1/v0.1.12/0.3.19/0.6.6
7,PV002410.1,B.1.526,2021-05-31,complete,Homo sapiens,29761,4.3.4/1.37.1/v0.1.12/0.3.19/0.6.6
7,OM485984.1,B.1.526,2021-04-10,complete,Homo sapiens,29866,4.3.4/1.37.1/v0.1.12/0.3.19/0.6.6
7,PQ964559.1,B.1.526,2021-04-06,complete,Homo sapiens,29793,4.3.4/1.37.1/v0.1.12/0.3.19/0.6.6
7,MZ152605.1,B.1.526,2021-04-19,complete,Homo sapiens,29772,4.3.4/1.37.1/v0.1.12/0.3.19/0.6.6
7,MZ638026.1,B.1.526,2021-02-23,complete,Homo sapiens,29736,4.3.4/1.37.1/v0.1.12/0.3.19/0.6.6
7,MZ371940.1,B.1.526,2021-05-22,complete,Homo sapiens,29563,4.3.4/1.37.1/v0.1.12/0.3.19/0.6.6
7,MW986492.1,B.1.526,2021-03-09,complete,Homo sapiens,29701,4.3.4/1.37.1/v0.1.12/0.3.19/0.6.6
7,MZ226133.1,B.1.526,2021-05-01,complete,Homo sapiens,29772,4.3.4/1.37.1/v0.1.12/0.3.19/0.6.6
7,MZ315282.1,B.1.526,2021-05-08,complete,Homo sapiens,29822,4.3.4/1.37.1/v0.1.12/0.3.19/0.6.6
7,MZ308374.1,B.1.526,2021-05-17,complete,Homo sapiens,29672,4.3.4/1.37.1/v0.1.12/0.3.19/0.6.6
7,MZ213479.1,B.1.526,2021-04-13,complete,Homo sapiens,29891,4.3.4/1.37.1/v0.1.12/0.3.19/0.6.6
7,MZ061143.1,B.1.526,2021-04-10,complete,Homo sapiens,29821,4.3.4/1.37.1/v0.1.12/0.3.19/0.6.6
7,MZ054009.1,B.1.526,2021-04-17,complete,Homo sapiens,29841,4.3.4/1.37.1/v0.1.12/0.3.19/0.6.6
7,MZ035035.1,B.1.526,2021-04-06,complete,Homo sapiens,29820,4.3.4/1.37.1/v0.1.12/0.3.19/0.6.6
7,MZ023956.1,B.1.526,2021-04-11,complete,Homo sapiens,29887,4.3.4/1.37.1/v0.1.12/0.3.19/0.6.6
7,PP607069.1,B.1.526,2021-03-10,complete,Homo sapiens,29731,4.3.4/1.37.1/v0.1.12/0.3.19/0.6.6
7,MZ029805.1,B.1.526,2021-04-05,complete,Homo sapiens,29772,4.3.4/1.37.1/v0.1.12/0.3.19/0.6.6
7,PP606553.1,B.1.526,2021-03-05,complete,Homo sapiens,29736,4.3.4/1.37.1/v0.1.12/0.3.19/0.6.6
7,OL369267.1,B.1.526,2021-04-28,complete,Homo sapiens,29891,4.3.4/1.37.1/v0.1.12/0.3.19/0.6.6
7,MZ307720.1,B.1.526,2021-05-12,complete,Homo sapiens,29737,4.3.4/1.37.1/v0.1.12/0.3.19/0.6.6
7,MZ002810.1,B.1.526,2021-03-31,complete,Homo sapiens,29704,4.3.4/1.37.1/v0.1.12/0.3.19/0.6.6
7,OM840775.1,B.1.526,2021-05-07,complete,Homo sapiens,29672,4.3.4/1.37.1/v0.1.12/0.3.19/0.6.6
7,MW902904.1,B.1.526,2021-03-18,complete,Homo sapiens,29704,4.3.4/1.37.1/v0.1.12/0.3.19/0.6.6
7,OL369644.1,B.1.526,2021-04-29,complete,Homo sapiens,29885,4.3.4/1.37.1/v0.1.12/0.3.19/0.6.6
7,MZ639603.1,B.1.526,2021-03-28,complete,Homo sapiens,29736,4.3.4/1.37.1/v0.1.12/0.3.19/0.6.6
7,MZ023321.1,B.1.526,2021-03-29,complete,Homo sapiens,29868,4.3.4/1.37.1/v0.1.12/0.3.19/0.6.6
7,MZ320036.1,B.1.526,2021-05-19,complete,Homo sapiens,29868,4.3.4/1.37.1/v0.1.12/0.3.19/0.6.6
7,MW966511.1,B.1.526,2021-03-16,complete,Homo sapiens,29886,4.3.4/1.37.1/v0.1.12/0.3.19/0.6.6
7,MZ405462.1,B.1.526,2021-05-04,complete,Homo sapiens,29821,4.3.4/1.37.1/v0.1.12/0.3.19/0.6.6
7,OL369577.1,B.1.526,2021-04-28,complete,Homo sapiens,29868,4.3.4/1.37.1/v0.1.12/0.3.19/0.6.6
7,MZ640781.1,B.1.526,2021-04-17,complete,Homo sapiens,29738,4.3.4/1.37.1/v0.1.12/0.3.19/0.6.6
7,MZ164261.1,B.1.526,2021-04-21,complete,Homo sapiens,29821,4.3.4/1.37.1/v0.1.12/0.3.19/0.6.6
7,MZ025081.1,B.1.526,2021-04-03,complete,Homo sapiens,29859,4.3.4/1.37.1/v0.1.12/0.3.19/0.6.6
7,MZ282295.1,B.1.526,2021-04-30,complete,Homo sapiens,29891,4.3.4/1.37.1/v0.1.12/0.3.19/0.6.6
7,MZ158879.1,B.1.526,2021-03-27,complete,Homo sapiens,29840,4.3.4/1.37.1/v0.1.12/0.3.19/0.6.6
7,MZ185060.1,B.1.526,2021-04-29,complete,Homo sapiens,29814,4.3.4/1.37.1/v0.1.12/0.3.19/0.6.6
7,MZ718399.1,B.1.526,2021-03-16,complete,Homo sapiens,29855,4.3.4/1.37.1/v0.1.12/0.3.19/0.6.6
7,MZ257268.1,B.1.526,2021-03-23,complete,Homo sapiens,29870,4.3.4/1.37.1/v0.1.12/0.3.19/0.6.6
7,PP609857.1,B.1.526,2021-03-28,complete,Homo sapiens,29735,4.3.4/1.37.1/v0.1.12/0.3.19/0.6.6
7,MZ164764.1,B.1.526,2021-04-18,complete,Homo sapiens,29838,4.3.4/1.37.1/v0.1.12/0.3.19/0.6.6
7,MZ412420.1,B.1.526,2021-06-06,complete,Homo sapiens,29674,4.3.4/1.37.1/v0.1.12/0.3.19/0.6.6
7,MZ187891.1,B.1.526,2021-04-19,complete,Homo sapiens,29807,4.3.4/1.37.1/v0.1.12/0.3.19/0.6.6
7,MZ641873.1,B.1.526,2021-02-26,complete,Homo sapiens,29833,4.3.4/1.37.1/v0.1.12/0.3.19/0.6.6
7,MW976139.1,B.1.526,2021-03-08,complete,Homo sapiens,29749,4.3.4/1.37.1/v0.1.12/0.3.19/0.6.6
7,PP603935.1,B.1.526,2021-02-10,complete,Homo sapiens,29735,4.3.4/1.37.1/v0.1.12/0.3.19/0.6.6
7,PP608410.1,B.1.526,2021-03-20,complete,Homo sapiens,29734,4.3.4/1.37.1/v0.1.12/0.3.19/0.6.6
7,MZ356749.1,B.1.526,2021-05-12,complete,Homo sapiens,29826,4.3.4/1.37.1/v0.1.12/0.3.19/0.6.6
7,MZ073795.1,B.1.526,2021-04-10,complete,Homo sapiens,29772,4.3.4/1.37.1/v0.1.12/0.3.19/0.6.6
7,MZ371135.1,B.1.526,2021-05-24,complete,Homo sapiens,29766,4.3.4/1.37.1/v0.1.12/0.3.19/0.6.6
7,MZ637920.1,B.1.526,2021-02-17,complete,Homo sapiens,29769,4.3.4/1.37.1/v0.1.12/0.3.19/0.6.6
7,MZ639602.1,B.1.526,2021-03-28,complete,Homo sapiens,29735,4.3.4/1.37.1/v0.1.12/0.3.19/0.6.6
7,MZ376588.1,B.1.526,2021-04-26,complete,Homo sapiens,29891,4.3.4/1.37.1/v0.1.12/0.3.19/0.6.6
7,MZ430906.1,B.1.526,2021-05-17,complete,Homo sapiens,29767,4.3.4/1.37.1/v0.1.12/0.3.19/0.6.6
7,MZ003910.1,B.1.526,2021-04-04,complete,Homo sapiens,29703,4.3.4/1.37.1/v0.1.12/0.3.19/0.6.6
7,MZ281566.1,B.1.526,2021-05-07,complete,Homo sapiens,29889,4.3.4/1.37.1/v0.1.12/0.3.19/0.6.6
7,OL522845.1,B.1.526,2021-06-26,complete,Homo sapiens,29860,4.3.4/1.37.1/v0.1.12/0.3.19/0.6.6
7,MZ073802.1,B.1.526,2021-04-12,complete,Homo sapiens,29749,4.3.4/1.37.1/v0.1.12/0.3.19/0.6.6
7,MZ131080.1,B.1.526,2021-04-13,complete,Homo sapiens,29854,4.3.4/1.37.1/v0.1.12/0.3.19/0.6.6
7,MZ184389.1,B.1.526,2021-04-28,complete,Homo sapiens,29868,4.3.4/1.37.1/v0.1.12/0.3.19/0.6.6
7,MZ642113.1,B.1.526,2021-03-31,complete,Homo sapiens,29772,4.3.4/1.37.1/v0.1.12/0.3.19/0.6.6
7,MZ290605.1,B.1.526,2021-05-05,complete,Homo sapiens,29799,4.3.4/1.37.1/v0.1.12/0.3.19/0.6.6
7,MZ085747.1,B.1.526,2021-04-07,complete,Homo sapiens,29868,4.3.4/1.37.1/v0.1.12/0.3.19/0.6.6
7,PP605688.1,B.1.526,2021-02-27,complete,Homo sapiens,29736,4.3.4/1.37.1/v0.1.12/0.3.19/0.6.6
7,MW994528.1,B.1.526,2021-03-12,complete,Homo sapiens,29877,4.3.4/1.37.1/v0.1.12/0.3.19/0.6.6
7,MZ164405.1,B.1.526,2021-04-22,complete,Homo sapiens,29796,4.3.4/1.37.1/v0.1.12/0.3.19/0.6.6
7,MZ075447.1,B.1.526,2021-04-05,complete,Homo sapiens,29875,4.3.4/1.37.1/v0.1.12/0.3.19/0.6.6
7,MW776794.1,B.1.526,2021-03-05,complete,Homo sapiens,29810,4.3.4/1.37.1/v0.1.12/0.3.19/0.6.6
7,MZ572292.1,B.1.526,2021-06-13,complete,Homo sapiens,29830,4.3.4/1.37.1/v0.1.12/0.3.19/0.6.6
7,MZ001760.1,B.1.526,2021-03-27,complete,Homo sapiens,29673,4.3.4/1.37.1/v0.1.12/0.3.19/0.6.6
7,MW880516.1,B.1.526,2021-03-21,complete,Homo sapiens,29772,4.3.4/1.37.1/v0.1.12/0.3.19/0.6.6
7,MZ639728.1,B.1.526,2021-03-30,complete,Homo sapiens,29736,4.3.4/1.37.1/v0.1.12/0.3.19/0.6.6
7,MW975400.1,B.1.526,2021-02-13,complete,Homo sapiens,29772,4.3.4/1.37.1/v0.1.12/0.3.19/0.6.6
7,MZ399056.1,B.1.526,2021-05-14,complete,Homo sapiens,29772,4.3.4/1.37.1/v0.1.12/0.3.19/0.6.6
7,MZ211209.1,B.1.526,2021-04-11,complete,Homo sapiens,29841,4.3.4/1.37.1/v0.1.12/0.3.19/0.6.6
7,OK246247.1,B.1.526,2021-04-26,complete,Homo sapiens,29893,4.3.4/1.37.1/v0.1.12/0.3.19/0.6.6
7,MZ201597.1,B.1.526,2021-04-27,complete,Homo sapiens,29796,4.3.4/1.37.1/v0.1.12/0.3.19/0.6.6
7,MZ433155.1,B.1.526,2021-06-08,complete,Homo sapiens,29749,4.3.4/1.37.1/v0.1.12/0.3.19/0.6.6
7,MZ638233.1,B.1.526,2021-02-27,complete,Homo sapiens,29735,4.3.4/1.37.1/v0.1.12/0.3.19/0.6.6
7,ON192464.1,B.1.526,2021-03-28,complete,Homo sapiens,29714,4.3.4/1.37.1/v0.1.12/0.3.19/0.6.6
7,MZ393523.1,B.1.526,2021-05-25,complete,Homo sapiens,29825,4.3.4/1.37.1/v0.1.12/0.3.19/0.6.6
7,MZ131231.1,B.1.526,2021-04-14,complete,Homo sapiens,29891,4.3.4/1.37.1/v0.1.12/0.3.19/0.6.6
7,OL369170.1,B.1.526,2021-04-28,complete,Homo sapiens,29869,4.3.4/1.37.1/v0.1.12/0.3.19/0.6.6
7,MZ637846.1,B.1.526,2021-02-16,complete,Homo sapiens,29736,4.3.4/1.37.1/v0.1.12/0.3.19/0.6.6
7,PQ802436.1,B.1.526,2021-04-28,complete,Homo sapiens,29760,4.3.4/1.37.1/v0.1.12/0.3.19/0.6.6
7,MW931513.1,B.1.526,2021-03-30,complete,Homo sapiens,29793,4.3.4/1.37.1/v0.1.12/0.3.19/0.6.6
7,MZ493558.1,B.1.526,2021-06-03,complete,Homo sapiens,29816,4.3.4/1.37.1/v0.1.12/0.3.19/0.6.6
7,MZ291138.1,B.1.526,2021-05-07,complete,Homo sapiens,29821,4.3.4/1.37.1/v0.1.12/0.3.19/0.6.6
7,MZ256402.1,B.1.526,2021-03-17,complete,Homo sapiens,29834,4.3.4/1.37.1/v0.1.12/0.3.19/0.6.6
7,OL474108.1,B.1.526,2021-02-05,complete,Homo sapiens,29706,4.3.4/1.37.1/v0.1.12/0.3.19/0.6.6
7,MZ281373.1,B.1.526,2021-05-05,complete,Homo sapiens,29891,4.3.4/1.37.1/v0.1.12/0.3.19/0.6.6
7,MZ064695.1,B.1.526,2021-04-11,complete,Homo sapiens,29772,4.3.4/1.37.1/v0.1.12/0.3.19/0.6.6
7,MZ217519.1,B.1.526,2021-04-29,complete,Homo sapiens,29772,4.3.4/1.37.1/v0.1.12/0.3.19/0.6.6
7,MZ638731.1,B.1.526,2021-03-11,complete,Homo sapiens,29733,4.3.4/1.37.1/v0.1.12/0.3.19/0.6.6
7,MZ284789.1,B.1.526,2021-04-21,complete,Homo sapiens,29858,4.3.4/1.37.1/v0.1.12/0.3.19/0.6.6
7,MZ497649.1,B.1.526,2021-04-12,complete,Homo sapiens,29800,4.3.4/1.37.1/v0.1.12/0.3.19/0.6.6
7,MZ001851.1,B.1.526,2021-03-29,complete,Homo sapiens,29703,4.3.4/1.37.1/v0.1.12/0.3.19/0.6.6
7,MZ167858.1,B.1.526,2021-04-11,complete,Homo sapiens,29826,4.3.4/1.37.1/v0.1.12/0.3.19/0.6.6
7,OK246903.1,B.1.526,2021-05-29,complete,Homo sapiens,29893,4.3.4/1.37.1/v0.1.12/0.3.19/0.6.6
7,OK192139.1,B.1.526,2021-03-23,complete,Homo sapiens,29821,4.3.4/1.37.1/v0.1.12/0.3.19/0.6.6
7,MZ311500.1,B.1.526,2021-05-14,complete,Homo sapiens,29816,4.3.4/1.37.1/v0.1.12/0.3.19/0.6.6
7,MW932595.1,B.1.526,2021-03-29,complete,Homo sapiens,29816,4.3.4/1.37.1/v0.1.12/0.3.19/0.6.6
7,MZ296611.1,B.1.526,2021-04-15,complete,Homo sapiens,29819,4.3.4/1.37.1/v0.1.12/0.3.19/0.6.6
7,MZ167337.1,B.1.526,2021-04-08,complete,Homo sapiens,29826,4.3.4/1.37.1/v0.1.12/0.3.19/0.6.6
7,MZ342440.1,B.1.526,2021-05-19,complete,Homo sapiens,29775,4.3.4/1.37.1/v0.1.12/0.3.19/0.6.6
7,MW891978.1,B.1.526,2021-03-24,complete,Homo sapiens,29881,4.3.4/1.37.1/v0.1.12/0.3.19/0.6.6
7,MZ213257.1,B.1.526,2021-04-13,complete,Homo sapiens,29883,4.3.4/1.37.1/v0.1.12/0.3.19/0.6.6
7,MZ164642.1,B.1.526,2021-04-19,complete,Homo sapiens,29831,4.3.4/1.37.1/v0.1.12/0.3.19/0.6.6
7,PP609156.1,B.1.526,2021-03-27,complete,Homo sapiens,29724,4.3.4/1.37.1/v0.1.12/0.3.19/0.6.6
7,MZ307548.1,B.1.526,2021-05-11,complete,Homo sapiens,29714,4.3.4/1.37.1/v0.1.12/0.3.19/0.6.6
7,MZ146058.1,B.1.526,2021-04-16,complete,Homo sapiens,29772,4.3.4/1.37.1/v0.1.12/0.3.19/0.6.6
7,MZ578823.1,B.1.526,2021-04-01,complete,Homo sapiens,29893,4.3.4/1.37.1/v0.1.12/0.3.19/0.6.6
7,OK249041.1,B.1.526,2021-06-19,complete,Homo sapiens,29749,4.3.4/1.37.1/v0.1.12/0.3.19/0.6.6
7,OL473859.1,B.1.526,2021-01-12,complete,Homo sapiens,29704,4.3.4/1.37.1/v0.1.12/0.3.19/0.6.6
7,MZ100285.1,B.1.526,2021-04-11,complete,Homo sapiens,29794,4.3.4/1.37.1/v0.1.12/0.3.19/0.6.6
7,MW907358.1,B.1.526,2021-03-28,complete,Homo sapiens,29826,4.3.4/1.37.1/v0.1.12/0.3.19/0.6.6
7,MW985383.1,B.1.526,2021-02-11,complete,Homo sapiens,29704,4.3.4/1.37.1/v0.1.12/0.3.19/0.6.6
7,MZ153725.1,B.1.526,2021-04-21,complete,Homo sapiens,29821,4.3.4/1.37.1/v0.1.12/0.3.19/0.6.6
7,MZ684622.1,B.1.526,2021-04-21,complete,Homo sapiens,29812,4.3.4/1.37.1/v0.1.12/0.3.19/0.6.6
7,MZ152522.1,B.1.526,2021-04-17,complete,Homo sapiens,29749,4.3.4/1.37.1/v0.1.12/0.3.19/0.6.6
7,MZ638147.1,B.1.526,2021-02-26,complete,Homo sapiens,29735,4.3.4/1.37.1/v0.1.12/0.3.19/0.6.6
7,PP609207.1,B.1.526,2021-03-27,complete,Homo sapiens,29736,4.3.4/1.37.1/v0.1.12/0.3.19/0.6.6
7,OK193406.1,B.1.526,2021-03-29,complete,Homo sapiens,29800,4.3.4/1.37.1/v0.1.12/0.3.19/0.6.6
7,MZ087965.1,B.1.526,2021-04-21,complete,Homo sapiens,29806,4.3.4/1.37.1/v0.1.12/0.3.19/0.6.6
7,MZ337081.1,B.1.526,2021-05-18,complete,Homo sapiens,29749,4.3.4/1.37.1/v0.1.12/0.3.19/0.6.6
7,MZ639863.1,B.1.526,2021-04-03,complete,Homo sapiens,29739,4.3.4/1.37.1/v0.1.12/0.3.19/0.6.6
7,MZ274541.1,B.1.526,2021-05-04,complete,Homo sapiens,29749,4.3.4/1.37.1/v0.1.12/0.3.19/0.6.6
7,MZ511619.1,B.1.526,2021-06-09,complete,Homo sapiens,29839,4.3.4/1.37.1/v0.1.12/0.3.19/0.6.6
7,MZ371683.1,B.1.526,2021-05-24,complete,Homo sapiens,29798,4.3.4/1.37.1/v0.1.12/0.3.19/0.6.6
7,MZ578744.1,B.1.526,2021-03-16,complete,Homo sapiens,29893,4.3.4/1.37.1/v0.1.12/0.3.19/0.6.6
7,MZ401687.1,B.1.526,2021-05-21,complete,Homo sapiens,29816,4.3.4/1.37.1/v0.1.12/0.3.19/0.6.6
7,OL802964.1,B.1.526,2021-04-10,complete,Homo sapiens,29802,4.3.4/1.37.1/v0.1.12/0.3.19/0.6.6
7,MZ398732.1,B.1.526,2021-04-06,complete,Homo sapiens,29772,4.3.4/1.37.1/v0.1.12/0.3.19/0.6.6
7,MZ084106.1,B.1.526,2021-04-07,complete,Homo sapiens,29868,4.3.4/1.37.1/v0.1.12/0.3.19/0.6.6
7,MZ228228.1,B.1.526,2021-04-26,complete,Homo sapiens,29821,4.3.4/1.37.1/v0.1.12/0.3.19/0.6.6
7,MZ131312.1,B.1.526,2021-04-14,complete,Homo sapiens,29772,4.3.4/1.37.1/v0.1.12/0.3.19/0.6.6
7,MZ412267.1,B.1.526,2021-06-03,complete,Homo sapiens,29769,4.3.4/1.37.1/v0.1.12/0.3.19/0.6.6
7,MW932443.1,B.1.526,2021-03-29,complete,Homo sapiens,29809,4.3.4/1.37.1/v0.1.12/0.3.19/0.6.6
7,MW976079.1,B.1.526,2021-03-07,complete,Homo sapiens,29772,4.3.4/1.37.1/v0.1.12/0.3.19/0.6.6
7,MW725899.1,B.1.526,2021-02-24,complete,Homo sapiens,29779,4.3.4/1.37.1/v0.1.12/0.3.19/0.6.6
7,MZ282157.1,B.1.526,2021-05-03,complete,Homo sapiens,29867,4.3.4/1.37.1/v0.1.12/0.3.19/0.6.6
7,MZ638098.1,B.1.526,2021-02-24,complete,Homo sapiens,29733,4.3.4/1.37.1/v0.1.12/0.3.19/0.6.6
7,OK191956.1,B.1.526,2021-03-24,complete,Homo sapiens,29817,4.3.4/1.37.1/v0.1.12/0.3.19/0.6.6
7,MW989954.1,B.1.526,2021-03-22,complete,Homo sapiens,29848,4.3.4/1.37.1/v0.1.12/0.3.19/0.6.6
7,MW975230.1,B.1.526,2021-02-15,complete,Homo sapiens,29772,4.3.4/1.37.1/v0.1.12/0.3.19/0.6.6
7,MZ282023.1,B.1.526,2021-05-02,complete,Homo sapiens,29870,4.3.4/1.37.1/v0.1.12/0.3.19/0.6.6
7,MW994547.1,B.1.526,2021-03-12,complete,Homo sapiens,29877,4.3.4/1.37.1/v0.1.12/0.3.19/0.6.6
7,MZ416231.1,B.1.526,2021-06-01,complete,Homo sapiens,29719,4.3.4/1.37.1/v0.1.12/0.3.19/0.6.6
7,MZ282765.1,B.1.526,2021-04-29,complete,Homo sapiens,29893,4.3.4/1.37.1/v0.1.12/0.3.19/0.6.6
7,OK194525.1,B.1.526,2021-03-22,complete,Homo sapiens,29816,4.3.4/1.37.1/v0.1.12/0.3.19/0.6.6
7,MZ397918.1,B.1.526,2021-05-14,complete,Homo sapiens,29785,4.3.4/1.37.1/v0.1.12/0.3.19/0.6.6
7,MZ640584.1,B.1.526,2021-04-12,complete,Homo sapiens,29736,4.3.4/1.37.1/v0.1.12/0.3.19/0.6.6
7,MZ202130.1,B.1.526,2021-04-25,complete,Homo sapiens,29821,4.3.4/1.37.1/v0.1.12/0.3.19/0.6.6
7,MZ206203.1,B.1.526,2021-04-22,complete,Homo sapiens,29821,4.3.4/1.37.1/v0.1.12/0.3.19/0.6.6
7,MZ256274.1,B.1.526,2021-03-14,complete,Homo sapiens,29848,4.3.4/1.37.1/v0.1.12/0.3.19/0.6.6
7,OK246244.1,B.1.526,2021-04-26,complete,Homo sapiens,29893,4.3.4/1.37.1/v0.1.12/0.3.19/0.6.6
7,MZ535006.1,B.1.526,2021-06-22,complete,Homo sapiens,29772,4.3.4/1.37.1/v0.1.12/0.3.19/0.6.6
7,MZ001328.1,B.1.526,2021-03-26,complete,Homo sapiens,29703,4.3.4/1.37.1/v0.1.12/0.3.19/0.6.6
7,MZ099837.1,B.1.526,2021-04-15,complete,Homo sapiens,29826,4.3.4/1.37.1/v0.1.12/0.3.19/0.6.6
7,MZ163768.1,B.1.526,2021-04-21,complete,Homo sapiens,29821,4.3.4/1.37.1/v0.1.12/0.3.19/0.6.6
7,MZ413497.1,B.1.526,2021-05-19,complete,Homo sapiens,29803,4.3.4/1.37.1/v0.1.12/0.3.19/0.6.6
7,MW976681.1,B.1.526,2021-03-18,complete,Homo sapiens,29772,4.3.4/1.37.1/v0.1.12/0.3.19/0.6.6
7,MZ185539.1,B.1.526,2021-04-26,complete,Homo sapiens,29884,4.3.4/1.37.1/v0.1.12/0.3.19/0.6.6
7,MZ283508.1,B.1.526,2021-04-22,complete,Homo sapiens,29856,4.3.4/1.37.1/v0.1.12/0.3.19/0.6.6
7,MZ101772.1,B.1.526,2021-04-21,complete,Homo sapiens,29841,4.3.4/1.37.1/v0.1.12/0.3.19/0.6.6
7,MZ640272.1,B.1.526,2021-04-09,complete,Homo sapiens,29736,4.3.4/1.37.1/v0.1.12/0.3.19/0.6.6
7,PP700997.1,B.1.526,2021-06-28,complete,Homo sapiens,29786,4.3.4/1.37.1/v0.1.12/0.3.19/0.6.6
7,MZ012623.1,B.1.526,2021-03-26,complete,Homo sapiens,29855,4.3.4/1.37.1/v0.1.12/0.3.19/0.6.6
7,MZ358535.1,B.1.526,2021-05-04,complete,Homo sapiens,29786,4.3.4/1.37.1/v0.1.12/0.3.19/0.6.6
7,MZ211254.1,B.1.526,2021-04-11,complete,Homo sapiens,29821,4.3.4/1.37.1/v0.1.12/0.3.19/0.6.6
7,OL474231.1,B.1.526,2021-03-31,complete,Homo sapiens,29714,4.3.4/1.37.1/v0.1.12/0.3.19/0.6.6
7,MW892135.1,B.1.526,2021-03-19,complete,Homo sapiens,29824,4.3.4/1.37.1/v0.1.12/0.3.19/0.6.6
7,MZ083106.1,B.1.526,2021-04-05,complete,Homo sapiens,29860,4.3.4/1.37.1/v0.1.12/0.3.19/0.6.6
7,MZ455134.1,B.1.526,2021-05-17,complete,Homo sapiens,29749,4.3.4/1.37.1/v0.1.12/0.3.19/0.6.6
7,MZ000351.1,B.1.526,2021-03-25,complete,Homo sapiens,29673,4.3.4/1.37.1/v0.1.12/0.3.19/0.6.6
7,PP604290.1,B.1.526,2021-02-15,complete,Homo sapiens,29736,4.3.4/1.37.1/v0.1.12/0.3.19/0.6.6
7,MZ308415.1,B.1.526,2021-05-14,complete,Homo sapiens,29770,4.3.4/1.37.1/v0.1.12/0.3.19/0.6.6
7,PQ964473.1,B.1.526,2021-03-25,complete,Homo sapiens,29762,4.3.4/1.37.1/v0.1.12/0.3.19/0.6.6
7,MW976350.1,B.1.526,2021-03-09,complete,Homo sapiens,29772,4.3.4/1.37.1/v0.1.12/0.3.19/0.6.6
7,MZ011025.1,B.1.526,2021-03-31,complete,Homo sapiens,29830,4.3.4/1.37.1/v0.1.12/0.3.19/0.6.6
7,MZ163591.1,B.1.526,2021-04-21,complete,Homo sapiens,29826,4.3.4/1.37.1/v0.1.12/0.3.19/0.6.6
7,MZ436069.1,B.1.526,2021-06-08,complete,Homo sapiens,29891,4.3.4/1.37.1/v0.1.12/0.3.19/0.6.6
7,MZ060638.1,B.1.526,2021-04-13,complete,Homo sapiens,29818,4.3.4/1.37.1/v0.1.12/0.3.19/0.6.6
7,OK187685.1,B.1.526,2021-06-07,complete,Homo sapiens,29818,4.3.4/1.37.1/v0.1.12/0.3.19/0.6.6
7,MZ990136.1,B.1.526,2021-08-09,complete,Homo sapiens,29661,4.3.4/1.37.1/v0.1.12/0.3.19/0.6.6
7,MW939901.1,B.1.526,2021-04-01,complete,Homo sapiens,29822,4.3.4/1.37.1/v0.1.12/0.3.19/0.6.6
7,MZ086005.1,B.1.526,2021-04-15,complete,Homo sapiens,29812,4.3.4/1.37.1/v0.1.12/0.3.19/0.6.6
7,PP603768.1,B.1.526,2021-02-08,complete,Homo sapiens,29736,4.3.4/1.37.1/v0.1.12/0.3.19/0.6.6
7,MZ002493.1,B.1.526,2021-03-31,complete,Homo sapiens,29703,4.3.4/1.37.1/v0.1.12/0.3.19/0.6.6
7,MZ006561.1,B.1.526,2021-04-01,complete,Homo sapiens,29821,4.3.4/1.37.1/v0.1.12/0.3.19/0.6.6
7,MZ035407.1,B.1.526,2021-04-04,complete,Homo sapiens,29821,4.3.4/1.37.1/v0.1.12/0.3.19/0.6.6
7,PP606988.1,B.1.526,2021-03-09,complete,Homo sapiens,29736,4.3.4/1.37.1/v0.1.12/0.3.19/0.6.6
7,MW976700.1,B.1.526,2021-03-18,complete,Homo sapiens,29772,4.3.4/1.37.1/v0.1.12/0.3.19/0.6.6
7,MZ282489.1,B.1.526,2021-05-01,complete,Homo sapiens,29892,4.3.4/1.37.1/v0.1.12/0.3.19/0.6.6
7,OL579885.1,B.1.526,2021-01-11,complete,Homo sapiens,29827,4.3.4/1.37.1/v0.1.12/0.3.19/0.6.6
7,PP608219.1,B.1.526,2021-03-17,complete,Homo sapiens,29735,4.3.4/1.37.1/v0.1.12/0.3.19/0.6.6
7,MZ531530.1,B.1.526,2021-06-12,complete,Homo sapiens,29650,4.3.4/1.37.1/v0.1.12/0.3.19/0.6.6
7,MZ160396.1,B.1.526,2021-04-21,complete,Homo sapiens,29799,4.3.4/1.37.1/v0.1.12/0.3.19/0.6.6
7,MZ284375.1,B.1.526,2021-04-26,complete,Homo sapiens,29889,4.3.4/1.37.1/v0.1.12/0.3.19/0.6.6
7,MZ258166.1,B.1.526,2021-03-18,complete,Homo sapiens,29891,4.3.4/1.37.1/v0.1.12/0.3.19/0.6.6
7,OK232265.1,B.1.526,2021-06-10,complete,Homo sapiens,29775,4.3.4/1.37.1/v0.1.12/0.3.19/0.6.6
7,PP608431.1,B.1.526,2021-03-19,complete,Homo sapiens,29736,4.3.4/1.37.1/v0.1.12/0.3.19/0.6.6
7,MW965919.1,B.1.526,2021-03-21,complete,Homo sapiens,29889,4.3.4/1.37.1/v0.1.12/0.3.19/0.6.6
7,MZ640841.1,B.1.526,2021-04-16,complete,Homo sapiens,29736,4.3.4/1.37.1/v0.1.12/0.3.19/0.6.6
7,MZ188542.1,B.1.526,2021-04-18,complete,Homo sapiens,29866,4.3.4/1.37.1/v0.1.12/0.3.19/0.6.6
7,MZ578784.1,B.1.526,2021-03-29,complete,Homo sapiens,29890,4.3.4/1.37.1/v0.1.12/0.3.19/0.6.6
7,MZ156693.1,B.1.526,2021-03-31,complete,Homo sapiens,29893,4.3.4/1.37.1/v0.1.12/0.3.19/0.6.6
7,MZ187248.1,B.1.526,2021-04-16,complete,Homo sapiens,29892,4.3.4/1.37.1/v0.1.12/0.3.19/0.6.6
7,MZ238630.1,B.1.526,2021-04-30,complete,Homo sapiens,29866,4.3.4/1.37.1/v0.1.12/0.3.19/0.6.6
7,MZ578799.1,B.1.526,2021-03-31,complete,Homo sapiens,29893,4.3.4/1.37.1/v0.1.12/0.3.19/0.6.6
7,MZ415654.1,B.1.526,2021-05-09,complete,Homo sapiens,29822,4.3.4/1.37.1/v0.1.12/0.3.19/0.6.6
7,MZ281913.1,B.1.526,2021-05-02,complete,Homo sapiens,29845,4.3.4/1.37.1/v0.1.12/0.3.19/0.6.6
7,MW968105.1,B.1.526,2021-03-19,complete,Homo sapiens,29861,4.3.4/1.37.1/v0.1.12/0.3.19/0.6.6
7,MW988351.1,B.1.526,2021-02-09,complete,Homo sapiens,29827,4.3.4/1.37.1/v0.1.12/0.3.19/0.6.6
7,MW929958.1,B.1.526,2021-04-01,complete,Homo sapiens,29740,4.3.4/1.37.1/v0.1.12/0.3.19/0.6.6
7,ON944413.1,B.1.526,2021-05-03,complete,Homo sapiens,29707,4.3.4/1.37.1/v0.1.12/0.3.19/0.6.6
7,MZ211336.1,B.1.526,2021-04-12,complete,Homo sapiens,29881,4.3.4/1.37.1/v0.1.12/0.3.19/0.6.6
7,MZ386390.1,B.1.526,2021-05-31,complete,Homo sapiens,29834,4.3.4/1.37.1/v0.1.12/0.3.19/0.6.6
7,MZ145901.1,B.1.526,2021-04-27,complete,Homo sapiens,29842,4.3.4/1.37.1/v0.1.12/0.3.19/0.6.6
7,MZ131254.1,B.1.526,2021-04-11,complete,Homo sapiens,29772,4.3.4/1.37.1/v0.1.12/0.3.19/0.6.6
7,MZ638820.1,B.1.526,2021-03-13,complete,Homo sapiens,29733,4.3.4/1.37.1/v0.1.12/0.3.19/0.6.6
7,MZ640447.1,B.1.526,2021-04-09,complete,Homo sapiens,29736,4.3.4/1.37.1/v0.1.12/0.3.19/0.6.6
7,MZ214228.1,B.1.526,2021-04-13,complete,Homo sapiens,29863,4.3.4/1.37.1/v0.1.12/0.3.19/0.6.6
7,MZ260282.1,B.1.526,2021-03-12,complete,Homo sapiens,29834,4.3.4/1.37.1/v0.1.12/0.3.19/0.6.6
7,OX850783.1,B.1.526,2020,complete,Homo sapiens,29903,4.3.4/1.37.1/v0.1.12/0.3.19/0.6.6
7,MZ131169.1,B.1.526,2021-04-14,complete,Homo sapiens,29891,4.3.4/1.37.1/v0.1.12/0.3.19/0.6.6
7,MZ195348.1,B.1.526,2021-04-23,complete,Homo sapiens,29868,4.3.4/1.37.1/v0.1.12/0.3.19/0.6.6
7,MW930101.1,B.1.526,2021-03-27,complete,Homo sapiens,29772,4.3.4/1.37.1/v0.1.12/0.3.19/0.6.6
7,PP606088.1,B.1.526,2021-02-28,complete,Homo sapiens,29734,4.3.4/1.37.1/v0.1.12/0.3.19/0.6.6
7,MW975672.1,B.1.526,2021-02-26,complete,Homo sapiens,29772,4.3.4/1.37.1/v0.1.12/0.3.19/0.6.6
7,MW968996.1,B.1.526,2021-03-24,complete,Homo sapiens,29891,4.3.4/1.37.1/v0.1.12/0.3.19/0.6.6
7,MZ131305.1,B.1.526,2021-04-14,complete,Homo sapiens,29749,4.3.4/1.37.1/v0.1.12/0.3.19/0.6.6
7,MZ641315.1,B.1.526,2021-05-01,complete,Homo sapiens,29736,4.3.4/1.37.1/v0.1.12/0.3.19/0.6.6
7,MZ579442.1,B.1.526,2021-06-04,complete,Homo sapiens,29893,4.3.4/1.37.1/v0.1.12/0.3.19/0.6.6
7,MW985848.1,B.1.526,2021-02-25,complete,Homo sapiens,29704,4.3.4/1.37.1/v0.1.12/0.3.19/0.6.6
7,OL983218.1,B.1.526,2021-05-07,complete,Homo sapiens,29796,4.3.4/1.37.1/v0.1.12/0.3.19/0.6.6
7,MZ354192.1,B.1.526,2021-05-12,complete,Homo sapiens,29815,4.3.4/1.37.1/v0.1.12/0.3.19/0.6.6
7,MZ100081.1,B.1.526,2021-04-13,complete,Homo sapiens,29822,4.3.4/1.37.1/v0.1.12/0.3.19/0.6.6
7,PP607719.1,B.1.526,2021-03-13,complete,Homo sapiens,29735,4.3.4/1.37.1/v0.1.12/0.3.19/0.6.6
7,MW890689.1,B.1.526,2021-03-21,complete,Homo sapiens,29772,4.3.4/1.37.1/v0.1.12/0.3.19/0.6.6
7,MZ161297.1,B.1.526,2021-04-20,complete,Homo sapiens,29772,4.3.4/1.37.1/v0.1.12/0.3.19/0.6.6
7,MZ642194.1,B.1.526,2021-04-11,complete,Homo sapiens,29772,4.3.4/1.37.1/v0.1.12/0.3.19/0.6.6
7,PQ967348.1,B.1.526,2021-03-13,complete,Homo sapiens,29793,4.3.4/1.37.1/v0.1.12/0.3.19/0.6.6
7,MZ149800.1,B.1.526,2021-04-29,complete,Homo sapiens,29842,4.3.4/1.37.1/v0.1.12/0.3.19/0.6.6
7,MW976087.1,B.1.526,2021-03-07,complete,Homo sapiens,29749,4.3.4/1.37.1/v0.1.12/0.3.19/0.6.6
7,MW975401.1,B.1.526,2021-02-19,complete,Homo sapiens,29749,4.3.4/1.37.1/v0.1.12/0.3.19/0.6.6
7,MW931157.1,B.1.526,2021-03-28,complete,Homo sapiens,29790,4.3.4/1.37.1/v0.1.12/0.3.19/0.6.6
7,MZ101488.1,B.1.526,2021-04-14,complete,Homo sapiens,29749,4.3.4/1.37.1/v0.1.12/0.3.19/0.6.6
7,MZ028913.1,B.1.526,2021-04-01,complete,Homo sapiens,29857,4.3.4/1.37.1/v0.1.12/0.3.19/0.6.6
7,MZ619688.1,B.1.526,2021-03-28,complete,Homo sapiens,29818,4.3.4/1.37.1/v0.1.12/0.3.19/0.6.6
7,MZ619928.1,B.1.526,2021-04-19,complete,Homo sapiens,29826,4.3.4/1.37.1/v0.1.12/0.3.19/0.6.6
7,MZ062125.1,B.1.526,2021-04-14,complete,Homo sapiens,29805,4.3.4/1.37.1/v0.1.12/0.3.19/0.6.6
7,ON195182.1,B.1.526,2021-05-01,complete,Homo sapiens,29706,4.3.4/1.37.1/v0.1.12/0.3.19/0.6.6
7,OR584683.1,B.1.526,2021-04,complete,Homo sapiens,29818,4.3.4/1.37.1/v0.1.12/0.3.19/0.6.6
7,MZ618274.1,B.1.526,2021-05-19,complete,Homo sapiens,29749,4.3.4/1.37.1/v0.1.12/0.3.19/0.6.6
7,MZ212451.1,B.1.526,2021-04-10,complete,Homo sapiens,29839,4.3.4/1.37.1/v0.1.12/0.3.19/0.6.6
7,MZ780731.1,B.1.526,2021-06-14,complete,Homo sapiens,29825,4.3.4/1.37.1/v0.1.12/0.3.19/0.6.6
7,MZ185555.1,B.1.526,2021-04-27,complete,Homo sapiens,29840,4.3.4/1.37.1/v0.1.12/0.3.19/0.6.6
7,MZ059777.1,B.1.526,2021-04-10,complete,Homo sapiens,29797,4.3.4/1.37.1/v0.1.12/0.3.19/0.6.6
7,MZ672100.1,B.1.526,2021-07-08,complete,Homo sapiens,29803,4.3.4/1.37.1/v0.1.12/0.3.19/0.6.6
7,MZ271127.1,B.1.526,2021-04-16,complete,Homo sapiens,29888,4.3.4/1.37.1/v0.1.12/0.3.19/0.6.6
7,MW938160.1,B.1.526,2021-02-16,complete,Homo sapiens,29857,4.3.4/1.37.1/v0.1.12/0.3.19/0.6.6
7,MZ640659.1,B.1.526,2021-04-13,complete,Homo sapiens,29736,4.3.4/1.37.1/v0.1.12/0.3.19/0.6.6
7,PV001935.1,B.1.526,2021-03-22,complete,Homo sapiens,29761,4.3.4/1.37.1/v0.1.12/0.3.19/0.6.6
7,MW991189.1,B.1.526,2021-03-30,complete,Homo sapiens,29867,4.3.4/1.37.1/v0.1.12/0.3.19/0.6.6
7,MZ640077.1,B.1.526,2021-04-05,complete,Homo sapiens,29736,4.3.4/1.37.1/v0.1.12/0.3.19/0.6.6
7,PP605973.1,B.1.526,2021-02-28,complete,Homo sapiens,29731,4.3.4/1.37.1/v0.1.12/0.3.19/0.6.6
7,MZ023771.1,B.1.526,2021-03-31,complete,Homo sapiens,29869,4.3.4/1.37.1/v0.1.12/0.3.19/0.6.6
7,MZ195120.1,B.1.526,2021-05-03,complete,Homo sapiens,29842,4.3.4/1.37.1/v0.1.12/0.3.19/0.6.6
7,MZ226362.1,B.1.526,2021-04-30,complete,Homo sapiens,29772,4.3.4/1.37.1/v0.1.12/0.3.19/0.6.6
7,MZ718815.1,B.1.526,2021-03-23,complete,Homo sapiens,29854,4.3.4/1.37.1/v0.1.12/0.3.19/0.6.6
7,MW994093.1,B.1.526,2021-03-13,complete,Homo sapiens,29788,4.3.4/1.37.1/v0.1.12/0.3.19/0.6.6
7,MZ639307.1,B.1.526,2021-03-24,complete,Homo sapiens,29736,4.3.4/1.37.1/v0.1.12/0.3.19/0.6.6
7,MZ149299.1,B.1.526,2021-04-28,complete,Homo sapiens,29839,4.3.4/1.37.1/v0.1.12/0.3.19/0.6.6
7,MW966713.1,B.1.526,2021-03-16,complete,Homo sapiens,29847,4.3.4/1.37.1/v0.1.12/0.3.19/0.6.6
7,MZ337169.1,B.1.526,2021-05-10,complete,Homo sapiens,29772,4.3.4/1.37.1/v0.1.12/0.3.19/0.6.6
7,MZ260085.1,B.1.526,2021-03-03,complete,Homo sapiens,29874,4.3.4/1.37.1/v0.1.12/0.3.19/0.6.6
7,OM502010.1,B.1.526,2021-07-21,complete,Homo sapiens,29772,4.3.4/1.37.1/v0.1.12/0.3.19/0.6.6
7,MZ578963.1,B.1.526,2021-04-10,complete,Homo sapiens,29893,4.3.4/1.37.1/v0.1.12/0.3.19/0.6.6
7,MZ252783.1,B.1.526,2021-05-07,complete,Homo sapiens,29706,4.3.4/1.37.1/v0.1.12/0.3.19/0.6.6
7,MZ188114.1,B.1.526,2021-04-19,complete,Homo sapiens,29884,4.3.4/1.37.1/v0.1.12/0.3.19/0.6.6
7,MZ154245.1,B.1.526,2021-04-20,complete,Homo sapiens,29789,4.3.4/1.37.1/v0.1.12/0.3.19/0.6.6
7,MZ023403.1,B.1.526,2021-03-29,complete,Homo sapiens,29868,4.3.4/1.37.1/v0.1.12/0.3.19/0.6.6
7,MZ641755.1,B.1.526,2021-02-18,complete,Homo sapiens,29772,4.3.4/1.37.1/v0.1.12/0.3.19/0.6.6
7,OL369699.1,B.1.526,2021-04-28,complete,Homo sapiens,29863,4.3.4/1.37.1/v0.1.12/0.3.19/0.6.6
7,MZ291424.1,B.1.526,2021-05-05,complete,Homo sapiens,29793,4.3.4/1.37.1/v0.1.12/0.3.19/0.6.6
7,MZ639727.1,B.1.526,2021-03-30,complete,Homo sapiens,29763,4.3.4/1.37.1/v0.1.12/0.3.19/0.6.6
7,MW930073.1,B.1.526,2021-03-29,complete,Homo sapiens,29749,4.3.4/1.37.1/v0.1.12/0.3.19/0.6.6
7,MZ163530.1,B.1.526,2021-04-21,complete,Homo sapiens,29798,4.3.4/1.37.1/v0.1.12/0.3.19/0.6.6
7,ON193126.1,B.1.526,2021-06-08,complete,Homo sapiens,29827,4.3.4/1.37.1/v0.1.12/0.3.19/0.6.6
7,MW976003.1,B.1.526,2021-03-05,complete,Homo sapiens,29772,4.3.4/1.37.1/v0.1.12/0.3.19/0.6.6
7,MZ153990.1,B.1.526,2021-04-20,complete,Homo sapiens,29815,4.3.4/1.37.1/v0.1.12/0.3.19/0.6.6
7,MZ058974.1,B.1.526,2021-04-08,complete,Homo sapiens,29821,4.3.4/1.37.1/v0.1.12/0.3.19/0.6.6
7,MZ412357.1,B.1.526,2021-06-04,complete,Homo sapiens,29737,4.3.4/1.37.1/v0.1.12/0.3.19/0.6.6
7,MZ641542.1,B.1.526,2021-01-22,complete,Homo sapiens,29749,4.3.4/1.37.1/v0.1.12/0.3.19/0.6.6
7,PP606340.1,B.1.526,2021-03-03,complete,Homo sapiens,29734,4.3.4/1.37.1/v0.1.12/0.3.19/0.6.6
7,MZ641921.1,B.1.526,2021-03-08,complete,Homo sapiens,29772,4.3.4/1.37.1/v0.1.12/0.3.19/0.6.6
7,MZ786936.1,B.1.526,2021-07-15,complete,Homo sapiens,29641,4.3.4/1.37.1/v0.1.12/0.3.19/0.6.6
7,MW974913.1,B.1.526,2021-01-27,complete,Homo sapiens,29772,4.3.4/1.37.1/v0.1.12/0.3.19/0.6.6
7,PQ964455.1,B.1.526,2021-03-08,complete,Homo sapiens,29793,4.3.4/1.37.1/v0.1.12/0.3.19/0.6.6
7,ON194977.1,B.1.526,2021-03-13,complete,Homo sapiens,29708,4.3.4/1.37.1/v0.1.12/0.3.19/0.6.6
7,MZ290783.1,B.1.526,2021-05-04,complete,Homo sapiens,29822,4.3.4/1.37.1/v0.1.12/0.3.19/0.6.6
7,MW932474.1,B.1.526,2021-03-29,complete,Homo sapiens,29794,4.3.4/1.37.1/v0.1.12/0.3.19/0.6.6
7,MZ056410.1,B.1.526,2021-04-11,complete,Homo sapiens,29772,4.3.4/1.37.1/v0.1.12/0.3.19/0.6.6
7,MZ498599.1,B.1.526,2021-05-07,complete,Homo sapiens,29785,4.3.4/1.37.1/v0.1.12/0.3.19/0.6.6
7,MW986706.1,B.1.526,2021-03-07,complete,Homo sapiens,29704,4.3.4/1.37.1/v0.1.12/0.3.19/0.6.6
7,MW968487.1,B.1.526,2021-03-25,complete,Homo sapiens,29893,4.3.4/1.37.1/v0.1.12/0.3.19/0.6.6
7,MZ059003.1,B.1.526,2021-04-10,complete,Homo sapiens,29821,4.3.4/1.37.1/v0.1.12/0.3.19/0.6.6
7,MZ171449.1,B.1.526,2021-03-29,complete,Homo sapiens,29749,4.3.4/1.37.1/v0.1.12/0.3.19/0.6.6
7,OQ204416.1,B.1.526,2021-03-09,complete,Homo sapiens,29772,4.3.4/1.37.1/v0.1.12/0.3.19/0.6.6
7,MZ002061.1,B.1.526,2021-03-30,complete,Homo sapiens,29703,4.3.4/1.37.1/v0.1.12/0.3.19/0.6.6
7,MZ412025.1,B.1.526,2021-06-05,complete,Homo sapiens,29683,4.3.4/1.37.1/v0.1.12/0.3.19/0.6.6
7,OK221053.1,B.1.526,2021-04-19,complete,Homo sapiens,29810,4.3.4/1.37.1/v0.1.12/0.3.19/0.6.6
7,OM988362.1,B.1.526,2021-06-03,complete,Homo sapiens,29859,4.3.4/1.37.1/v0.1.12/0.3.19/0.6.6
7,PQ964460.1,B.1.526,2021-03-30,complete,Homo sapiens,29793,4.3.4/1.37.1/v0.1.12/0.3.19/0.6.6
7,MZ684743.1,B.1.526,2021-04-26,complete,Homo sapiens,29819,4.3.4/1.37.1/v0.1.12/0.3.19/0.6.6
7,MZ639989.1,B.1.526,2021-04-04,complete,Homo sapiens,29736,4.3.4/1.37.1/v0.1.12/0.3.19/0.6.6
7,MZ100937.1,B.1.526,2021-04-15,complete,Homo sapiens,29818,4.3.4/1.37.1/v0.1.12/0.3.19/0.6.6
7,MZ046895.1,B.1.526,2021-04-08,complete,Homo sapiens,29749,4.3.4/1.37.1/v0.1.12/0.3.19/0.6.6
7,MZ639363.1,B.1.526,2021-03-27,complete,Homo sapiens,29762,4.3.4/1.37.1/v0.1.12/0.3.19/0.6.6
7,MZ083922.1,B.1.526,2021-04-06,complete,Homo sapiens,29860,4.3.4/1.37.1/v0.1.12/0.3.19/0.6.6
7,MZ084118.1,B.1.526,2021-04-07,complete,Homo sapiens,29865,4.3.4/1.37.1/v0.1.12/0.3.19/0.6.6
7,PP606418.1,B.1.526,2021-03-03,complete,Homo sapiens,29721,4.3.4/1.37.1/v0.1.12/0.3.19/0.6.6
7,MZ187215.1,B.1.526,2021-04-15,complete,Homo sapiens,29845,4.3.4/1.37.1/v0.1.12/0.3.19/0.6.6
7,MZ194720.1,B.1.526,2021-05-04,complete,Homo sapiens,29816,4.3.4/1.37.1/v0.1.12/0.3.19/0.6.6
7,OL475328.1,B.1.526,2021-02-18,complete,Homo sapiens,29706,4.3.4/1.37.1/v0.1.12/0.3.19/0.6.6
7,MZ006633.1,B.1.526,2021-04-01,complete,Homo sapiens,29821,4.3.4/1.37.1/v0.1.12/0.3.19/0.6.6
7,PP607573.1,B.1.526,2021-03-12,complete,Homo sapiens,29736,4.3.4/1.37.1/v0.1.12/0.3.19/0.6.6
7,MZ638896.1,B.1.526,2021-03-14,complete,Homo sapiens,29736,4.3.4/1.37.1/v0.1.12/0.3.19/0.6.6
7,MZ211775.1,B.1.526,2021-04-10,complete,Homo sapiens,29868,4.3.4/1.37.1/v0.1.12/0.3.19/0.6.6
7,MZ499192.1,B.1.526,2021-05-14,complete,Homo sapiens,29806,4.3.4/1.37.1/v0.1.12/0.3.19/0.6.6
7,MZ639617.1,B.1.526,2021-03-29,complete,Homo sapiens,29732,4.3.4/1.37.1/v0.1.12/0.3.19/0.6.6
7,MZ101149.1,B.1.526,2021-04-15,complete,Homo sapiens,29798,4.3.4/1.37.1/v0.1.12/0.3.19/0.6.6
7,MW976136.1,B.1.526,2021-03-07,complete,Homo sapiens,29772,4.3.4/1.37.1/v0.1.12/0.3.19/0.6.6
7,MZ260536.1,B.1.526,2021-03-10,complete,Homo sapiens,29845,4.3.4/1.37.1/v0.1.12/0.3.19/0.6.6
7,ON944366.1,B.1.526,2021-04-11,complete,Homo sapiens,29700,4.3.4/1.37.1/v0.1.12/0.3.19/0.6.6
7,MZ280688.1,B.1.526,2021-05-05,complete,Homo sapiens,29888,4.3.4/1.37.1/v0.1.12/0.3.19/0.6.6
7,MZ032758.1,B.1.526,2021-04-14,complete,Homo sapiens,29841,4.3.4/1.37.1/v0.1.12/0.3.19/0.6.6
7,MZ785436.1,B.1.526,2021-07-13,complete,Homo sapiens,29704,4.3.4/1.37.1/v0.1.12/0.3.19/0.6.6
7,MZ451768.1,B.1.526,2021-05-24,complete,Homo sapiens,29816,4.3.4/1.37.1/v0.1.12/0.3.19/0.6.6
7,MW891633.1,B.1.526,2021-03-22,complete,Homo sapiens,29862,4.3.4/1.37.1/v0.1.12/0.3.19/0.6.6
7,MZ210420.1,B.1.526,2021-04-11,complete,Homo sapiens,29781,4.3.4/1.37.1/v0.1.12/0.3.19/0.6.6
7,MZ161633.1,B.1.526,2021-04-18,complete,Homo sapiens,29749,4.3.4/1.37.1/v0.1.12/0.3.19/0.6.6
7,PP609681.1,B.1.526,2021-03-27,complete,Homo sapiens,29736,4.3.4/1.37.1/v0.1.12/0.3.19/0.6.6
7,MZ068967.1,B.1.526,2021-04-21,complete,Homo sapiens,29841,4.3.4/1.37.1/v0.1.12/0.3.19/0.6.6
7,MW901871.1,B.1.526,2021-03-22,complete,Homo sapiens,29886,4.3.4/1.37.1/v0.1.12/0.3.19/0.6.6
7,MZ304800.1,B.1.526,2021-05-06,complete,Homo sapiens,29772,4.3.4/1.37.1/v0.1.12/0.3.19/0.6.6
7,MZ600030.1,B.1.526,2021-05-21,complete,Homo sapiens,29808,4.3.4/1.37.1/v0.1.12/0.3.19/0.6.6
7,MZ638371.1,B.1.526,2021-03-02,complete,Homo sapiens,29733,4.3.4/1.37.1/v0.1.12/0.3.19/0.6.6
7,PP604878.1,B.1.526,2021-02-17,complete,Homo sapiens,29733,4.3.4/1.37.1/v0.1.12/0.3.19/0.6.6
7,MZ244727.1,B.1.526,2021-05-10,complete,Homo sapiens,29859,4.3.4/1.37.1/v0.1.12/0.3.19/0.6.6
7,MZ638070.1,B.1.526,2021-02-22,complete,Homo sapiens,29736,4.3.4/1.37.1/v0.1.12/0.3.19/0.6.6
7,MZ073821.1,B.1.526,2021-04-12,complete,Homo sapiens,29749,4.3.4/1.37.1/v0.1.12/0.3.19/0.6.6
7,PP141589.1,B.1.526,2021-04-13,complete,Homo sapiens,29836,4.3.4/1.37.1/v0.1.12/0.3.19/0.6.6
7,MZ637563.1,B.1.526,2021-02-03,complete,Homo sapiens,29736,4.3.4/1.37.1/v0.1.12/0.3.19/0.6.6
7,MZ217875.1,B.1.526,2021-04-28,complete,Homo sapiens,29796,4.3.4/1.37.1/v0.1.12/0.3.19/0.6.6
7,MZ166420.1,B.1.526,2021-04-09,complete,Homo sapiens,29845,4.3.4/1.37.1/v0.1.12/0.3.19/0.6.6
7,MW880648.1,B.1.526,2021-03-21,complete,Homo sapiens,29772,4.3.4/1.37.1/v0.1.12/0.3.19/0.6.6
7,MW965904.1,B.1.526,2021-03-21,complete,Homo sapiens,29889,4.3.4/1.37.1/v0.1.12/0.3.19/0.6.6
7,MZ638229.1,B.1.526,2021-02-27,complete,Homo sapiens,29734,4.3.4/1.37.1/v0.1.12/0.3.19/0.6.6
7,MZ101456.1,B.1.526,2021-04-14,complete,Homo sapiens,29749,4.3.4/1.37.1/v0.1.12/0.3.19/0.6.6
7,PP610056.1,B.1.526,2021-03-31,complete,Homo sapiens,29736,4.3.4/1.37.1/v0.1.12/0.3.19/0.6.6
7,MW901529.1,B.1.526,2021-03-26,complete,Homo sapiens,29772,4.3.4/1.37.1/v0.1.12/0.3.19/0.6.6
7,MZ862848.1,B.1.526,2021-07-28,complete,Homo sapiens,29770,4.3.4/1.37.1/v0.1.12/0.3.19/0.6.6
7,OK246892.1,B.1.526,2021-05-21,complete,Homo sapiens,29893,4.3.4/1.37.1/v0.1.12/0.3.19/0.6.6
7,OK183472.1,B.1.526,2021-06-01,complete,Homo sapiens,29772,4.3.4/1.37.1/v0.1.12/0.3.19/0.6.6
7,MW966348.1,B.1.526,2021-03-24,complete,Homo sapiens,29891,4.3.4/1.37.1/v0.1.12/0.3.19/0.6.6
7,MZ140390.1,B.1.526,2021-04-14,complete,Homo sapiens,29704,4.3.4/1.37.1/v0.1.12/0.3.19/0.6.6
7,MW968570.1,B.1.526,2021-03-25,complete,Homo sapiens,29882,4.3.4/1.37.1/v0.1.12/0.3.19/0.6.6
7,MZ579215.1,B.1.526,2021-05-04,complete,Homo sapiens,29893,4.3.4/1.37.1/v0.1.12/0.3.19/0.6.6
7,MZ034781.1,B.1.526,2021-04-07,complete,Homo sapiens,29820,4.3.4/1.37.1/v0.1.12/0.3.19/0.6.6
7,MW976101.1,B.1.526,2021-03-06,complete,Homo sapiens,29772,4.3.4/1.37.1/v0.1.12/0.3.19/0.6.6
7,PP605447.1,B.1.526,2021-02-23,complete,Homo sapiens,29731,4.3.4/1.37.1/v0.1.12/0.3.19/0.6.6
7,MZ353968.1,B.1.526,2021-05-21,complete,Homo sapiens,29772,4.3.4/1.37.1/v0.1.12/0.3.19/0.6.6
7,PQ617315.1,B.1.526,2020-11-20,complete,Homo sapiens,29768,4.3.4/1.37.1/v0.1.12/0.3.19/0.6.6
7,MZ159077.1,B.1.526,2021-03-28,complete,Homo sapiens,29889,4.3.4/1.37.1/v0.1.12/0.3.19/0.6.6
7,MZ499902.1,B.1.526,2021-05-10,complete,Homo sapiens,29822,4.3.4/1.37.1/v0.1.12/0.3.19/0.6.6
7,MZ530442.1,B.1.526,2021-06-15,complete,Homo sapiens,29772,4.3.4/1.37.1/v0.1.12/0.3.19/0.6.6
7,MZ638729.1,B.1.526,2021-03-10,complete,Homo sapiens,29736,4.3.4/1.37.1/v0.1.12/0.3.19/0.6.6
7,MW976382.1,B.1.526,2021-03-15,complete,Homo sapiens,29749,4.3.4/1.37.1/v0.1.12/0.3.19/0.6.6
7,MW959449.1,B.1.526,2021-04-01,complete,Homo sapiens,29749,4.3.4/1.37.1/v0.1.12/0.3.19/0.6.6
7,MW891783.1,B.1.526,2021-03-19,complete,Homo sapiens,29835,4.3.4/1.37.1/v0.1.12/0.3.19/0.6.6
7,OL475516.1,B.1.526,2021-03-23,complete,Homo sapiens,29714,4.3.4/1.37.1/v0.1.12/0.3.19/0.6.6
7,MZ202097.1,B.1.526,2021-04-25,complete,Homo sapiens,29822,4.3.4/1.37.1/v0.1.12/0.3.19/0.6.6
7,PP614276.1,B.1.526,2021-05-20,complete,Homo sapiens,29744,4.3.4/1.37.1/v0.1.12/0.3.19/0.6.6
7,MZ211277.1,B.1.526,2021-04-12,complete,Homo sapiens,29868,4.3.4/1.37.1/v0.1.12/0.3.19/0.6.6
7,MW930869.1,B.1.526,2021-03-28,complete,Homo sapiens,29749,4.3.4/1.37.1/v0.1.12/0.3.19/0.6.6
7,MZ432420.1,B.1.526,2021-05-25,complete,Homo sapiens,29790,4.3.4/1.37.1/v0.1.12/0.3.19/0.6.6
7,MZ100813.1,B.1.526,2021-04-14,complete,Homo sapiens,29821,4.3.4/1.37.1/v0.1.12/0.3.19/0.6.6
7,OK219764.1,B.1.526,2021-04-20,complete,Homo sapiens,29812,4.3.4/1.37.1/v0.1.12/0.3.19/0.6.6
7,PP614386.1,B.1.526,2021-05-24,complete,Homo sapiens,29735,4.3.4/1.37.1/v0.1.12/0.3.19/0.6.6
7,PP697079.1,B.1.526,2021-03-25,complete,Homo sapiens,29868,4.3.4/1.37.1/v0.1.12/0.3.19/0.6.6
7,MW969255.1,B.1.526,2021-03-24,complete,Homo sapiens,29845,4.3.4/1.37.1/v0.1.12/0.3.19/0.6.6
7,MZ639433.1,B.1.526,2021-03-26,complete,Homo sapiens,29736,4.3.4/1.37.1/v0.1.12/0.3.19/0.6.6
7,PP606456.1,B.1.526,2021-03-04,complete,Homo sapiens,29735,4.3.4/1.37.1/v0.1.12/0.3.19/0.6.6
7,MZ046880.1,B.1.526,2021-04-09,complete,Homo sapiens,29772,4.3.4/1.37.1/v0.1.12/0.3.19/0.6.6
7,MZ640530.1,B.1.526,2021-04-12,complete,Homo sapiens,29752,4.3.4/1.37.1/v0.1.12/0.3.19/0.6.6
7,MZ187708.1,B.1.526,2021-04-19,complete,Homo sapiens,29863,4.3.4/1.37.1/v0.1.12/0.3.19/0.6.6
7,MZ059783.1,B.1.526,2021-04-09,complete,Homo sapiens,29815,4.3.4/1.37.1/v0.1.12/0.3.19/0.6.6
7,MZ171113.1,B.1.526,2021-04-19,complete,Homo sapiens,29820,4.3.4/1.37.1/v0.1.12/0.3.19/0.6.6
7,MZ179984.1,B.1.526,2021-04-28,complete,Homo sapiens,29705,4.3.4/1.37.1/v0.1.12/0.3.19/0.6.6
7,OL701719.1,B.1.526,2021-05-15,complete,Homo sapiens,29820,4.3.4/1.37.1/v0.1.12/0.3.19/0.6.6
7,MZ064603.1,B.1.526,2021-04-01,complete,Homo sapiens,29824,4.3.4/1.37.1/v0.1.12/0.3.19/0.6.6
7,MZ228346.1,B.1.526,2021-04-25,complete,Homo sapiens,29821,4.3.4/1.37.1/v0.1.12/0.3.19/0.6.6
7,PP608228.1,B.1.526,2021-03-17,complete,Homo sapiens,29735,4.3.4/1.37.1/v0.1.12/0.3.19/0.6.6
7,MZ491921.1,B.1.526,2021-06-01,complete,Homo sapiens,29767,4.3.4/1.37.1/v0.1.12/0.3.19/0.6.6
7,MZ056359.1,B.1.526,2021-04-10,complete,Homo sapiens,29772,4.3.4/1.37.1/v0.1.12/0.3.19/0.6.6
7,MZ415754.1,B.1.526,2021-05-10,complete,Homo sapiens,29798,4.3.4/1.37.1/v0.1.12/0.3.19/0.6.6
7,MZ006954.1,B.1.526,2021-03-30,complete,Homo sapiens,29821,4.3.4/1.37.1/v0.1.12/0.3.19/0.6.6
7,OK245959.1,B.1.526,2021-04-05,complete,Homo sapiens,29893,4.3.4/1.37.1/v0.1.12/0.3.19/0.6.6
7,MZ619524.1,B.1.526,2021-03-11,complete,Homo sapiens,29827,4.3.4/1.37.1/v0.1.12/0.3.19/0.6.6
7,MW901881.1,B.1.526,2021-03-22,complete,Homo sapiens,29862,4.3.4/1.37.1/v0.1.12/0.3.19/0.6.6
7,MZ638559.1,B.1.526,2021-03-08,complete,Homo sapiens,29735,4.3.4/1.37.1/v0.1.12/0.3.19/0.6.6
7,MZ639956.1,B.1.526,2021-04-04,complete,Homo sapiens,29738,4.3.4/1.37.1/v0.1.12/0.3.19/0.6.6
7,MZ371994.1,B.1.526,2021-05-24,complete,Homo sapiens,29650,4.3.4/1.37.1/v0.1.12/0.3.19/0.6.6
7,MZ185774.1,B.1.526,2021-04-28,complete,Homo sapiens,29871,4.3.4/1.37.1/v0.1.12/0.3.19/0.6.6
7,ON192604.1,B.1.526,2021-04-19,complete,Homo sapiens,29709,4.3.4/1.37.1/v0.1.12/0.3.19/0.6.6
7,MZ076406.1,B.1.526,2021-04-08,complete,Homo sapiens,29868,4.3.4/1.37.1/v0.1.12/0.3.19/0.6.6
7,MZ074953.1,B.1.526,2021-04-03,complete,Homo sapiens,29892,4.3.4/1.37.1/v0.1.12/0.3.19/0.6.6
7,MW989818.1,B.1.526,2021-03-21,complete,Homo sapiens,29816,4.3.4/1.37.1/v0.1.12/0.3.19/0.6.6
7,MZ535950.1,B.1.526,2021-06-23,complete,Homo sapiens,29772,4.3.4/1.37.1/v0.1.12/0.3.19/0.6.6
7,MW902801.1,B.1.526,2021-03-20,complete,Homo sapiens,29704,4.3.4/1.37.1/v0.1.12/0.3.19/0.6.6
7,MZ321338.1,B.1.526,2021-05-10,complete,Homo sapiens,29772,4.3.4/1.37.1/v0.1.12/0.3.19/0.6.6
7,MZ201370.1,B.1.526,2021-04-25,complete,Homo sapiens,29826,4.3.4/1.37.1/v0.1.12/0.3.19/0.6.6
7,MZ073498.1,B.1.526,2021-04-10,complete,Homo sapiens,29772,4.3.4/1.37.1/v0.1.12/0.3.19/0.6.6
7,MZ009882.1,B.1.526,2021-04-02,complete,Homo sapiens,29826,4.3.4/1.37.1/v0.1.12/0.3.19/0.6.6
7,MZ164775.1,B.1.526,2021-04-19,complete,Homo sapiens,29856,4.3.4/1.37.1/v0.1.12/0.3.19/0.6.6
7,OL538539.1,B.1.526,2021-04-12,complete,Homo sapiens,29799,4.3.4/1.37.1/v0.1.12/0.3.19/0.6.6
7,MW904309.1,B.1.526,2021-03-16,complete,Homo sapiens,29822,4.3.4/1.37.1/v0.1.12/0.3.19/0.6.6
7,MW915285.1,B.1.526,2021-03-24,complete,Homo sapiens,29772,4.3.4/1.37.1/v0.1.12/0.3.19/0.6.6
7,PP606003.1,B.1.526,2021-02-28,complete,Homo sapiens,29736,4.3.4/1.37.1/v0.1.12/0.3.19/0.6.6
7,MZ194406.1,B.1.526,2021-04-28,complete,Homo sapiens,29818,4.3.4/1.37.1/v0.1.12/0.3.19/0.6.6
7,MZ511680.1,B.1.526,2021-06-10,complete,Homo sapiens,29816,4.3.4/1.37.1/v0.1.12/0.3.19/0.6.6
7,MZ061436.1,B.1.526,2021-04-10,complete,Homo sapiens,29821,4.3.4/1.37.1/v0.1.12/0.3.19/0.6.6
7,MZ195108.1,B.1.526,2021-05-04,complete,Homo sapiens,29842,4.3.4/1.37.1/v0.1.12/0.3.19/0.6.6
7,MZ638910.1,B.1.526,2021-03-16,complete,Homo sapiens,29736,4.3.4/1.37.1/v0.1.12/0.3.19/0.6.6
7,MZ201687.1,B.1.526,2021-04-25,complete,Homo sapiens,29790,4.3.4/1.37.1/v0.1.12/0.3.19/0.6.6
7,PP609975.1,B.1.526,2021-03-29,complete,Homo sapiens,29736,4.3.4/1.37.1/v0.1.12/0.3.19/0.6.6
7,MZ592122.1,B.1.526,2021-07-02,complete,Homo sapiens,29769,4.3.4/1.37.1/v0.1.12/0.3.19/0.6.6
7,MZ059229.1,B.1.526,2021-04-10,complete,Homo sapiens,29816,4.3.4/1.37.1/v0.1.12/0.3.19/0.6.6
7,MZ638330.1,B.1.526,2021-03-02,complete,Homo sapiens,29733,4.3.4/1.37.1/v0.1.12/0.3.19/0.6.6
7,MZ638406.1,B.1.526,2021-03-03,complete,Homo sapiens,29735,4.3.4/1.37.1/v0.1.12/0.3.19/0.6.6
7,MW966747.1,B.1.526,2021-03-15,complete,Homo sapiens,29888,4.3.4/1.37.1/v0.1.12/0.3.19/0.6.6
7,MZ638939.1,B.1.526,2021-03-17,complete,Homo sapiens,29771,4.3.4/1.37.1/v0.1.12/0.3.19/0.6.6
7,MZ163700.1,B.1.526,2021-04-21,complete,Homo sapiens,29826,4.3.4/1.37.1/v0.1.12/0.3.19/0.6.6
7,MZ641764.1,B.1.526,2021-02-19,complete,Homo sapiens,29749,4.3.4/1.37.1/v0.1.12/0.3.19/0.6.6
7,MZ101733.1,B.1.526,2021-04-21,complete,Homo sapiens,29842,4.3.4/1.37.1/v0.1.12/0.3.19/0.6.6
7,MZ061547.1,B.1.526,2021-04-12,complete,Homo sapiens,29803,4.3.4/1.37.1/v0.1.12/0.3.19/0.6.6
7,MW887951.1,B.1.526,2021-03-15,complete,Homo sapiens,29839,4.3.4/1.37.1/v0.1.12/0.3.19/0.6.6
7,MZ290754.1,B.1.526,2021-05-04,complete,Homo sapiens,29821,4.3.4/1.37.1/v0.1.12/0.3.19/0.6.6
7,MZ154564.1,B.1.526,2021-04-19,complete,Homo sapiens,29826,4.3.4/1.37.1/v0.1.12/0.3.19/0.6.6
7,MZ295479.1,B.1.526,2021-05-05,complete,Homo sapiens,29814,4.3.4/1.37.1/v0.1.12/0.3.19/0.6.6
7,MZ090415.1,B.1.526,2021-04-10,complete,Homo sapiens,29772,4.3.4/1.37.1/v0.1.12/0.3.19/0.6.6
7,MZ211037.1,B.1.526,2021-04-11,complete,Homo sapiens,29889,4.3.4/1.37.1/v0.1.12/0.3.19/0.6.6
7,MZ512715.1,B.1.526,2021-03-25,complete,Homo sapiens,29902,4.3.4/1.37.1/v0.1.12/0.3.19/0.6.6
7,MZ288221.1,B.1.526,2021-05-03,complete,Homo sapiens,29749,4.3.4/1.37.1/v0.1.12/0.3.19/0.6.6
7,MZ638673.1,B.1.526,2021-03-09,complete,Homo sapiens,29724,4.3.4/1.37.1/v0.1.12/0.3.19/0.6.6
7,MZ258269.1,B.1.526,2021-03-18,complete,Homo sapiens,29866,4.3.4/1.37.1/v0.1.12/0.3.19/0.6.6
7,MW976652.1,B.1.526,2021-03-18,complete,Homo sapiens,29772,4.3.4/1.37.1/v0.1.12/0.3.19/0.6.6
7,MZ271439.1,B.1.526,2021-04-16,complete,Homo sapiens,29862,4.3.4/1.37.1/v0.1.12/0.3.19/0.6.6
7,MZ210637.1,B.1.526,2021-04-09,complete,Homo sapiens,29889,4.3.4/1.37.1/v0.1.12/0.3.19/0.6.6
7,MZ001127.1,B.1.526,2021-03-23,complete,Homo sapiens,29704,4.3.4/1.37.1/v0.1.12/0.3.19/0.6.6
7,OK218723.1,B.1.526,2021-04-21,complete,Homo sapiens,29818,4.3.4/1.37.1/v0.1.12/0.3.19/0.6.6
7,MW968707.1,B.1.526,2021-03-24,complete,Homo sapiens,29824,4.3.4/1.37.1/v0.1.12/0.3.19/0.6.6
7,MZ639814.1,B.1.526,2021-04-03,complete,Homo sapiens,29733,4.3.4/1.37.1/v0.1.12/0.3.19/0.6.6
7,MZ541569.1,B.1.526,2021-06-22,complete,Homo sapiens,29817,4.3.4/1.37.1/v0.1.12/0.3.19/0.6.6
7,OK220342.1,B.1.526,2021-04-02,complete,Homo sapiens,29831,4.3.4/1.37.1/v0.1.12/0.3.19/0.6.6
7,MW880323.1,B.1.526,2021-03-22,complete,Homo sapiens,29845,4.3.4/1.37.1/v0.1.12/0.3.19/0.6.6
7,MW976609.1,B.1.526,2021-03-20,complete,Homo sapiens,29772,4.3.4/1.37.1/v0.1.12/0.3.19/0.6.6
7,MZ410130.1,B.1.526,2021-06-02,complete,Homo sapiens,29749,4.3.4/1.37.1/v0.1.12/0.3.19/0.6.6
7,MZ500375.1,B.1.526,2021-04-15,complete,Homo sapiens,29783,4.3.4/1.37.1/v0.1.12/0.3.19/0.6.6
7,MW976049.1,B.1.526,2021-03-04,complete,Homo sapiens,29772,4.3.4/1.37.1/v0.1.12/0.3.19/0.6.6
7,MZ075311.1,B.1.526,2021-04-05,complete,Homo sapiens,29891,4.3.4/1.37.1/v0.1.12/0.3.19/0.6.6
7,PQ964741.1,B.1.526,2021-04-23,complete,Homo sapiens,29725,4.3.4/1.37.1/v0.1.12/0.3.19/0.6.6
7,MZ282158.1,B.1.526,2021-05-03,complete,Homo sapiens,29858,4.3.4/1.37.1/v0.1.12/0.3.19/0.6.6
7,PP608335.1,B.1.526,2021-03-19,complete,Homo sapiens,29733,4.3.4/1.37.1/v0.1.12/0.3.19/0.6.6
7,MW891042.1,B.1.526,2021-03-18,complete,Homo sapiens,29791,4.3.4/1.37.1/v0.1.12/0.3.19/0.6.6
7,MW931501.1,B.1.526,2021-03-28,complete,Homo sapiens,29803,4.3.4/1.37.1/v0.1.12/0.3.19/0.6.6
7,MZ173085.1,B.1.526,2021-04-25,complete,Homo sapiens,29772,4.3.4/1.37.1/v0.1.12/0.3.19/0.6.6
7,OM245085.1,B.1.526,2021-05-18,complete,Homo sapiens,29860,4.3.4/1.37.1/v0.1.12/0.3.19/0.6.6
7,MZ256341.1,B.1.526,2021-03-15,complete,Homo sapiens,29890,4.3.4/1.37.1/v0.1.12/0.3.19/0.6.6
7,MZ530908.1,B.1.526,2021-06-16,complete,Homo sapiens,29684,4.3.4/1.37.1/v0.1.12/0.3.19/0.6.6
7,MZ131307.1,B.1.526,2021-04-14,complete,Homo sapiens,29749,4.3.4/1.37.1/v0.1.12/0.3.19/0.6.6
7,MZ319054.1,B.1.526,2021-05-09,complete,Homo sapiens,29749,4.3.4/1.37.1/v0.1.12/0.3.19/0.6.6
7,OK512107.1,B.1.526,2021-06-10,complete,Homo sapiens,29674,4.3.4/1.37.1/v0.1.12/0.3.19/0.6.6
7,PP604254.1,B.1.526,2021-02-14,complete,Homo sapiens,29736,4.3.4/1.37.1/v0.1.12/0.3.19/0.6.6
7,MZ085829.1,B.1.526,2021-04-07,complete,Homo sapiens,29891,4.3.4/1.37.1/v0.1.12/0.3.19/0.6.6
7,PP604502.1,B.1.526,2021-02-15,complete,Homo sapiens,29738,4.3.4/1.37.1/v0.1.12/0.3.19/0.6.6
7,MZ025214.1,B.1.526,2021-04-04,complete,Homo sapiens,29867,4.3.4/1.37.1/v0.1.12/0.3.19/0.6.6
7,MZ532699.1,B.1.526,2021-06-07,complete,Homo sapiens,29790,4.3.4/1.37.1/v0.1.12/0.3.19/0.6.6
7,MZ308324.1,B.1.526,2021-05-14,complete,Homo sapiens,29769,4.3.4/1.37.1/v0.1.12/0.3.19/0.6.6
7,MZ283455.1,B.1.526,2021-04-23,complete,Homo sapiens,29883,4.3.4/1.37.1/v0.1.12/0.3.19/0.6.6
7,OK230045.1,B.1.526,2021-06-09,complete,Homo sapiens,29770,4.3.4/1.37.1/v0.1.12/0.3.19/0.6.6
7,MZ638423.1,B.1.526,2021-03-03,complete,Homo sapiens,29736,4.3.4/1.37.1/v0.1.12/0.3.19/0.6.6
7,MZ533378.1,B.1.526,2021-06-23,complete,Homo sapiens,29803,4.3.4/1.37.1/v0.1.12/0.3.19/0.6.6
7,MZ059635.1,B.1.526,2021-04-09,complete,Homo sapiens,29817,4.3.4/1.37.1/v0.1.12/0.3.19/0.6.6
7,MZ216989.1,B.1.526,2021-04-26,complete,Homo sapiens,29749,4.3.4/1.37.1/v0.1.12/0.3.19/0.6.6
7,PP609368.1,B.1.526,2021-03-26,complete,Homo sapiens,29743,4.3.4/1.37.1/v0.1.12/0.3.19/0.6.6
7,MZ149398.1,B.1.526,2021-04-28,complete,Homo sapiens,29864,4.3.4/1.37.1/v0.1.12/0.3.19/0.6.6
7,MZ641827.1,B.1.526,2021-02-24,complete,Homo sapiens,29749,4.3.4/1.37.1/v0.1.12/0.3.19/0.6.6
7,ON195139.1,B.1.526,2021-05-04,complete,Homo sapiens,29716,4.3.4/1.37.1/v0.1.12/0.3.19/0.6.6
7,PP609108.1,B.1.526,2021-03-24,complete,Homo sapiens,29735,4.3.4/1.37.1/v0.1.12/0.3.19/0.6.6
7,MW932077.1,B.1.526,2021-03-28,complete,Homo sapiens,29821,4.3.4/1.37.1/v0.1.12/0.3.19/0.6.6
7,MZ228505.1,B.1.526,2021-04-27,complete,Homo sapiens,29822,4.3.4/1.37.1/v0.1.12/0.3.19/0.6.6
7,MZ716087.1,B.1.526,2021-06-26,complete,Homo sapiens,29772,4.3.4/1.37.1/v0.1.12/0.3.19/0.6.6
7,MZ032593.1,B.1.526,2021-04-14,complete,Homo sapiens,29842,4.3.4/1.37.1/v0.1.12/0.3.19/0.6.6
7,MZ056284.1,B.1.526,2021-04-11,complete,Homo sapiens,29749,4.3.4/1.37.1/v0.1.12/0.3.19/0.6.6
7,OK187726.1,B.1.526,2021-06-03,complete,Homo sapiens,29802,4.3.4/1.37.1/v0.1.12/0.3.19/0.6.6
7,PP608654.1,B.1.526,2021-03-22,complete,Homo sapiens,29737,4.3.4/1.37.1/v0.1.12/0.3.19/0.6.6
7,MZ260336.1,B.1.526,2021-03-10,complete,Homo sapiens,29883,4.3.4/1.37.1/v0.1.12/0.3.19/0.6.6
7,MZ578863.1,B.1.526,2021-04-06,complete,Homo sapiens,29893,4.3.4/1.37.1/v0.1.12/0.3.19/0.6.6
7,MZ637803.1,B.1.526,2021-02-15,complete,Homo sapiens,29737,4.3.4/1.37.1/v0.1.12/0.3.19/0.6.6
7,MZ060991.1,B.1.526,2021-04-11,complete,Homo sapiens,29811,4.3.4/1.37.1/v0.1.12/0.3.19/0.6.6
7,MZ641207.1,B.1.526,2021-04-26,complete,Homo sapiens,29736,4.3.4/1.37.1/v0.1.12/0.3.19/0.6.6
7,PP603554.1,B.1.526,2021-02-03,complete,Homo sapiens,29748,4.3.4/1.37.1/v0.1.12/0.3.19/0.6.6
7,MZ345065.1,B.1.526,2021-05-24,complete,Homo sapiens,29772,4.3.4/1.37.1/v0.1.12/0.3.19/0.6.6
7,ON192652.1,B.1.526,2021-04-30,complete,Homo sapiens,29700,4.3.4/1.37.1/v0.1.12/0.3.19/0.6.6
7,MZ000756.1,B.1.526,2021-03-27,complete,Homo sapiens,29703,4.3.4/1.37.1/v0.1.12/0.3.19/0.6.6
7,OK252054.1,B.1.526,2021-06-16,complete,Homo sapiens,29772,4.3.4/1.37.1/v0.1.12/0.3.19/0.6.6
7,MZ193068.1,B.1.526,2021-04-29,complete,Homo sapiens,29818,4.3.4/1.37.1/v0.1.12/0.3.19/0.6.6
7,MZ257394.1,B.1.526,2021-03-20,complete,Homo sapiens,29891,4.3.4/1.37.1/v0.1.12/0.3.19/0.6.6
7,MZ154157.1,B.1.526,2021-04-18,complete,Homo sapiens,29817,4.3.4/1.37.1/v0.1.12/0.3.19/0.6.6
7,MZ054969.1,B.1.526,2021-04-09,complete,Homo sapiens,29855,4.3.4/1.37.1/v0.1.12/0.3.19/0.6.6
7,MZ358758.1,B.1.526,2021-05-14,complete,Homo sapiens,29857,4.3.4/1.37.1/v0.1.12/0.3.19/0.6.6
7,MZ533516.1,B.1.526,2021-06-26,complete,Homo sapiens,29816,4.3.4/1.37.1/v0.1.12/0.3.19/0.6.6
7,MZ000564.1,B.1.526,2021-03-25,complete,Homo sapiens,29703,4.3.4/1.37.1/v0.1.12/0.3.19/0.6.6
7,MZ680701.1,B.1.526,2021-02-10,complete,Homo sapiens,29749,4.3.4/1.37.1/v0.1.12/0.3.19/0.6.6
7,MZ415460.1,B.1.526,2021-05-12,complete,Homo sapiens,29822,4.3.4/1.37.1/v0.1.12/0.3.19/0.6.6
7,PP602891.1,B.1.526,2021-02-24,complete,Homo sapiens,29742,4.3.4/1.37.1/v0.1.12/0.3.19/0.6.6
7,PP609244.1,B.1.526,2021-03-26,complete,Homo sapiens,29733,4.3.4/1.37.1/v0.1.12/0.3.19/0.6.6
7,OK399297.1,B.1.526,2021-05-26,complete,Homo sapiens,29744,4.3.4/1.37.1/v0.1.12/0.3.19/0.6.6
7,MZ054017.1,B.1.526,2021-04-18,complete,Homo sapiens,29838,4.3.4/1.37.1/v0.1.12/0.3.19/0.6.6
7,MZ705149.1,B.1.526,2021-07-02,complete,Homo sapiens,29806,4.3.4/1.37.1/v0.1.12/0.3.19/0.6.6
7,ON192594.1,B.1.526,2021-03-03,complete,Homo sapiens,29709,4.3.4/1.37.1/v0.1.12/0.3.19/0.6.6
7,MZ146056.1,B.1.526,2021-04-18,complete,Homo sapiens,29772,4.3.4/1.37.1/v0.1.12/0.3.19/0.6.6
7,MZ680707.1,B.1.526,2021-02-11,complete,Homo sapiens,29749,4.3.4/1.37.1/v0.1.12/0.3.19/0.6.6
7,MZ038606.1,B.1.526,2021-04-07,complete,Homo sapiens,29704,4.3.4/1.37.1/v0.1.12/0.3.19/0.6.6
7,MZ371713.1,B.1.526,2021-05-25,complete,Homo sapiens,29769,4.3.4/1.37.1/v0.1.12/0.3.19/0.6.6
7,MZ074766.1,B.1.526,2021-04-03,complete,Homo sapiens,29868,4.3.4/1.37.1/v0.1.12/0.3.19/0.6.6
7,MZ639611.1,B.1.526,2021-03-28,complete,Homo sapiens,29733,4.3.4/1.37.1/v0.1.12/0.3.19/0.6.6
7,ON192388.1,B.1.526,2021-03-29,complete,Homo sapiens,29716,4.3.4/1.37.1/v0.1.12/0.3.19/0.6.6
7,MZ000801.1,B.1.526,2021-03-25,complete,Homo sapiens,29704,4.3.4/1.37.1/v0.1.12/0.3.19/0.6.6
7,MZ022824.1,B.1.526,2021-03-26,complete,Homo sapiens,29870,4.3.4/1.37.1/v0.1.12/0.3.19/0.6.6
7,MZ102096.1,B.1.526,2021-04-19,complete,Homo sapiens,29816,4.3.4/1.37.1/v0.1.12/0.3.19/0.6.6
7,MZ160393.1,B.1.526,2021-04-19,complete,Homo sapiens,29801,4.3.4/1.37.1/v0.1.12/0.3.19/0.6.6
7,MZ296598.1,B.1.526,2021-04-16,complete,Homo sapiens,29795,4.3.4/1.37.1/v0.1.12/0.3.19/0.6.6
7,MZ211960.1,B.1.526,2021-04-09,complete,Homo sapiens,29884,4.3.4/1.37.1/v0.1.12/0.3.19/0.6.6
7,MW993512.1,B.1.526,2021-03-24,complete,Homo sapiens,29853,4.3.4/1.37.1/v0.1.12/0.3.19/0.6.6
7,MZ497939.1,B.1.526,2021-04-29,complete,Homo sapiens,29844,4.3.4/1.37.1/v0.1.12/0.3.19/0.6.6
7,PP607189.1,B.1.526,2021-03-10,complete,Homo sapiens,29733,4.3.4/1.37.1/v0.1.12/0.3.19/0.6.6
7,MZ290497.1,B.1.526,2021-05-03,complete,Homo sapiens,29826,4.3.4/1.37.1/v0.1.12/0.3.19/0.6.6
7,MZ280737.1,B.1.526,2021-05-06,complete,Homo sapiens,29870,4.3.4/1.37.1/v0.1.12/0.3.19/0.6.6
7,MZ164284.1,B.1.526,2021-04-23,complete,Homo sapiens,29794,4.3.4/1.37.1/v0.1.12/0.3.19/0.6.6
7,MZ003747.1,B.1.526,2021-03-30,complete,Homo sapiens,29704,4.3.4/1.37.1/v0.1.12/0.3.19/0.6.6
7,MZ145399.1,B.1.526,2021-04-26,complete,Homo sapiens,29842,4.3.4/1.37.1/v0.1.12/0.3.19/0.6.6
7,MZ640311.1,B.1.526,2021-04-10,complete,Homo sapiens,29738,4.3.4/1.37.1/v0.1.12/0.3.19/0.6.6
7,MZ638707.1,B.1.526,2021-03-11,complete,Homo sapiens,29733,4.3.4/1.37.1/v0.1.12/0.3.19/0.6.6
7,MZ160412.1,B.1.526,2021-04-23,complete,Homo sapiens,29772,4.3.4/1.37.1/v0.1.12/0.3.19/0.6.6
7,MZ060310.1,B.1.526,2021-04-12,complete,Homo sapiens,29818,4.3.4/1.37.1/v0.1.12/0.3.19/0.6.6
7,MZ132341.1,B.1.526,2021-04-16,complete,Homo sapiens,29828,4.3.4/1.37.1/v0.1.12/0.3.19/0.6.6
7,PQ967363.1,B.1.526,2021-03-24,complete,Homo sapiens,29793,4.3.4/1.37.1/v0.1.12/0.3.19/0.6.6
7,MZ281877.1,B.1.526,2021-05-02,complete,Homo sapiens,29877,4.3.4/1.37.1/v0.1.12/0.3.19/0.6.6
7,MZ640487.1,B.1.526,2021-04-10,complete,Homo sapiens,29737,4.3.4/1.37.1/v0.1.12/0.3.19/0.6.6
7,MZ068570.1,B.1.526,2021-04-24,complete,Homo sapiens,29864,4.3.4/1.37.1/v0.1.12/0.3.19/0.6.6
7,MZ083682.1,B.1.526,2021-04-01,complete,Homo sapiens,29861,4.3.4/1.37.1/v0.1.12/0.3.19/0.6.6
7,MZ296735.1,B.1.526,2021-04-15,complete,Homo sapiens,29812,4.3.4/1.37.1/v0.1.12/0.3.19/0.6.6
7,MZ256261.1,B.1.526,2021-03-14,complete,Homo sapiens,29878,4.3.4/1.37.1/v0.1.12/0.3.19/0.6.6
7,OK289884.1,B.1.526,2021-04-21,complete,Homo sapiens,29788,4.3.4/1.37.1/v0.1.12/0.3.19/0.6.6
7,PP607288.1,B.1.526,2021-03-11,complete,Homo sapiens,29768,4.3.4/1.37.1/v0.1.12/0.3.19/0.6.6
7,MZ133079.1,B.1.526,2021-04-17,complete,Homo sapiens,29814,4.3.4/1.37.1/v0.1.12/0.3.19/0.6.6
7,MZ641287.1,B.1.526,2021-04-30,complete,Homo sapiens,29736,4.3.4/1.37.1/v0.1.12/0.3.19/0.6.6
7,MZ006350.1,B.1.526,2021-03-31,complete,Homo sapiens,29819,4.3.4/1.37.1/v0.1.12/0.3.19/0.6.6
7,MZ021686.1,B.1.526,2021-04-01,complete,Homo sapiens,29749,4.3.4/1.37.1/v0.1.12/0.3.19/0.6.6
7,MZ143763.1,B.1.526,2021-04-09,complete,Homo sapiens,29816,4.3.4/1.37.1/v0.1.12/0.3.19/0.6.6
7,MW972369.1,B.1.526,2021-03-29,complete,Homo sapiens,29753,4.3.4/1.37.1/v0.1.12/0.3.19/0.6.6
7,MZ637583.1,B.1.526,2021-02-06,complete,Homo sapiens,29736,4.3.4/1.37.1/v0.1.12/0.3.19/0.6.6
7,MZ101626.1,B.1.526,2021-04-15,complete,Homo sapiens,29772,4.3.4/1.37.1/v0.1.12/0.3.19/0.6.6
7,OK439466.1,B.1.526,2021-02-07,complete,Homo sapiens,29815,4.3.4/1.37.1/v0.1.12/0.3.19/0.6.6
7,OK220072.1,B.1.526,2021-03-29,complete,Homo sapiens,29854,4.3.4/1.37.1/v0.1.12/0.3.19/0.6.6
7,MZ228819.1,B.1.526,2021-04-26,complete,Homo sapiens,29795,4.3.4/1.37.1/v0.1.12/0.3.19/0.6.6
7,MZ640007.1,B.1.526,2021-04-05,complete,Homo sapiens,29738,4.3.4/1.37.1/v0.1.12/0.3.19/0.6.6
7,MZ278875.1,B.1.526,2021-05-03,complete,Homo sapiens,29821,4.3.4/1.37.1/v0.1.12/0.3.19/0.6.6
7,MZ639741.1,B.1.526,2021-03-31,complete,Homo sapiens,29734,4.3.4/1.37.1/v0.1.12/0.3.19/0.6.6
7,MW891305.1,B.1.526,2021-03-20,complete,Homo sapiens,29819,4.3.4/1.37.1/v0.1.12/0.3.19/0.6.6
7,MZ213583.1,B.1.526,2021-04-13,complete,Homo sapiens,29891,4.3.4/1.37.1/v0.1.12/0.3.19/0.6.6
7,MZ060379.1,B.1.526,2021-04-14,complete,Homo sapiens,29821,4.3.4/1.37.1/v0.1.12/0.3.19/0.6.6
7,ON195120.1,B.1.526,2021-05-05,complete,Homo sapiens,29707,4.3.4/1.37.1/v0.1.12/0.3.19/0.6.6
7,MZ283363.1,B.1.526,2021-04-18,complete,Homo sapiens,29891,4.3.4/1.37.1/v0.1.12/0.3.19/0.6.6
7,MZ367645.1,B.1.526,2021-05-21,complete,Homo sapiens,29785,4.3.4/1.37.1/v0.1.12/0.3.19/0.6.6
7,MZ187737.1,B.1.526,2021-04-20,complete,Homo sapiens,29868,4.3.4/1.37.1/v0.1.12/0.3.19/0.6.6
7,MZ023190.1,B.1.526,2021-03-25,complete,Homo sapiens,29783,4.3.4/1.37.1/v0.1.12/0.3.19/0.6.6
7,MZ239756.1,B.1.526,2021-04-14,complete,Homo sapiens,29787,4.3.4/1.37.1/v0.1.12/0.3.19/0.6.6
7,MZ170452.1,B.1.526,2021-04-08,complete,Homo sapiens,29826,4.3.4/1.37.1/v0.1.12/0.3.19/0.6.6
7,MZ231554.1,B.1.526,2021-03-11,complete,Homo sapiens,29766,4.3.4/1.37.1/v0.1.12/0.3.19/0.6.6
7,MW966994.1,B.1.526,2021-03-18,complete,Homo sapiens,29891,4.3.4/1.37.1/v0.1.12/0.3.19/0.6.6
7,MZ455546.1,B.1.526,2021-05-05,complete,Homo sapiens,29749,4.3.4/1.37.1/v0.1.12/0.3.19/0.6.6
7,MZ253033.1,B.1.526,2021-05-03,complete,Homo sapiens,29704,4.3.4/1.37.1/v0.1.12/0.3.19/0.6.6
7,OM485788.1,B.1.526,2021-03-01,complete,Homo sapiens,29844,4.3.4/1.37.1/v0.1.12/0.3.19/0.6.6
7,MW971457.1,B.1.526,2021-04-07,complete,Homo sapiens,29772,4.3.4/1.37.1/v0.1.12/0.3.19/0.6.6
7,MZ152589.1,B.1.526,2021-04-17,complete,Homo sapiens,29749,4.3.4/1.37.1/v0.1.12/0.3.19/0.6.6
7,OK245988.1,B.1.526,2021-04-05,complete,Homo sapiens,29870,4.3.4/1.37.1/v0.1.12/0.3.19/0.6.6
7,MW964704.1,B.1.526,2021-04-02,complete,Homo sapiens,29772,4.3.4/1.37.1/v0.1.12/0.3.19/0.6.6
7,MZ638196.1,B.1.526,2021-02-26,complete,Homo sapiens,29733,4.3.4/1.37.1/v0.1.12/0.3.19/0.6.6
7,MZ291361.1,B.1.526,2021-05-07,complete,Homo sapiens,29798,4.3.4/1.37.1/v0.1.12/0.3.19/0.6.6
7,OK188147.1,B.1.526,2021-02-11,complete,Homo sapiens,29857,4.3.4/1.37.1/v0.1.12/0.3.19/0.6.6
7,OK246928.1,B.1.526,2021-05-29,complete,Homo sapiens,29893,4.3.4/1.37.1/v0.1.12/0.3.19/0.6.6
7,MZ512940.1,B.1.526,2021-05-11,complete,Homo sapiens,29893,4.3.4/1.37.1/v0.1.12/0.3.19/0.6.6
7,MZ153770.1,B.1.526,2021-04-18,complete,Homo sapiens,29812,4.3.4/1.37.1/v0.1.12/0.3.19/0.6.6
7,MZ376355.1,B.1.526,2021-05-25,complete,Homo sapiens,29891,4.3.4/1.37.1/v0.1.12/0.3.19/0.6.6
7,MZ058509.1,B.1.526,2021-04-08,complete,Homo sapiens,29854,4.3.4/1.37.1/v0.1.12/0.3.19/0.6.6
7,MZ186068.1,B.1.526,2021-04-17,complete,Homo sapiens,29891,4.3.4/1.37.1/v0.1.12/0.3.19/0.6.6
7,ON192588.1,B.1.526,2021-04-13,complete,Homo sapiens,29714,4.3.4/1.37.1/v0.1.12/0.3.19/0.6.6
7,MZ639330.1,B.1.526,2021-03-23,complete,Homo sapiens,29736,4.3.4/1.37.1/v0.1.12/0.3.19/0.6.6
7,MZ053897.1,B.1.526,2021-04-17,complete,Homo sapiens,29864,4.3.4/1.37.1/v0.1.12/0.3.19/0.6.6
7,MZ497710.1,B.1.526,2021-04-25,complete,Homo sapiens,29811,4.3.4/1.37.1/v0.1.12/0.3.19/0.6.6
7,MZ101020.1,B.1.526,2021-04-14,complete,Homo sapiens,29817,4.3.4/1.37.1/v0.1.12/0.3.19/0.6.6
7,MZ319328.1,B.1.526,2021-05-02,complete,Homo sapiens,29772,4.3.4/1.37.1/v0.1.12/0.3.19/0.6.6
7,MZ729086.1,B.1.526,2021-07-02,complete,Homo sapiens,29822,4.3.4/1.37.1/v0.1.12/0.3.19/0.6.6
7,MZ000940.1,B.1.526,2021-03-28,complete,Homo sapiens,29704,4.3.4/1.37.1/v0.1.12/0.3.19/0.6.6
7,OK289723.1,B.1.526,2021-03-19,complete,Homo sapiens,29854,4.3.4/1.37.1/v0.1.12/0.3.19/0.6.6
7,PP608357.1,B.1.526,2021-03-20,complete,Homo sapiens,29733,4.3.4/1.37.1/v0.1.12/0.3.19/0.6.6
7,MZ163698.1,B.1.526,2021-04-21,complete,Homo sapiens,29820,4.3.4/1.37.1/v0.1.12/0.3.19/0.6.6
7,MW883171.1,B.1.526,2021-03-17,complete,Homo sapiens,29788,4.3.4/1.37.1/v0.1.12/0.3.19/0.6.6
7,MZ024341.1,B.1.526,2021-03-30,complete,Homo sapiens,29884,4.3.4/1.37.1/v0.1.12/0.3.19/0.6.6
7,MZ641348.1,B.1.526,2021-05-06,complete,Homo sapiens,29736,4.3.4/1.37.1/v0.1.12/0.3.19/0.6.6
7,MZ068543.1,B.1.526,2021-04-22,complete,Homo sapiens,29841,4.3.4/1.37.1/v0.1.12/0.3.19/0.6.6
7,MZ226418.1,B.1.526,2021-04-30,complete,Homo sapiens,29772,4.3.4/1.37.1/v0.1.12/0.3.19/0.6.6
7,MW991254.1,B.1.526,2021-03-31,complete,Homo sapiens,29883,4.3.4/1.37.1/v0.1.12/0.3.19/0.6.6
7,OM462223.1,B.1.526,2021-05-25,complete,Homo sapiens,29773,4.3.4/1.37.1/v0.1.12/0.3.19/0.6.6
7,MW880316.1,B.1.526,2021-03-20,complete,Homo sapiens,29884,4.3.4/1.37.1/v0.1.12/0.3.19/0.6.6
7,OK183199.1,B.1.526,2021-04-27,complete,Homo sapiens,29772,4.3.4/1.37.1/v0.1.12/0.3.19/0.6.6
7,MZ283381.1,B.1.526,2021-04-20,complete,Homo sapiens,29892,4.3.4/1.37.1/v0.1.12/0.3.19/0.6.6
7,MZ252601.1,B.1.526,2021-05-08,complete,Homo sapiens,29770,4.3.4/1.37.1/v0.1.12/0.3.19/0.6.6
7,MZ638536.1,B.1.526,2021-03-06,complete,Homo sapiens,29731,4.3.4/1.37.1/v0.1.12/0.3.19/0.6.6
7,MZ061147.1,B.1.526,2021-04-10,complete,Homo sapiens,29814,4.3.4/1.37.1/v0.1.12/0.3.19/0.6.6
7,MZ049942.1,B.1.526,2021-04-05,complete,Homo sapiens,29749,4.3.4/1.37.1/v0.1.12/0.3.19/0.6.6
7,OK246879.1,B.1.526,2021-06-01,complete,Homo sapiens,29893,4.3.4/1.37.1/v0.1.12/0.3.19/0.6.6
7,MZ090280.1,B.1.526,2021-04-10,complete,Homo sapiens,29749,4.3.4/1.37.1/v0.1.12/0.3.19/0.6.6
7,MW931428.1,B.1.526,2021-03-28,complete,Homo sapiens,29820,4.3.4/1.37.1/v0.1.12/0.3.19/0.6.6
7,MZ451338.1,B.1.526,2021-03-31,complete,Homo sapiens,29789,4.3.4/1.37.1/v0.1.12/0.3.19/0.6.6
7,MZ458173.1,B.1.526,2021-05-01,complete,Homo sapiens,29721,4.3.4/1.37.1/v0.1.12/0.3.19/0.6.6
7,MZ173436.1,B.1.526,2021-04-18,complete,Homo sapiens,29772,4.3.4/1.37.1/v0.1.12/0.3.19/0.6.6
7,MZ308365.1,B.1.526,2021-05-16,complete,Homo sapiens,29769,4.3.4/1.37.1/v0.1.12/0.3.19/0.6.6
7,MZ639525.1,B.1.526,2021-03-27,complete,Homo sapiens,29736,4.3.4/1.37.1/v0.1.12/0.3.19/0.6.6
7,MZ075534.1,B.1.526,2021-04-06,complete,Homo sapiens,29832,4.3.4/1.37.1/v0.1.12/0.3.19/0.6.6
7,MZ619640.1,B.1.526,2021-03-25,complete,Homo sapiens,29808,4.3.4/1.37.1/v0.1.12/0.3.19/0.6.6
7,MZ035438.1,B.1.526,2021-04-04,complete,Homo sapiens,29815,4.3.4/1.37.1/v0.1.12/0.3.19/0.6.6
7,MZ024705.1,B.1.526,2021-03-30,complete,Homo sapiens,29870,4.3.4/1.37.1/v0.1.12/0.3.19/0.6.6
7,MZ342249.1,B.1.526,2021-05-18,complete,Homo sapiens,29770,4.3.4/1.37.1/v0.1.12/0.3.19/0.6.6
7,MZ341455.1,B.1.526,2021-05-17,complete,Homo sapiens,29736,4.3.4/1.37.1/v0.1.12/0.3.19/0.6.6
7,MZ354186.1,B.1.526,2021-05-12,complete,Homo sapiens,29821,4.3.4/1.37.1/v0.1.12/0.3.19/0.6.6
7,OL474066.1,B.1.526,2021-02-03,complete,Homo sapiens,29714,4.3.4/1.37.1/v0.1.12/0.3.19/0.6.6
7,MZ316315.1,B.1.526,2021-05-09,complete,Homo sapiens,29797,4.3.4/1.37.1/v0.1.12/0.3.19/0.6.6
7,PQ967143.1,B.1.526,2021-03-03,complete,Homo sapiens,29761,4.3.4/1.37.1/v0.1.12/0.3.19/0.6.6
7,MZ638560.1,B.1.526,2021-03-08,complete,Homo sapiens,29735,4.3.4/1.37.1/v0.1.12/0.3.19/0.6.6
7,MZ034687.1,B.1.526,2021-04-12,complete,Homo sapiens,29856,4.3.4/1.37.1/v0.1.12/0.3.19/0.6.6
7,MW975777.1,B.1.526,2021-02-25,complete,Homo sapiens,29772,4.3.4/1.37.1/v0.1.12/0.3.19/0.6.6
7,MZ321553.1,B.1.526,2021-05-12,complete,Homo sapiens,29749,4.3.4/1.37.1/v0.1.12/0.3.19/0.6.6
7,MZ073589.1,B.1.526,2021-04-12,complete,Homo sapiens,29749,4.3.4/1.37.1/v0.1.12/0.3.19/0.6.6
7,MZ213442.1,B.1.526,2021-04-11,complete,Homo sapiens,29868,4.3.4/1.37.1/v0.1.12/0.3.19/0.6.6
7,MZ256936.1,B.1.526,2021-05-11,complete,Homo sapiens,29864,4.3.4/1.37.1/v0.1.12/0.3.19/0.6.6
7,MZ061144.1,B.1.526,2021-04-10,complete,Homo sapiens,29822,4.3.4/1.37.1/v0.1.12/0.3.19/0.6.6
7,MZ538780.1,B.1.526,2021-06-05,complete,Homo sapiens,29807,4.3.4/1.37.1/v0.1.12/0.3.19/0.6.6
7,MZ006930.1,B.1.526,2021-03-30,complete,Homo sapiens,29825,4.3.4/1.37.1/v0.1.12/0.3.19/0.6.6
7,MZ288241.1,B.1.526,2021-05-03,complete,Homo sapiens,29772,4.3.4/1.37.1/v0.1.12/0.3.19/0.6.6
7,MZ318725.1,B.1.526,2021-05-10,complete,Homo sapiens,29772,4.3.4/1.37.1/v0.1.12/0.3.19/0.6.6
7,MW976668.1,B.1.526,2021-03-19,complete,Homo sapiens,29772,4.3.4/1.37.1/v0.1.12/0.3.19/0.6.6
7,MZ083031.1,B.1.526,2021-04-04,complete,Homo sapiens,29886,4.3.4/1.37.1/v0.1.12/0.3.19/0.6.6
7,MZ283042.1,B.1.526,2021-05-02,complete,Homo sapiens,29886,4.3.4/1.37.1/v0.1.12/0.3.19/0.6.6
7,MZ046619.1,B.1.526,2021-03-30,complete,Homo sapiens,29878,4.3.4/1.37.1/v0.1.12/0.3.19/0.6.6
7,MZ640168.1,B.1.526,2021-04-08,complete,Homo sapiens,29738,4.3.4/1.37.1/v0.1.12/0.3.19/0.6.6
7,MZ180276.1,B.1.526,2021-04-29,complete,Homo sapiens,29703,4.3.4/1.37.1/v0.1.12/0.3.19/0.6.6
7,MZ642103.1,B.1.526,2021-03-26,complete,Homo sapiens,29772,4.3.4/1.37.1/v0.1.12/0.3.19/0.6.6
7,MW959492.1,B.1.526,2021-04-02,complete,Homo sapiens,29772,4.3.4/1.37.1/v0.1.12/0.3.19/0.6.6
7,MZ056353.1,B.1.526,2021-04-11,complete,Homo sapiens,29749,4.3.4/1.37.1/v0.1.12/0.3.19/0.6.6
7,MZ257426.1,B.1.526,2021-03-22,complete,Homo sapiens,29891,4.3.4/1.37.1/v0.1.12/0.3.19/0.6.6
7,MZ132355.1,B.1.526,2021-04-16,complete,Homo sapiens,29794,4.3.4/1.37.1/v0.1.12/0.3.19/0.6.6
7,MW975524.1,B.1.526,2021-02-24,complete,Homo sapiens,29749,4.3.4/1.37.1/v0.1.12/0.3.19/0.6.6
7,MZ290637.1,B.1.526,2021-05-05,complete,Homo sapiens,29811,4.3.4/1.37.1/v0.1.12/0.3.19/0.6.6
7,MZ641683.1,B.1.526,2021-02-08,complete,Homo sapiens,29772,4.3.4/1.37.1/v0.1.12/0.3.19/0.6.6
7,MZ410160.1,B.1.526,2021-06-02,complete,Homo sapiens,29749,4.3.4/1.37.1/v0.1.12/0.3.19/0.6.6
7,MZ023654.1,B.1.526,2021-03-29,complete,Homo sapiens,29867,4.3.4/1.37.1/v0.1.12/0.3.19/0.6.6
7,MZ333423.1,B.1.526,2021-05-15,complete,Homo sapiens,29770,4.3.4/1.37.1/v0.1.12/0.3.19/0.6.6
7,MZ030047.1,B.1.526,2021-04-08,complete,Homo sapiens,29749,4.3.4/1.37.1/v0.1.12/0.3.19/0.6.6
7,MZ780702.1,B.1.526,2021-05-27,complete,Homo sapiens,29786,4.3.4/1.37.1/v0.1.12/0.3.19/0.6.6
7,MZ531505.1,B.1.526,2021-06-20,complete,Homo sapiens,29673,4.3.4/1.37.1/v0.1.12/0.3.19/0.6.6
7,MZ101690.1,B.1.526,2021-04-19,complete,Homo sapiens,29836,4.3.4/1.37.1/v0.1.12/0.3.19/0.6.6
7,MZ212479.1,B.1.526,2021-04-10,complete,Homo sapiens,29886,4.3.4/1.37.1/v0.1.12/0.3.19/0.6.6
7,MZ450421.1,B.1.526,2021-06-08,complete,Homo sapiens,29822,4.3.4/1.37.1/v0.1.12/0.3.19/0.6.6
7,MW890637.1,B.1.526,2021-03-26,complete,Homo sapiens,29772,4.3.4/1.37.1/v0.1.12/0.3.19/0.6.6
7,OK203748.1,B.1.526,2021-04-01,complete,Homo sapiens,29774,4.3.4/1.37.1/v0.1.12/0.3.19/0.6.6
7,MZ149838.1,B.1.526,2021-04-27,complete,Homo sapiens,29842,4.3.4/1.37.1/v0.1.12/0.3.19/0.6.6
7,MW976701.1,B.1.526,2021-03-20,complete,Homo sapiens,29772,4.3.4/1.37.1/v0.1.12/0.3.19/0.6.6
7,MZ226343.1,B.1.526,2021-04-28,complete,Homo sapiens,29749,4.3.4/1.37.1/v0.1.12/0.3.19/0.6.6
7,MZ799006.1,B.1.526,2021-04-07,complete,Homo sapiens,29809,4.3.4/1.37.1/v0.1.12/0.3.19/0.6.6
7,MZ402077.1,B.1.526,2021-05-16,complete,Homo sapiens,29784,4.3.4/1.37.1/v0.1.12/0.3.19/0.6.6
7,MW990718.1,B.1.526,2021-04-13,complete,Homo sapiens,29868,4.3.4/1.37.1/v0.1.12/0.3.19/0.6.6
7,MZ006850.1,B.1.526,2021-03-30,complete,Homo sapiens,29798,4.3.4/1.37.1/v0.1.12/0.3.19/0.6.6
7,MZ181075.1,B.1.526,2021-04-30,complete,Homo sapiens,29705,4.3.4/1.37.1/v0.1.12/0.3.19/0.6.6
7,MZ512647.1,B.1.526,2021-03-21,complete,Homo sapiens,29893,4.3.4/1.37.1/v0.1.12/0.3.19/0.6.6
7,MZ270401.1,B.1.526,2021-05-01,complete,Homo sapiens,29772,4.3.4/1.37.1/v0.1.12/0.3.19/0.6.6
7,MZ045189.1,B.1.526,2021-04-09,complete,Homo sapiens,29771,4.3.4/1.37.1/v0.1.12/0.3.19/0.6.6
7,MW880442.1,B.1.526,2021-03-22,complete,Homo sapiens,29892,4.3.4/1.37.1/v0.1.12/0.3.19/0.6.6
7,MZ640425.1,B.1.526,2021-04-09,complete,Homo sapiens,29736,4.3.4/1.37.1/v0.1.12/0.3.19/0.6.6
7,MZ034635.1,B.1.526,2021-04-09,complete,Homo sapiens,29833,4.3.4/1.37.1/v0.1.12/0.3.19/0.6.6
7,MZ102078.1,B.1.526,2021-04-22,complete,Homo sapiens,29816,4.3.4/1.37.1/v0.1.12/0.3.19/0.6.6
7,MW959378.1,B.1.526,2021-03-30,complete,Homo sapiens,29749,4.3.4/1.37.1/v0.1.12/0.3.19/0.6.6
7,OL471510.1,B.1.526,2020-12-07,complete,Homo sapiens,29718,4.3.4/1.37.1/v0.1.12/0.3.19/0.6.6
7,MZ321407.1,B.1.526,2021-05-11,complete,Homo sapiens,29772,4.3.4/1.37.1/v0.1.12/0.3.19/0.6.6
7,OK245962.1,B.1.526,2021-04-05,complete,Homo sapiens,29893,4.3.4/1.37.1/v0.1.12/0.3.19/0.6.6
7,MW976313.1,B.1.526,2021-03-08,complete,Homo sapiens,29772,4.3.4/1.37.1/v0.1.12/0.3.19/0.6.6
7,MZ173072.1,B.1.526,2021-04-24,complete,Homo sapiens,29772,4.3.4/1.37.1/v0.1.12/0.3.19/0.6.6
7,MZ386391.1,B.1.526,2021-06-01,complete,Homo sapiens,29889,4.3.4/1.37.1/v0.1.12/0.3.19/0.6.6
7,MZ641717.1,B.1.526,2021-02-12,complete,Homo sapiens,29749,4.3.4/1.37.1/v0.1.12/0.3.19/0.6.6
7,MZ591463.1,B.1.526,2021-06-29,complete,Homo sapiens,29746,4.3.4/1.37.1/v0.1.12/0.3.19/0.6.6
7,MW966746.1,B.1.526,2021-03-15,complete,Homo sapiens,29832,4.3.4/1.37.1/v0.1.12/0.3.19/0.6.6
7,MZ100538.1,B.1.526,2021-04-13,complete,Homo sapiens,29819,4.3.4/1.37.1/v0.1.12/0.3.19/0.6.6
7,MZ068917.1,B.1.526,2021-04-22,complete,Homo sapiens,29816,4.3.4/1.37.1/v0.1.12/0.3.19/0.6.6
7,MZ412359.1,B.1.526,2021-06-04,complete,Homo sapiens,29713,4.3.4/1.37.1/v0.1.12/0.3.19/0.6.6
7,MZ008972.1,B.1.526,2021-04-01,complete,Homo sapiens,29820,4.3.4/1.37.1/v0.1.12/0.3.19/0.6.6
7,PP608496.1,B.1.526,2021-03-22,complete,Homo sapiens,29736,4.3.4/1.37.1/v0.1.12/0.3.19/0.6.6
7,MZ237222.1,B.1.526,2021-04-29,complete,Homo sapiens,29822,4.3.4/1.37.1/v0.1.12/0.3.19/0.6.6
7,MZ640625.1,B.1.526,2021-04-13,complete,Homo sapiens,29738,4.3.4/1.37.1/v0.1.12/0.3.19/0.6.6
7,MZ638477.1,B.1.526,2021-03-06,complete,Homo sapiens,29734,4.3.4/1.37.1/v0.1.12/0.3.19/0.6.6
7,MW976580.1,B.1.526,2021-03-17,complete,Homo sapiens,29749,4.3.4/1.37.1/v0.1.12/0.3.19/0.6.6
7,MW976571.1,B.1.526,2021-03-15,complete,Homo sapiens,29749,4.3.4/1.37.1/v0.1.12/0.3.19/0.6.6
7,MZ011946.1,B.1.526,2021-03-26,complete,Homo sapiens,29866,4.3.4/1.37.1/v0.1.12/0.3.19/0.6.6
7,MZ637536.1,B.1.526,2021-01-30,complete,Homo sapiens,29737,4.3.4/1.37.1/v0.1.12/0.3.19/0.6.6
7,MZ311399.1,B.1.526,2021-05-17,complete,Homo sapiens,29816,4.3.4/1.37.1/v0.1.12/0.3.19/0.6.6
7,MZ034841.1,B.1.526,2021-04-07,complete,Homo sapiens,29817,4.3.4/1.37.1/v0.1.12/0.3.19/0.6.6
7,MZ342152.1,B.1.526,2021-05-21,complete,Homo sapiens,29737,4.3.4/1.37.1/v0.1.12/0.3.19/0.6.6
7,MZ640404.1,B.1.526,2021-04-08,complete,Homo sapiens,29736,4.3.4/1.37.1/v0.1.12/0.3.19/0.6.6
7,MZ201924.1,B.1.526,2021-04-23,complete,Homo sapiens,29821,4.3.4/1.37.1/v0.1.12/0.3.19/0.6.6
7,MW967831.1,B.1.526,2021-03-18,complete,Homo sapiens,29893,4.3.4/1.37.1/v0.1.12/0.3.19/0.6.6
7,MW976173.1,B.1.526,2021-03-09,complete,Homo sapiens,29772,4.3.4/1.37.1/v0.1.12/0.3.19/0.6.6
7,MZ152543.1,B.1.526,2021-04-20,complete,Homo sapiens,29772,4.3.4/1.37.1/v0.1.12/0.3.19/0.6.6
7,MZ009213.1,B.1.526,2021-04-02,complete,Homo sapiens,29819,4.3.4/1.37.1/v0.1.12/0.3.19/0.6.6
7,OL539229.1,B.1.526,2021-04-30,complete,Homo sapiens,29794,4.3.4/1.37.1/v0.1.12/0.3.19/0.6.6
7,PP603868.1,B.1.526,2021-02-09,complete,Homo sapiens,29754,4.3.4/1.37.1/v0.1.12/0.3.19/0.6.6
7,MZ638843.1,B.1.526,2021-03-14,complete,Homo sapiens,29733,4.3.4/1.37.1/v0.1.12/0.3.19/0.6.6
7,MZ351825.1,B.1.526,2021-05-12,complete,Homo sapiens,29786,4.3.4/1.37.1/v0.1.12/0.3.19/0.6.6
7,MZ258559.1,B.1.526,2021-03-16,complete,Homo sapiens,29854,4.3.4/1.37.1/v0.1.12/0.3.19/0.6.6
7,PP605599.1,B.1.526,2021-02-26,complete,Homo sapiens,29736,4.3.4/1.37.1/v0.1.12/0.3.19/0.6.6
7,MZ164224.1,B.1.526,2021-04-22,complete,Homo sapiens,29821,4.3.4/1.37.1/v0.1.12/0.3.19/0.6.6
7,MZ006719.1,B.1.526,2021-04-01,complete,Homo sapiens,29818,4.3.4/1.37.1/v0.1.12/0.3.19/0.6.6
7,MZ055050.1,B.1.526,2021-04-09,complete,Homo sapiens,29832,4.3.4/1.37.1/v0.1.12/0.3.19/0.6.6
7,MZ132422.1,B.1.526,2021-04-17,complete,Homo sapiens,29799,4.3.4/1.37.1/v0.1.12/0.3.19/0.6.6
7,MZ281155.1,B.1.526,2021-05-07,complete,Homo sapiens,29892,4.3.4/1.37.1/v0.1.12/0.3.19/0.6.6
7,MZ316287.1,B.1.526,2021-05-08,complete,Homo sapiens,29821,4.3.4/1.37.1/v0.1.12/0.3.19/0.6.6
7,MZ638267.1,B.1.526,2021-02-28,complete,Homo sapiens,29735,4.3.4/1.37.1/v0.1.12/0.3.19/0.6.6
7,PP606406.1,B.1.526,2021-03-03,complete,Homo sapiens,29735,4.3.4/1.37.1/v0.1.12/0.3.19/0.6.6
7,MZ315582.1,B.1.526,2021-05-10,complete,Homo sapiens,29822,4.3.4/1.37.1/v0.1.12/0.3.19/0.6.6
7,MZ210775.1,B.1.526,2021-04-10,complete,Homo sapiens,29888,4.3.4/1.37.1/v0.1.12/0.3.19/0.6.6
7,MZ432072.1,B.1.526,2021-05-21,complete,Homo sapiens,29767,4.3.4/1.37.1/v0.1.12/0.3.19/0.6.6
7,MW984897.1,B.1.526,2021-01-19,complete,Homo sapiens,29704,4.3.4/1.37.1/v0.1.12/0.3.19/0.6.6
7,MZ448683.1,B.1.526,2021-04-19,complete,Homo sapiens,29721,4.3.4/1.37.1/v0.1.12/0.3.19/0.6.6
7,MZ371649.1,B.1.526,2021-05-23,complete,Homo sapiens,29736,4.3.4/1.37.1/v0.1.12/0.3.19/0.6.6
7,MZ237425.1,B.1.526,2021-04-28,complete,Homo sapiens,29796,4.3.4/1.37.1/v0.1.12/0.3.19/0.6.6
7,MZ639297.1,B.1.526,2021-03-25,complete,Homo sapiens,29768,4.3.4/1.37.1/v0.1.12/0.3.19/0.6.6
7,MZ257450.1,B.1.526,2021-03-22,complete,Homo sapiens,29824,4.3.4/1.37.1/v0.1.12/0.3.19/0.6.6
7,PP603635.1,B.1.526,2021-02-06,complete,Homo sapiens,29745,4.3.4/1.37.1/v0.1.12/0.3.19/0.6.6
7,OL848678.1,B.1.526,2021-03-22,complete,Homo sapiens,29878,4.3.4/1.37.1/v0.1.12/0.3.19/0.6.6
7,MZ254236.1,B.1.526,2021-05-05,complete,Homo sapiens,29704,4.3.4/1.37.1/v0.1.12/0.3.19/0.6.6
7,MW932598.1,B.1.526,2021-03-31,complete,Homo sapiens,29794,4.3.4/1.37.1/v0.1.12/0.3.19/0.6.6
7,MW968614.1,B.1.526,2021-03-25,complete,Homo sapiens,29869,4.3.4/1.37.1/v0.1.12/0.3.19/0.6.6
7,MZ086097.1,B.1.526,2021-04-16,complete,Homo sapiens,29867,4.3.4/1.37.1/v0.1.12/0.3.19/0.6.6
7,MZ639324.1,B.1.526,2021-03-24,complete,Homo sapiens,29736,4.3.4/1.37.1/v0.1.12/0.3.19/0.6.6
7,MZ640564.1,B.1.526,2021-04-12,complete,Homo sapiens,29736,4.3.4/1.37.1/v0.1.12/0.3.19/0.6.6
7,MZ637874.1,B.1.526,2021-02-15,complete,Homo sapiens,29736,4.3.4/1.37.1/v0.1.12/0.3.19/0.6.6
7,MZ415915.1,B.1.526,2021-05-13,complete,Homo sapiens,29821,4.3.4/1.37.1/v0.1.12/0.3.19/0.6.6
7,MZ640022.1,B.1.526,2021-04-06,complete,Homo sapiens,29769,4.3.4/1.37.1/v0.1.12/0.3.19/0.6.6
7,MZ718904.1,B.1.526,2021-03-20,complete,Homo sapiens,29859,4.3.4/1.37.1/v0.1.12/0.3.19/0.6.6
7,MZ133279.1,B.1.526,2021-04-17,complete,Homo sapiens,29819,4.3.4/1.37.1/v0.1.12/0.3.19/0.6.6
7,MZ210137.1,B.1.526,2021-04-08,complete,Homo sapiens,29891,4.3.4/1.37.1/v0.1.12/0.3.19/0.6.6
7,MZ029283.1,B.1.526,2021-04-02,complete,Homo sapiens,29853,4.3.4/1.37.1/v0.1.12/0.3.19/0.6.6
7,MZ638335.1,B.1.526,2021-03-02,complete,Homo sapiens,29734,4.3.4/1.37.1/v0.1.12/0.3.19/0.6.6
7,MZ201366.1,B.1.526,2021-04-25,complete,Homo sapiens,29822,4.3.4/1.37.1/v0.1.12/0.3.19/0.6.6
7,MZ161584.1,B.1.526,2021-04-21,complete,Homo sapiens,29772,4.3.4/1.37.1/v0.1.12/0.3.19/0.6.6
7,MZ257993.1,B.1.526,2021-03-24,complete,Homo sapiens,29830,4.3.4/1.37.1/v0.1.12/0.3.19/0.6.6
7,MZ268310.1,B.1.526,2021-05-07,complete,Homo sapiens,29754,4.3.4/1.37.1/v0.1.12/0.3.19/0.6.6
7,MW882017.1,B.1.526,2021-03-08,complete,Homo sapiens,29872,4.3.4/1.37.1/v0.1.12/0.3.19/0.6.6
7,OX572883.1,B.1.526,2021-03-15,complete,Homo sapiens,29867,4.3.4/1.37.1/v0.1.12/0.3.19/0.6.6
7,PP606890.1,B.1.526,2021-03-09,complete,Homo sapiens,29736,4.3.4/1.37.1/v0.1.12/0.3.19/0.6.6
8,OM433704.1,B.1.621,2021-07-08,complete,Homo sapiens,29885,4.3.4/1.37.1/v0.1.12/0.3.19/0.6.6
8,OY313236.1,B.1.621,2021-07-12,complete,Homo sapiens,29823,4.3.4/1.37.1/v0.1.12/0.3.19/0.6.6
8,OL533323.1,B.1.621,2021-07-24,complete,Homo sapiens,29902,4.3.4/1.37.1/v0.1.12/0.3.19/0.6.6
8,OQ564942.1,B.1.621,2021-05-05,complete,Homo sapiens,29781,4.3.4/1.37.1/v0.1.12/0.3.19/0.6.6
8,OK219484.1,B.1.621,2021-04-10,complete,Homo sapiens,29863,4.3.4/1.37.1/v0.1.12/0.3.19/0.6.6
8,OQ558972.1,B.1.621,2021-07-21,complete,Homo sapiens,29778,4.3.4/1.37.1/v0.1.12/0.3.19/0.6.6
8,OK211155.1,B.1.621,2021-05-17,complete,Homo sapiens,29809,4.3.4/1.37.1/v0.1.12/0.3.19/0.6.6
8,OK144074.1,B.1.621,2021-07-26,complete,Homo sapiens,29781,4.3.4/1.37.1/v0.1.12/0.3.19/0.6.6
8,OK252580.1,B.1.621,2021-06-13,complete,Homo sapiens,29781,4.3.4/1.37.1/v0.1.12/0.3.19/0.6.6
8,OK248405.1,B.1.621,2021-06-29,complete,Homo sapiens,29781,4.3.4/1.37.1/v0.1.12/0.3.19/0.6.6
8,MZ797535.1,B.1.621,2021-07-24,complete,Homo sapiens,29781,4.3.4/1.37.1/v0.1.12/0.3.19/0.6.6
8,OL523034.1,B.1.621,2021-06-28,complete,Homo sapiens,29870,4.3.4/1.37.1/v0.1.12/0.3.19/0.6.6
8,OK251268.1,B.1.621,2021-06-15,complete,Homo sapiens,29781,4.3.4/1.37.1/v0.1.12/0.3.19/0.6.6
8,OQ557933.1,B.1.621,2021-07-01,complete,Homo sapiens,29781,4.3.4/1.37.1/v0.1.12/0.3.19/0.6.6
8,OQ564730.1,B.1.621,2021-03-06,complete,Homo sapiens,29781,4.3.4/1.37.1/v0.1.12/0.3.19/0.6.6
8,OK064728.1,B.1.621,2021-07-11,complete,Homo sapiens,29835,4.3.4/1.37.1/v0.1.12/0.3.19/0.6.6
8,MZ810964.1,B.1.621,2021-07-24,complete,Homo sapiens,29781,4.3.4/1.37.1/v0.1.12/0.3.19/0.6.6
8,ON471412.1,B.1.621,2021-07-22,complete,Homo sapiens,29871,4.3.4/1.37.1/v0.1.12/0.3.19/0.6.6
8,OL522890.1,B.1.621,2021-06-27,complete,Homo sapiens,29902,4.3.4/1.37.1/v0.1.12/0.3.19/0.6.6
8,OK235084.1,B.1.621,2021-07-06,complete,Homo sapiens,29778,4.3.4/1.37.1/v0.1.12/0.3.19/0.6.6
8,OK189294.1,B.1.621,2021-07-02,complete,Homo sapiens,29536,4.3.4/1.37.1/v0.1.12/0.3.19/0.6.6
8,MZ875100.1,B.1.621,2021-07-28,complete,Homo sapiens,29796,4.3.4/1.37.1/v0.1.12/0.3.19/0.6.6
8,OX891548.1,B.1.621,2021-07-21,complete,Homo sapiens,29903,4.3.4/1.37.1/v0.1.12/0.3.19/0.6.6
8,OM433529.1,B.1.621,2021-07-07,complete,Homo sapiens,29871,4.3.4/1.37.1/v0.1.12/0.3.19/0.6.6
8,OQ691161.1,B.1.621,2021-04-28,complete,Homo sapiens,29536,4.3.4/1.37.1/v0.1.12/0.3.19/0.6.6
8,OU576755.1,B.1.621,2021-08-04,complete,Homo sapiens,29835,4.3.4/1.37.1/v0.1.12/0.3.19/0.6.6
8,OL648735.1,B.1.621,2021-08-03,complete,Homo sapiens,29494,4.3.4/1.37.1/v0.1.12/0.3.19/0.6.6
8,OK233655.1,B.1.621,2021-06-02,complete,Homo sapiens,29715,4.3.4/1.37.1/v0.1.12/0.3.19/0.6.6
8,OX746214.1,B.1.621,2021-06-26,complete,Homo sapiens,29903,4.3.4/1.37.1/v0.1.12/0.3.19/0.6.6
8,OK233004.1,B.1.621,2021-07-07,complete,Homo sapiens,29721,4.3.4/1.37.1/v0.1.12/0.3.19/0.6.6
8,OK193576.1,B.1.621,2021-05-03,complete,Homo sapiens,29829,4.3.4/1.37.1/v0.1.12/0.3.19/0.6.6
8,OL522359.1,B.1.621,2021-06-21,complete,Homo sapiens,29901,4.3.4/1.37.1/v0.1.12/0.3.19/0.6.6
8,MZ810983.1,B.1.621,2021-07-30,complete,Homo sapiens,29812,4.3.4/1.37.1/v0.1.12/0.3.19/0.6.6
8,OK248221.1,B.1.621,2021-06-15,complete,Homo sapiens,29781,4.3.4/1.37.1/v0.1.12/0.3.19/0.6.6
8,OK248547.1,B.1.621,2021-06-07,complete,Homo sapiens,29781,4.3.4/1.37.1/v0.1.12/0.3.19/0.6.6
8,MZ411658.1,B.1.621,2021-06-07,complete,Homo sapiens,29900,4.3.4/1.37.1/v0.1.12/0.3.19/0.6.6
8,OK250796.1,B.1.621,2021-06-13,complete,Homo sapiens,29781,4.3.4/1.37.1/v0.1.12/0.3.19/0.6.6
8,OL525999.1,B.1.621,2021-07-29,complete,Homo sapiens,29902,4.3.4/1.37.1/v0.1.12/0.3.19/0.6.6
8,OL526986.1,B.1.621,2021-07-23,complete,Homo sapiens,29867,4.3.4/1.37.1/v0.1.12/0.3.19/0.6.6
8,OK173949.1,B.1.621,2021-08-04,complete,Homo sapiens,29879,4.3.4/1.37.1/v0.1.12/0.3.19/0.6.6
8,OM898712.1,B.1.621,2021-05-19,complete,Homo sapiens,29536,4.3.4/1.37.1/v0.1.12/0.3.19/0.6.6
8,MZ967729.1,B.1.621,2021-08-03,complete,Homo sapiens,29540,4.3.4/1.37.1/v0.1.12/0.3.19/0.6.6
8,MZ743856.1,B.1.621,2021-07-18,complete,Homo sapiens,29455,4.3.4/1.37.1/v0.1.12/0.3.19/0.6.6
8,OK112506.1,B.1.621,2021-07-14,complete,Homo sapiens,29502,4.3.4/1.37.1/v0.1.12/0.3.19/0.6.6
8,OK251709.1,B.1.621,2021-06-17,complete,Homo sapiens,29774,4.3.4/1.37.1/v0.1.12/0.3.19/0.6.6
8,MZ727732.1,B.1.621,2021-06-28,complete,Homo sapiens,29781,4.3.4/1.37.1/v0.1.12/0.3.19/0.6.6
8,OK291665.1,B.1.621,2021-05-25,complete,Homo sapiens,29892,4.3.4/1.37.1/v0.1.12/0.3.19/0.6.6
8,OQ565031.1,B.1.621,2021-05-09,complete,Homo sapiens,29302,4.3.4/1.37.1/v0.1.12/0.3.19/0.6.6
8,OK252140.1,B.1.621,2021-04-18,complete,Homo sapiens,29781,4.3.4/1.37.1/v0.1.12/0.3.19/0.6.6
8,MZ727714.1,B.1.621,2021-06-30,complete,Homo sapiens,29812,4.3.4/1.37.1/v0.1.12/0.3.19/0.6.6
8,OK109576.1,B.1.621,2021-07-08,complete,Homo sapiens,29781,4.3.4/1.37.1/v0.1.12/0.3.19/0.6.6
8,OP403215.1,B.1.621,2021-05-21,complete,Homo sapiens,29617,4.3.4/1.37.1/v0.1.12/0.3.19/0.6.6
8,OK231594.1,B.1.621,2021-06-21,complete,Homo sapiens,29745,4.3.4/1.37.1/v0.1.12/0.3.19/0.6.6
8,MZ854582.1,B.1.621,2021-07-17,complete,Homo sapiens,29831,4.3.4/1.37.1/v0.1.12/0.3.19/0.6.6
8,MZ743820.1,B.1.621,2021-07-16,complete,Homo sapiens,29778,4.3.4/1.37.1/v0.1.12/0.3.19/0.6.6
8,OK215109.1,B.1.621,2021-05-01,complete,Homo sapiens,29812,4.3.4/1.37.1/v0.1.12/0.3.19/0.6.6
8,OR075019.1,B.1.621,2021-06-07,complete,Homo sapiens,29695,4.3.4/1.37.1/v0.1.12/0.3.19/0.6.6
8,OQ195476.1,B.1.621,2021-05-04,complete,Homo sapiens,29301,4.3.4/1.37.1/v0.1.12/0.3.19/0.6.6
8,OK250348.1,B.1.621,2021-07-01,complete,Homo sapiens,29781,4.3.4/1.37.1/v0.1.12/0.3.19/0.6.6
8,OQ691566.1,B.1.621,2021-07-01,complete,Homo sapiens,29536,4.3.4/1.37.1/v0.1.12/0.3.19/0.6.6
8,MZ743865.1,B.1.621,2021-07-16,complete,Homo sapiens,29429,4.3.4/1.37.1/v0.1.12/0.3.19/0.6.6
8,OK194349.1,B.1.621,2021-04-19,complete,Homo sapiens,29835,4.3.4/1.37.1/v0.1.12/0.3.19/0.6.6
8,MZ812996.1,B.1.621,2021-07-23,complete,Homo sapiens,29831,4.3.4/1.37.1/v0.1.12/0.3.19/0.6.6
8,OK029098.1,B.1.621,2021-07-29,complete,Homo sapiens,29835,4.3.4/1.37.1/v0.1.12/0.3.19/0.6.6
8,OZ067840.1,B.1.621,2021-11-19,complete,Homo sapiens,29626,4.3.4/1.37.1/v0.1.12/0.3.19/0.6.6
8,OM152040.1,B.1.621,2021-07-19,complete,Homo sapiens,29869,4.3.4/1.37.1/v0.1.12/0.3.19/0.6.6
8,MZ728028.1,B.1.621,2021-07-22,complete,Homo sapiens,29812,4.3.4/1.37.1/v0.1.12/0.3.19/0.6.6
8,MZ727997.1,B.1.621,2021-07-26,complete,Homo sapiens,29821,4.3.4/1.37.1/v0.1.12/0.3.19/0.6.6
8,OK230249.1,B.1.621,2021-06-04,complete,Homo sapiens,28927,4.3.4/1.37.1/v0.1.12/0.3.19/0.6.6
8,OK233234.1,B.1.621,2021-06-01,complete,Homo sapiens,29778,4.3.4/1.37.1/v0.1.12/0.3.19/0.6.6
8,PQ802008.1,B.1.621,2021-06-21,complete,Homo sapiens,29770,4.3.4/1.37.1/v0.1.12/0.3.19/0.6.6
8,OL469624.1,B.1.621,2021-06-07,complete,Homo sapiens,29835,4.3.4/1.37.1/v0.1.12/0.3.19/0.6.6
8,PP627623.1,B.1.621,2021-07-11,complete,Homo sapiens,29806,4.3.4/1.37.1/v0.1.12/0.3.19/0.6.6
8,MZ940171.1,B.1.621,2021-08-02,complete,Homo sapiens,29408,4.3.4/1.37.1/v0.1.12/0.3.19/0.6.6
8,OK231720.1,B.1.621,2021-05-22,complete,Homo sapiens,29713,4.3.4/1.37.1/v0.1.12/0.3.19/0.6.6
8,OK610108.1,B.1.621,2021-10-05,complete,Homo sapiens,29682,4.3.4/1.37.1/v0.1.12/0.3.19/0.6.6
8,OK189299.1,B.1.621,2021-06-03,complete,Homo sapiens,29536,4.3.4/1.37.1/v0.1.12/0.3.19/0.6.6
8,OP403223.1,B.1.621,2021-05-27,complete,Homo sapiens,29610,4.3.4/1.37.1/v0.1.12/0.3.19/0.6.6
8,OM898672.1,B.1.621,2021-06-30,complete,Homo sapiens,29536,4.3.4/1.37.1/v0.1.12/0.3.19/0.6.6
8,OK246522.1,B.1.621,2021-05-18,complete,Homo sapiens,29902,4.3.4/1.37.1/v0.1.12/0.3.19/0.6.6
8,OQ558953.1,B.1.621,2021-07-26,complete,Homo sapiens,29781,4.3.4/1.37.1/v0.1.12/0.3.19/0.6.6
8,OK550685.1,B.1.621,2021-07-27,complete,Homo sapiens,29816,4.3.4/1.37.1/v0.1.12/0.3.19/0.6.6
8,OK296210.1,B.1.621,2021-05-17,complete,Homo sapiens,29899,4.3.4/1.37.1/v0.1.12/0.3.19/0.6.6
8,OK297433.1,B.1.621,2021-06-13,complete,Homo sapiens,29824,4.3.4/1.37.1/v0.1.12/0.3.19/0.6.6
8,OK192101.1,B.1.621,2021-04-23,complete,Homo sapiens,29830,4.3.4/1.37.1/v0.1.12/0.3.19/0.6.6
8,MZ812729.1,B.1.621,2021-07-14,complete,Homo sapiens,29835,4.3.4/1.37.1/v0.1.12/0.3.19/0.6.6
8,PP043842.1,B.1.621,2021-07-30,complete,Homo sapiens,29887,4.3.4/1.37.1/v0.1.12/0.3.19/0.6.6
8,OQ564922.1,B.1.621,2021-05-08,complete,Homo sapiens,29295,4.3.4/1.37.1/v0.1.12/0.3.19/0.6.6
8,OQ557905.1,B.1.621,2021-07-09,complete,Homo sapiens,29781,4.3.4/1.37.1/v0.1.12/0.3.19/0.6.6
8,OK294934.1,B.1.621,2021-07-10,complete,Homo sapiens,29832,4.3.4/1.37.1/v0.1.12/0.3.19/0.6.6
8,OK066141.1,B.1.621,2021-08-20,complete,Homo sapiens,29899,4.3.4/1.37.1/v0.1.12/0.3.19/0.6.6
8,OK189406.1,B.1.621,2021-06-13,complete,Homo sapiens,29536,4.3.4/1.37.1/v0.1.12/0.3.19/0.6.6
8,OK301411.1,B.1.621,2021-09-07,complete,Homo sapiens,29532,4.3.4/1.37.1/v0.1.12/0.3.19/0.6.6
8,OK250305.1,B.1.621,2021-06-21,complete,Homo sapiens,29781,4.3.4/1.37.1/v0.1.12/0.3.19/0.6.6
8,OQ557519.1,B.1.621,2021-06-08,complete,Homo sapiens,29781,4.3.4/1.37.1/v0.1.12/0.3.19/0.6.6
8,OL345032.1,B.1.621,2021-05-20,complete,Homo sapiens,29796,4.3.4/1.37.1/v0.1.12/0.3.19/0.6.6
8,OK234977.1,B.1.621,2021-07-07,complete,Homo sapiens,29778,4.3.4/1.37.1/v0.1.12/0.3.19/0.6.6
8,OQ691096.1,B.1.621,2021-05-13,complete,Homo sapiens,29540,4.3.4/1.37.1/v0.1.12/0.3.19/0.6.6
8,OR312373.1,B.1.621,2021-04-21,complete,Homo sapiens,29801,4.3.4/1.37.1/v0.1.12/0.3.19/0.6.6
8,OK212219.1,B.1.621,2021-06-11,complete,Homo sapiens,29805,4.3.4/1.37.1/v0.1.12/0.3.19/0.6.6
8,OL345172.1,B.1.621,2021-06-28,complete,Homo sapiens,29833,4.3.4/1.37.1/v0.1.12/0.3.19/0.6.6
8,OK421514.1,B.1.621,2021-08-03,complete,Homo sapiens,29869,4.3.4/1.37.1/v0.1.12/0.3.19/0.6.6
8,MZ727670.1,B.1.621,2021-07-01,complete,Homo sapiens,29812,4.3.4/1.37.1/v0.1.12/0.3.19/0.6.6
8,MZ939697.1,B.1.621,2021-07-22,complete,Homo sapiens,29746,4.3.4/1.37.1/v0.1.12/0.3.19/0.6.6
8,OK212326.1,B.1.621,2021-06-28,complete,Homo sapiens,29809,4.3.4/1.37.1/v0.1.12/0.3.19/0.6.6
8,OU460376.1,B.1.621,2021-07-16,complete,Homo sapiens,29902,4.3.4/1.37.1/v0.1.12/0.3.19/0.6.6
8,OQ564896.1,B.1.621,2021-05-10,complete,Homo sapiens,29770,4.3.4/1.37.1/v0.1.12/0.3.19/0.6.6
8,OK189443.1,B.1.621,2021-07-08,complete,Homo sapiens,29536,4.3.4/1.37.1/v0.1.12/0.3.19/0.6.6
8,OK232938.1,B.1.621,2021-07-10,complete,Homo sapiens,29229,4.3.4/1.37.1/v0.1.12/0.3.19/0.6.6
8,OK211271.1,B.1.621,2021-04-15,complete,Homo sapiens,29814,4.3.4/1.37.1/v0.1.12/0.3.19/0.6.6
8,OK293283.1,B.1.621,2021-06-17,complete,Homo sapiens,29750,4.3.4/1.37.1/v0.1.12/0.3.19/0.6.6
8,OK214404.1,B.1.621,2021-07-15,complete,Homo sapiens,29812,4.3.4/1.37.1/v0.1.12/0.3.19/0.6.6
8,OK249607.1,B.1.621,2021-06-30,complete,Homo sapiens,29781,4.3.4/1.37.1/v0.1.12/0.3.19/0.6.6
8,OK023055.1,B.1.621,2021-07-28,complete,Homo sapiens,29830,4.3.4/1.37.1/v0.1.12/0.3.19/0.6.6
8,OK246854.1,B.1.621,2021-05-24,complete,Homo sapiens,29902,4.3.4/1.37.1/v0.1.12/0.3.19/0.6.6
8,OL522613.1,B.1.621,2021-06-22,complete,Homo sapiens,29902,4.3.4/1.37.1/v0.1.12/0.3.19/0.6.6
8,OK233863.1,B.1.621,2021-06-11,complete,Homo sapiens,28808,4.3.4/1.37.1/v0.1.12/0.3.19/0.6.6
8,OK172740.1,B.1.621,2021-07-14,complete,Homo sapiens,29806,4.3.4/1.37.1/v0.1.12/0.3.19/0.6.6
8,OK542343.1,B.1.621,2021-07-23,complete,Homo sapiens,29536,4.3.4/1.37.1/v0.1.12/0.3.19/0.6.6
8,OL469702.1,B.1.621,2021-06-22,complete,Homo sapiens,29852,4.3.4/1.37.1/v0.1.12/0.3.19/0.6.6
8,OQ691240.1,B.1.621,2021-06-15,complete,Homo sapiens,29536,4.3.4/1.37.1/v0.1.12/0.3.19/0.6.6
8,OL847830.1,B.1.621,2021-07-08,complete,Homo sapiens,29872,4.3.4/1.37.1/v0.1.12/0.3.19/0.6.6
8,OL522914.1,B.1.621,2021-06-27,complete,Homo sapiens,29873,4.3.4/1.37.1/v0.1.12/0.3.19/0.6.6
8,MZ744119.1,B.1.621,2021-07-19,complete,Homo sapiens,29839,4.3.4/1.37.1/v0.1.12/0.3.19/0.6.6
8,OK293996.1,B.1.621,2021-06-30,complete,Homo sapiens,29831,4.3.4/1.37.1/v0.1.12/0.3.19/0.6.6
8,OQ558965.1,B.1.621,2021-07-05,complete,Homo sapiens,29781,4.3.4/1.37.1/v0.1.12/0.3.19/0.6.6
8,OK250700.1,B.1.621,2021-06-28,complete,Homo sapiens,29781,4.3.4/1.37.1/v0.1.12/0.3.19/0.6.6
8,OK233709.1,B.1.621,2021-06-26,complete,Homo sapiens,29778,4.3.4/1.37.1/v0.1.12/0.3.19/0.6.6
8,OK251471.1,B.1.621,2021-06-23,complete,Homo sapiens,29781,4.3.4/1.37.1/v0.1.12/0.3.19/0.6.6
8,OL319237.1,B.1.621,2021-07-30,complete,Homo sapiens,29781,4.3.4/1.37.1/v0.1.12/0.3.19/0.6.6
8,MZ865790.1,B.1.621,2021-07-29,complete,Homo sapiens,29682,4.3.4/1.37.1/v0.1.12/0.3.19/0.6.6
8,MZ742620.1,B.1.621,2021-07-13,complete,Homo sapiens,29828,4.3.4/1.37.1/v0.1.12/0.3.19/0.6.6
8,OK217914.1,B.1.621,2021-05-05,complete,Homo sapiens,29810,4.3.4/1.37.1/v0.1.12/0.3.19/0.6.6
8,OK292858.1,B.1.621,2021-07-05,complete,Homo sapiens,29817,4.3.4/1.37.1/v0.1.12/0.3.19/0.6.6
8,PP603164.1,B.1.621,2021-05-20,complete,Homo sapiens,29781,4.3.4/1.37.1/v0.1.12/0.3.19/0.6.6
8,OK212463.1,B.1.621,2021-04-25,complete,Homo sapiens,29821,4.3.4/1.37.1/v0.1.12/0.3.19/0.6.6
8,OK295900.1,B.1.621,2021-06-07,complete,Homo sapiens,29835,4.3.4/1.37.1/v0.1.12/0.3.19/0.6.6
8,OQ565027.1,B.1.621,2021-05-11,complete,Homo sapiens,29781,4.3.4/1.37.1/v0.1.12/0.3.19/0.6.6
8,OM151702.1,B.1.621,2021-07-15,complete,Homo sapiens,29871,4.3.4/1.37.1/v0.1.12/0.3.19/0.6.6
8,MZ743716.1,B.1.621,2021-07-18,complete,Homo sapiens,29779,4.3.4/1.37.1/v0.1.12/0.3.19/0.6.6
8,OK252282.1,B.1.621,2021-06-18,complete,Homo sapiens,29781,4.3.4/1.37.1/v0.1.12/0.3.19/0.6.6
8,OK248130.1,B.1.621,2021-06-30,complete,Homo sapiens,29781,4.3.4/1.37.1/v0.1.12/0.3.19/0.6.6
8,MZ717797.1,B.1.621,2021-06-30,complete,Homo sapiens,29669,4.3.4/1.37.1/v0.1.12/0.3.19/0.6.6
8,OM898484.1,B.1.621,2021-05-28,complete,Homo sapiens,29536,4.3.4/1.37.1/v0.1.12/0.3.19/0.6.6
8,OK660432.1,B.1.621,2021-10-10,complete,Homo sapiens,29902,4.3.4/1.37.1/v0.1.12/0.3.19/0.6.6
8,OK165421.1,B.1.621,2021-08-26,complete,Homo sapiens,29693,4.3.4/1.37.1/v0.1.12/0.3.19/0.6.6
8,OK249638.1,B.1.621,2021-06-15,complete,Homo sapiens,29781,4.3.4/1.37.1/v0.1.12/0.3.19/0.6.6
8,OK246769.1,B.1.621,2021-05-19,complete,Homo sapiens,29902,4.3.4/1.37.1/v0.1.12/0.3.19/0.6.6
8,MZ804317.1,B.1.621,2021-07-28,complete,Homo sapiens,29796,4.3.4/1.37.1/v0.1.12/0.3.19/0.6.6
8,OK252405.1,B.1.621,2021-06-16,complete,Homo sapiens,29781,4.3.4/1.37.1/v0.1.12/0.3.19/0.6.6
8,OK110218.1,B.1.621,2021-07-12,complete,Homo sapiens,29777,4.3.4/1.37.1/v0.1.12/0.3.19/0.6.6
8,OL458824.1,B.1.621,2021-10-06,complete,Homo sapiens,29814,4.3.4/1.37.1/v0.1.12/0.3.19/0.6.6
8,OY011898.1,B.1.621,2021-07-26,complete,Homo sapiens,29832,4.3.4/1.37.1/v0.1.12/0.3.19/0.6.6
8,OX559675.1,B.1.621,2021-06-30,complete,Homo sapiens,29902,4.3.4/1.37.1/v0.1.12/0.3.19/0.6.6
8,OL539081.1,B.1.621,2021-04-08,complete,Homo sapiens,29834,4.3.4/1.37.1/v0.1.12/0.3.19/0.6.6
8,OL417321.1,B.1.621,2021-07-24,complete,Homo sapiens,29710,4.3.4/1.37.1/v0.1.12/0.3.19/0.6.6
8,OK250590.1,B.1.621,2021-06-19,complete,Homo sapiens,29781,4.3.4/1.37.1/v0.1.12/0.3.19/0.6.6
8,OL531676.1,B.1.621,2021-07-22,complete,Homo sapiens,29822,4.3.4/1.37.1/v0.1.12/0.3.19/0.6.6
8,OZ067156.1,B.1.621,2021-11-12,complete,Homo sapiens,29718,4.3.4/1.37.1/v0.1.12/0.3.19/0.6.6
8,OK023646.1,B.1.621,2021-07-28,complete,Homo sapiens,29828,4.3.4/1.37.1/v0.1.12/0.3.19/0.6.6
8,OK295730.1,B.1.621,2021-07-07,complete,Homo sapiens,29835,4.3.4/1.37.1/v0.1.12/0.3.19/0.6.6
8,OK250652.1,B.1.621,2021-06-01,complete,Homo sapiens,29781,4.3.4/1.37.1/v0.1.12/0.3.19/0.6.6
8,OK013758.1,B.1.621,2021-08-02,complete,Homo sapiens,29835,4.3.4/1.37.1/v0.1.12/0.3.19/0.6.6
8,PP038987.1,B.1.621,2021-07-08,complete,Homo sapiens,29597,4.3.4/1.37.1/v0.1.12/0.3.19/0.6.6
8,OK232337.1,B.1.621,2021-06-03,complete,Homo sapiens,29731,4.3.4/1.37.1/v0.1.12/0.3.19/0.6.6
8,OL416404.1,B.1.621,2021-06-26,complete,Homo sapiens,29818,4.3.4/1.37.1/v0.1.12/0.3.19/0.6.6
8,OK218797.1,B.1.621,2021-04-26,complete,Homo sapiens,29819,4.3.4/1.37.1/v0.1.12/0.3.19/0.6.6
8,OK294993.1,B.1.621,2021-07-07,complete,Homo sapiens,29831,4.3.4/1.37.1/v0.1.12/0.3.19/0.6.6
8,OZ065180.1,B.1.621,2021-08-02,complete,Homo sapiens,29796,4.3.4/1.37.1/v0.1.12/0.3.19/0.6.6
8,OQ691250.1,B.1.621,2021-05-15,complete,Homo sapiens,29536,4.3.4/1.37.1/v0.1.12/0.3.19/0.6.6
8,OK291858.1,B.1.621,2021-05-13,complete,Homo sapiens,29891,4.3.4/1.37.1/v0.1.12/0.3.19/0.6.6
8,OK311493.1,B.1.621,2021-07-28,complete,Homo sapiens,29848,4.3.4/1.37.1/v0.1.12/0.3.19/0.6.6
8,OK292672.1,B.1.621,2021-06-24,complete,Homo sapiens,29835,4.3.4/1.37.1/v0.1.12/0.3.19/0.6.6
8,OK014160.1,B.1.621,2021-08-01,complete,Homo sapiens,29835,4.3.4/1.37.1/v0.1.12/0.3.19/0.6.6
8,OK291621.1,B.1.621,2021-06-15,complete,Homo sapiens,29835,4.3.4/1.37.1/v0.1.12/0.3.19/0.6.6
8,OK221183.1,B.1.621,2021-06-05,complete,Homo sapiens,29813,4.3.4/1.37.1/v0.1.12/0.3.19/0.6.6
8,OK233049.1,B.1.621,2021-06-21,complete,Homo sapiens,29474,4.3.4/1.37.1/v0.1.12/0.3.19/0.6.6
8,OK016239.1,B.1.621,2021-08-02,complete,Homo sapiens,29835,4.3.4/1.37.1/v0.1.12/0.3.19/0.6.6
8,MZ941782.1,B.1.621,2021-08-05,complete,Homo sapiens,29565,4.3.4/1.37.1/v0.1.12/0.3.19/0.6.6
8,MZ729125.1,B.1.621,2021-07-09,complete,Homo sapiens,29821,4.3.4/1.37.1/v0.1.12/0.3.19/0.6.6
8,OU572058.1,B.1.621,2021-07-22,complete,Homo sapiens,29903,4.3.4/1.37.1/v0.1.12/0.3.19/0.6.6
8,OQ565033.1,B.1.621,2021-04-15,complete,Homo sapiens,29781,4.3.4/1.37.1/v0.1.12/0.3.19/0.6.6
8,OK240150.1,B.1.621,2021-06-18,complete,Homo sapiens,29796,4.3.4/1.37.1/v0.1.12/0.3.19/0.6.6
8,OL469636.1,B.1.621,2021-07-02,complete,Homo sapiens,29835,4.3.4/1.37.1/v0.1.12/0.3.19/0.6.6
8,OK251683.1,B.1.621,2021-07-05,complete,Homo sapiens,29781,4.3.4/1.37.1/v0.1.12/0.3.19/0.6.6
8,MZ999258.1,B.1.621,2021-08-09,complete,Homo sapiens,29812,4.3.4/1.37.1/v0.1.12/0.3.19/0.6.6
8,OX877102.1,B.1.621,2021-07-16,complete,Homo sapiens,29903,4.3.4/1.37.1/v0.1.12/0.3.19/0.6.6
8,OK294780.1,B.1.621,2021-05-18,complete,Homo sapiens,29869,4.3.4/1.37.1/v0.1.12/0.3.19/0.6.6
8,OM152735.1,B.1.621,2021-07-17,complete,Homo sapiens,29848,4.3.4/1.37.1/v0.1.12/0.3.19/0.6.6
8,OL538925.1,B.1.621,2021-06-21,complete,Homo sapiens,29781,4.3.4/1.37.1/v0.1.12/0.3.19/0.6.6
8,MZ727881.1,B.1.621,2021-06-26,complete,Homo sapiens,29781,4.3.4/1.37.1/v0.1.12/0.3.19/0.6.6
8,OK249239.1,B.1.621,2021-04-12,complete,Homo sapiens,29781,4.3.4/1.37.1/v0.1.12/0.3.19/0.6.6
8,MZ743688.1,B.1.621,2021-07-12,complete,Homo sapiens,29745,4.3.4/1.37.1/v0.1.12/0.3.19/0.6.6
8,OK082003.1,B.1.621,2021-08-18,complete,Homo sapiens,29774,4.3.4/1.37.1/v0.1.12/0.3.19/0.6.6
8,OK064959.1,B.1.621,2021-07-23,complete,Homo sapiens,29835,4.3.4/1.37.1/v0.1.12/0.3.19/0.6.6
8,OK250366.1,B.1.621,2021-06-11,complete,Homo sapiens,29781,4.3.4/1.37.1/v0.1.12/0.3.19/0.6.6
8,OK294366.1,B.1.621,2021-07-23,complete,Homo sapiens,29837,4.3.4/1.37.1/v0.1.12/0.3.19/0.6.6
8,OL538765.1,B.1.621,2021-04-29,complete,Homo sapiens,29824,4.3.4/1.37.1/v0.1.12/0.3.19/0.6.6
8,OK644774.1,B.1.621,2021-09-29,complete,Homo sapiens,29812,4.3.4/1.37.1/v0.1.12/0.3.19/0.6.6
8,OK010195.1,B.1.621,2021-08-05,complete,Homo sapiens,29831,4.3.4/1.37.1/v0.1.12/0.3.19/0.6.6
8,OK501674.1,B.1.621,2021-07-15,complete,Homo sapiens,29902,4.3.4/1.37.1/v0.1.12/0.3.19/0.6.6
8,OL469692.1,B.1.621,2021-06-01,complete,Homo sapiens,29835,4.3.4/1.37.1/v0.1.12/0.3.19/0.6.6
8,OK013906.1,B.1.621,2021-08-01,complete,Homo sapiens,29835,4.3.4/1.37.1/v0.1.12/0.3.19/0.6.6
8,OK339062.1,B.1.621,2021-07-22,complete,Homo sapiens,29781,4.3.4/1.37.1/v0.1.12/0.3.19/0.6.6
8,OK025478.1,B.1.621,2021-07-28,complete,Homo sapiens,29835,4.3.4/1.37.1/v0.1.12/0.3.19/0.6.6
8,OK251050.1,B.1.621,2021-04-29,complete,Homo sapiens,29781,4.3.4/1.37.1/v0.1.12/0.3.19/0.6.6
8,MZ898646.1,B.1.621,2021-08-13,complete,Homo sapiens,29803,4.3.4/1.37.1/v0.1.12/0.3.19/0.6.6
8,OQ557856.1,B.1.621,2021-05-19,complete,Homo sapiens,29781,4.3.4/1.37.1/v0.1.12/0.3.19/0.6.6
8,OM898776.1,B.1.621,2021-06-19,complete,Homo sapiens,29540,4.3.4/1.37.1/v0.1.12/0.3.19/0.6.6
8,OK189262.1,B.1.621,2021-07-09,complete,Homo sapiens,29536,4.3.4/1.37.1/v0.1.12/0.3.19/0.6.6
8,OK232168.1,B.1.621,2021-04-30,complete,Homo sapiens,29709,4.3.4/1.37.1/v0.1.12/0.3.19/0.6.6
8,OK234975.1,B.1.621,2021-05-31,complete,Homo sapiens,29683,4.3.4/1.37.1/v0.1.12/0.3.19/0.6.6
8,MZ729107.1,B.1.621,2021-07-06,complete,Homo sapiens,29812,4.3.4/1.37.1/v0.1.12/0.3.19/0.6.6
8,OQ557530.1,B.1.621,2021-04-21,complete,Homo sapiens,29781,4.3.4/1.37.1/v0.1.12/0.3.19/0.6.6
8,OK175281.1,B.1.621,2021-07-26,complete,Homo sapiens,29796,4.3.4/1.37.1/v0.1.12/0.3.19/0.6.6
8,OP613952.1,B.1.621,2021-09-16,complete,Homo sapiens,29713,4.3.4/1.37.1/v0.1.12/0.3.19/0.6.6
8,OK234880.1,B.1.621,2021-06-01,complete,Homo sapiens,29778,4.3.4/1.37.1/v0.1.12/0.3.19/0.6.6
8,OK313413.1,B.1.621,2021-07-29,complete,Homo sapiens,29849,4.3.4/1.37.1/v0.1.12/0.3.19/0.6.6
8,OK251009.1,B.1.621,2021-06-22,complete,Homo sapiens,29772,4.3.4/1.37.1/v0.1.12/0.3.19/0.6.6
8,MZ727698.1,B.1.621,2021-07-05,complete,Homo sapiens,29704,4.3.4/1.37.1/v0.1.12/0.3.19/0.6.6
8,OK246353.1,B.1.621,2021-04-26,complete,Homo sapiens,29902,4.3.4/1.37.1/v0.1.12/0.3.19/0.6.6
8,OK294941.1,B.1.621,2021-05-23,complete,Homo sapiens,29876,4.3.4/1.37.1/v0.1.12/0.3.19/0.6.6
8,OK292498.1,B.1.621,2021-07-20,complete,Homo sapiens,29835,4.3.4/1.37.1/v0.1.12/0.3.19/0.6.6
8,OK211916.1,B.1.621,2021-04-28,complete,Homo sapiens,29821,4.3.4/1.37.1/v0.1.12/0.3.19/0.6.6
8,OL516193.1,B.1.621,2021-09-08,complete,Homo sapiens,29333,4.3.4/1.37.1/v0.1.12/0.3.19/0.6.6
8,OL345074.1,B.1.621,2021-06-10,complete,Homo sapiens,29833,4.3.4/1.37.1/v0.1.12/0.3.19/0.6.6
8,OK211130.1,B.1.621,2021-07-16,complete,Homo sapiens,29812,4.3.4/1.37.1/v0.1.12/0.3.19/0.6.6
8,OQ691080.1,B.1.621,2021-05-06,complete,Homo sapiens,29536,4.3.4/1.37.1/v0.1.12/0.3.19/0.6.6
8,OK064627.1,B.1.621,2021-07-20,complete,Homo sapiens,29835,4.3.4/1.37.1/v0.1.12/0.3.19/0.6.6
8,OK191533.1,B.1.621,2021-05-07,complete,Homo sapiens,29824,4.3.4/1.37.1/v0.1.12/0.3.19/0.6.6
8,OK006997.1,B.1.621,2021-08-07,complete,Homo sapiens,29828,4.3.4/1.37.1/v0.1.12/0.3.19/0.6.6
8,MZ763419.1,B.1.621,2021-08-03,complete,Homo sapiens,29812,4.3.4/1.37.1/v0.1.12/0.3.19/0.6.6
8,OL417265.1,B.1.621,2021-07-09,complete,Homo sapiens,29811,4.3.4/1.37.1/v0.1.12/0.3.19/0.6.6
8,PQ975383.1,B.1.621,2021-07-07,complete,Homo sapiens,29803,4.3.4/1.37.1/v0.1.12/0.3.19/0.6.6
8,OQ691490.1,B.1.621,2021-06-21,complete,Homo sapiens,29536,4.3.4/1.37.1/v0.1.12/0.3.19/0.6.6
8,OQ565011.1,B.1.621,2021-05-02,complete,Homo sapiens,29783,4.3.4/1.37.1/v0.1.12/0.3.19/0.6.6
8,MZ733554.1,B.1.621,2021-07,complete,Homo sapiens,29788,4.3.4/1.37.1/v0.1.12/0.3.19/0.6.6
8,OK234648.1,B.1.621,2021-07-06,complete,Homo sapiens,29698,4.3.4/1.37.1/v0.1.12/0.3.19/0.6.6
8,OK232815.1,B.1.621,2021-05-27,complete,Homo sapiens,29408,4.3.4/1.37.1/v0.1.12/0.3.19/0.6.6
8,OK146944.1,B.1.621,2021-08-25,complete,Homo sapiens,29793,4.3.4/1.37.1/v0.1.12/0.3.19/0.6.6
8,OX699767.1,B.1.621,2021-08-11,complete,Homo sapiens,29903,4.3.4/1.37.1/v0.1.12/0.3.19/0.6.6
8,OL417245.1,B.1.621,2021-07-08,complete,Homo sapiens,29809,4.3.4/1.37.1/v0.1.12/0.3.19/0.6.6
8,OK212919.1,B.1.621,2021-06-02,complete,Homo sapiens,29809,4.3.4/1.37.1/v0.1.12/0.3.19/0.6.6
8,MZ742791.1,B.1.621,2021-07-18,complete,Homo sapiens,29832,4.3.4/1.37.1/v0.1.12/0.3.19/0.6.6
8,MZ865085.1,B.1.621,2021-07-15,complete,Homo sapiens,29288,4.3.4/1.37.1/v0.1.12/0.3.19/0.6.6
8,OK230645.1,B.1.621,2021-06-01,complete,Homo sapiens,29745,4.3.4/1.37.1/v0.1.12/0.3.19/0.6.6
8,OK233571.1,B.1.621,2021-07-11,complete,Homo sapiens,29684,4.3.4/1.37.1/v0.1.12/0.3.19/0.6.6
8,OK251745.1,B.1.621,2021-05-30,complete,Homo sapiens,29781,4.3.4/1.37.1/v0.1.12/0.3.19/0.6.6
8,OK189293.1,B.1.621,2021-07-08,complete,Homo sapiens,29536,4.3.4/1.37.1/v0.1.12/0.3.19/0.6.6
8,OK291472.1,B.1.621,2021-07-10,complete,Homo sapiens,29832,4.3.4/1.37.1/v0.1.12/0.3.19/0.6.6
8,OK549755.1,B.1.621,2021-07-15,complete,Homo sapiens,29597,4.3.4/1.37.1/v0.1.12/0.3.19/0.6.6
8,PP627745.1,B.1.621,2021-07-26,complete,Homo sapiens,29614,4.3.4/1.37.1/v0.1.12/0.3.19/0.6.6
8,OL847877.1,B.1.621,2021-07-08,complete,Homo sapiens,29845,4.3.4/1.37.1/v0.1.12/0.3.19/0.6.6
8,PP615201.1,B.1.621,2021-06-11,complete,Homo sapiens,29729,4.3.4/1.37.1/v0.1.12/0.3.19/0.6.6
8,OM898175.1,B.1.621,2021-03-18,complete,Homo sapiens,29524,4.3.4/1.37.1/v0.1.12/0.3.19/0.6.6
8,OK112380.1,B.1.621,2021-07-20,complete,Homo sapiens,29779,4.3.4/1.37.1/v0.1.12/0.3.19/0.6.6
8,OK297617.1,B.1.621,2021-04-27,complete,Homo sapiens,29898,4.3.4/1.37.1/v0.1.12/0.3.19/0.6.6
8,OK297386.1,B.1.621,2021-05-01,complete,Homo sapiens,29871,4.3.4/1.37.1/v0.1.12/0.3.19/0.6.6
8,OK111033.1,B.1.621,2021-07-24,complete,Homo sapiens,29536,4.3.4/1.37.1/v0.1.12/0.3.19/0.6.6
8,OM898026.1,B.1.621,2021-04-06,complete,Homo sapiens,29536,4.3.4/1.37.1/v0.1.12/0.3.19/0.6.6
8,OK297069.1,B.1.621,2021-05-14,complete,Homo sapiens,29897,4.3.4/1.37.1/v0.1.12/0.3.19/0.6.6
8,OK232071.1,B.1.621,2021-07-06,complete,Homo sapiens,29745,4.3.4/1.37.1/v0.1.12/0.3.19/0.6.6
8,OK112320.1,B.1.621,2021-07-21,complete,Homo sapiens,29682,4.3.4/1.37.1/v0.1.12/0.3.19/0.6.6
8,OL469649.1,B.1.621,2021-07-06,complete,Homo sapiens,29835,4.3.4/1.37.1/v0.1.12/0.3.19/0.6.6
8,OM898706.1,B.1.621,2021-06-13,complete,Homo sapiens,29536,4.3.4/1.37.1/v0.1.12/0.3.19/0.6.6
8,OK214712.1,B.1.621,2021-04-25,complete,Homo sapiens,29812,4.3.4/1.37.1/v0.1.12/0.3.19/0.6.6
8,OK246210.1,B.1.621,2021-04-19,complete,Homo sapiens,29902,4.3.4/1.37.1/v0.1.12/0.3.19/0.6.6
8,MZ834774.2,B.1.621,2021-07-07,complete,Homo sapiens,29798,4.3.4/1.37.1/v0.1.12/0.3.19/0.6.6
8,OM642420.1,B.1.621,2021-07-30,complete,Homo sapiens,29797,4.3.4/1.37.1/v0.1.12/0.3.19/0.6.6
8,MZ812953.1,B.1.621,2021-07-21,complete,Homo sapiens,29835,4.3.4/1.37.1/v0.1.12/0.3.19/0.6.6
8,OL531879.1,B.1.621,2021-07-02,complete,Homo sapiens,29865,4.3.4/1.37.1/v0.1.12/0.3.19/0.6.6
8,OK293477.1,B.1.621,2021-06-16,complete,Homo sapiens,29835,4.3.4/1.37.1/v0.1.12/0.3.19/0.6.6
8,OK136569.1,B.1.621,2021-07-12,complete,Homo sapiens,29848,4.3.4/1.37.1/v0.1.12/0.3.19/0.6.6
8,OL522263.1,B.1.621,2021-06-17,complete,Homo sapiens,29869,4.3.4/1.37.1/v0.1.12/0.3.19/0.6.6
8,OK109601.1,B.1.621,2021-07-11,complete,Homo sapiens,29781,4.3.4/1.37.1/v0.1.12/0.3.19/0.6.6
8,MZ768454.1,B.1.621,2021-06-23,complete,Homo sapiens,29699,4.3.4/1.37.1/v0.1.12/0.3.19/0.6.6
8,OK501931.1,B.1.621,2021-07-16,complete,Homo sapiens,29901,4.3.4/1.37.1/v0.1.12/0.3.19/0.6.6
8,OK112517.1,B.1.621,2021-07-16,complete,Homo sapiens,29644,4.3.4/1.37.1/v0.1.12/0.3.19/0.6.6
8,OK080963.1,B.1.621,2021-08-05,complete,Homo sapiens,29835,4.3.4/1.37.1/v0.1.12/0.3.19/0.6.6
8,OK390079.1,B.1.621,2021-09-07,complete,Homo sapiens,29820,4.3.4/1.37.1/v0.1.12/0.3.19/0.6.6
8,MZ952878.1,B.1.621,2021-08-05,complete,Homo sapiens,29825,4.3.4/1.37.1/v0.1.12/0.3.19/0.6.6
8,OQ691316.1,B.1.621,2021-06-16,complete,Homo sapiens,29536,4.3.4/1.37.1/v0.1.12/0.3.19/0.6.6
8,OU465251.1,B.1.621,2021-07-14,complete,Homo sapiens,29902,4.3.4/1.37.1/v0.1.12/0.3.19/0.6.6
8,OK032882.1,B.1.621,2021-07-30,complete,Homo sapiens,29813,4.3.4/1.37.1/v0.1.12/0.3.19/0.6.6
8,OK149703.1,B.1.621,2021-08-15,complete,Homo sapiens,29813,4.3.4/1.37.1/v0.1.12/0.3.19/0.6.6
8,MZ780718.1,B.1.621,2021-06-14,complete,Homo sapiens,29842,4.3.4/1.37.1/v0.1.12/0.3.19/0.6.6
8,OK212006.1,B.1.621,2021-06-03,complete,Homo sapiens,29812,4.3.4/1.37.1/v0.1.12/0.3.19/0.6.6
8,OK657933.1,B.1.621,2021-07-14,complete,Homo sapiens,29817,4.3.4/1.37.1/v0.1.12/0.3.19/0.6.6
8,MZ843011.1,B.1.621,2021-08-05,complete,Homo sapiens,29536,4.3.4/1.37.1/v0.1.12/0.3.19/0.6.6
8,MZ942068.1,B.1.621,2021-07-17,complete,Homo sapiens,29715,4.3.4/1.37.1/v0.1.12/0.3.19/0.6.6
8,OK550037.1,B.1.621,2021-07-27,complete,Homo sapiens,29597,4.3.4/1.37.1/v0.1.12/0.3.19/0.6.6
8,OK657872.1,B.1.621,2021-07-16,complete,Homo sapiens,29849,4.3.4/1.37.1/v0.1.12/0.3.19/0.6.6
8,OK234802.1,B.1.621,2021-06-24,complete,Homo sapiens,28808,4.3.4/1.37.1/v0.1.12/0.3.19/0.6.6
8,OK250289.1,B.1.621,2021-06-25,complete,Homo sapiens,29781,4.3.4/1.37.1/v0.1.12/0.3.19/0.6.6
8,OK293894.1,B.1.621,2021-05-19,complete,Homo sapiens,29865,4.3.4/1.37.1/v0.1.12/0.3.19/0.6.6
8,MZ742554.1,B.1.621,2021-07-14,complete,Homo sapiens,29835,4.3.4/1.37.1/v0.1.12/0.3.19/0.6.6
8,OL458629.1,B.1.621,2021-09-28,complete,Homo sapiens,29781,4.3.4/1.37.1/v0.1.12/0.3.19/0.6.6
8,OK250846.1,B.1.621,2021-07-07,complete,Homo sapiens,29781,4.3.4/1.37.1/v0.1.12/0.3.19/0.6.6
8,OX637025.1,B.1.621,2021-07-16,complete,Homo sapiens,29903,4.3.4/1.37.1/v0.1.12/0.3.19/0.6.6
8,OK182866.1,B.1.621,2021-08-20,complete,Homo sapiens,29810,4.3.4/1.37.1/v0.1.12/0.3.19/0.6.6
8,OK296374.1,B.1.621,2021-03-31,complete,Homo sapiens,29901,4.3.4/1.37.1/v0.1.12/0.3.19/0.6.6
8,MZ861589.1,B.1.621,2021-07-27,complete,Homo sapiens,29713,4.3.4/1.37.1/v0.1.12/0.3.19/0.6.6
8,MZ727757.1,B.1.621,2021-06-28,complete,Homo sapiens,29781,4.3.4/1.37.1/v0.1.12/0.3.19/0.6.6
8,OK411684.1,B.1.621,2021-08-27,complete,Homo sapiens,29820,4.3.4/1.37.1/v0.1.12/0.3.19/0.6.6
8,OQ558963.1,B.1.621,2021-07-28,complete,Homo sapiens,29781,4.3.4/1.37.1/v0.1.12/0.3.19/0.6.6
8,OK232275.1,B.1.621,2021-07-06,complete,Homo sapiens,29683,4.3.4/1.37.1/v0.1.12/0.3.19/0.6.6
8,OK112360.1,B.1.621,2021-07-21,complete,Homo sapiens,29474,4.3.4/1.37.1/v0.1.12/0.3.19/0.6.6
8,MZ742602.1,B.1.621,2021-07-13,complete,Homo sapiens,29832,4.3.4/1.37.1/v0.1.12/0.3.19/0.6.6
8,OL319291.1,B.1.621,2021-08-10,complete,Homo sapiens,29610,4.3.4/1.37.1/v0.1.12/0.3.19/0.6.6
8,OK109597.1,B.1.621,2021-07-11,complete,Homo sapiens,29781,4.3.4/1.37.1/v0.1.12/0.3.19/0.6.6
8,OK653895.1,B.1.621,2021-07-21,complete,Homo sapiens,29849,4.3.4/1.37.1/v0.1.12/0.3.19/0.6.6
8,OK193249.1,B.1.621,2021-04-30,complete,Homo sapiens,29824,4.3.4/1.37.1/v0.1.12/0.3.19/0.6.6
8,ON618542.1,B.1.621,2021-06-24,complete,Homo sapiens,29781,4.3.4/1.37.1/v0.1.12/0.3.19/0.6.6
8,OK293725.1,B.1.621,2021-07-05,complete,Homo sapiens,29837,4.3.4/1.37.1/v0.1.12/0.3.19/0.6.6
8,OL539162.1,B.1.621,2021-05-30,complete,Homo sapiens,29824,4.3.4/1.37.1/v0.1.12/0.3.19/0.6.6
8,OL532288.1,B.1.621,2021-07-06,complete,Homo sapiens,29902,4.3.4/1.37.1/v0.1.12/0.3.19/0.6.6
8,OK293472.1,B.1.621,2021-05-23,complete,Homo sapiens,29871,4.3.4/1.37.1/v0.1.12/0.3.19/0.6.6
8,OK233564.1,B.1.621,2021-06-30,complete,Homo sapiens,28998,4.3.4/1.37.1/v0.1.12/0.3.19/0.6.6
8,OQ564952.1,B.1.621,2021-05-12,complete,Homo sapiens,29781,4.3.4/1.37.1/v0.1.12/0.3.19/0.6.6
8,OK220335.1,B.1.621,2021-05-07,complete,Homo sapiens,29808,4.3.4/1.37.1/v0.1.12/0.3.19/0.6.6
8,OK160659.1,B.1.621,2021-07-21,complete,Homo sapiens,29778,4.3.4/1.37.1/v0.1.12/0.3.19/0.6.6
8,OK339550.1,B.1.621,2021-07-04,complete,Homo sapiens,29781,4.3.4/1.37.1/v0.1.12/0.3.19/0.6.6
8,OL522391.1,B.1.621,2021-06-19,complete,Homo sapiens,29900,4.3.4/1.37.1/v0.1.12/0.3.19/0.6.6
8,OK250601.1,B.1.621,2021-06-14,complete,Homo sapiens,29781,4.3.4/1.37.1/v0.1.12/0.3.19/0.6.6
8,OK251949.1,B.1.621,2021-06-11,complete,Homo sapiens,29781,4.3.4/1.37.1/v0.1.12/0.3.19/0.6.6
8,OK035646.1,B.1.621,2021-06-29,complete,Homo sapiens,29824,4.3.4/1.37.1/v0.1.12/0.3.19/0.6.6
8,OK297575.1,B.1.621,2021-05-26,complete,Homo sapiens,29896,4.3.4/1.37.1/v0.1.12/0.3.19/0.6.6
8,MZ727701.1,B.1.621,2021-07-10,complete,Homo sapiens,29848,4.3.4/1.37.1/v0.1.12/0.3.19/0.6.6
8,MZ834695.2,B.1.621,2021-07-06,complete,Homo sapiens,29805,4.3.4/1.37.1/v0.1.12/0.3.19/0.6.6
8,MZ894340.1,B.1.621,2021-08-13,complete,Homo sapiens,29824,4.3.4/1.37.1/v0.1.12/0.3.19/0.6.6
8,OK233143.1,B.1.621,2021-06-14,complete,Homo sapiens,29531,4.3.4/1.37.1/v0.1.12/0.3.19/0.6.6
8,OQ564667.1,B.1.621,2021-01-06,complete,Homo sapiens,29316,4.3.4/1.37.1/v0.1.12/0.3.19/0.6.6
8,MZ727736.1,B.1.621,2021-06-28,complete,Homo sapiens,29778,4.3.4/1.37.1/v0.1.12/0.3.19/0.6.6
8,OM898483.1,B.1.621,2021-05-21,complete,Homo sapiens,29536,4.3.4/1.37.1/v0.1.12/0.3.19/0.6.6
8,OK188081.1,B.1.621,2021-06-14,complete,Homo sapiens,29842,4.3.4/1.37.1/v0.1.12/0.3.19/0.6.6
8,OK112427.1,B.1.621,2021-07-22,complete,Homo sapiens,29627,4.3.4/1.37.1/v0.1.12/0.3.19/0.6.6
8,OK291694.1,B.1.621,2021-07-21,complete,Homo sapiens,29835,4.3.4/1.37.1/v0.1.12/0.3.19/0.6.6
8,OK241559.1,B.1.621,2021-05-07,complete,Homo sapiens,29796,4.3.4/1.37.1/v0.1.12/0.3.19/0.6.6
8,OK232799.1,B.1.621,2021-06-21,complete,Homo sapiens,29444,4.3.4/1.37.1/v0.1.12/0.3.19/0.6.6
8,OK189297.1,B.1.621,2021-07-06,complete,Homo sapiens,29536,4.3.4/1.37.1/v0.1.12/0.3.19/0.6.6
8,MZ742501.1,B.1.621,2021-07-13,complete,Homo sapiens,29835,4.3.4/1.37.1/v0.1.12/0.3.19/0.6.6
8,OK064879.1,B.1.621,2021-07-22,complete,Homo sapiens,29834,4.3.4/1.37.1/v0.1.12/0.3.19/0.6.6
8,MZ929829.1,B.1.621,2021-08-07,complete,Homo sapiens,29781,4.3.4/1.37.1/v0.1.12/0.3.19/0.6.6
8,OK221387.1,B.1.621,2021-05-22,complete,Homo sapiens,29812,4.3.4/1.37.1/v0.1.12/0.3.19/0.6.6
8,OK613350.1,B.1.621,2021-10-06,complete,Homo sapiens,29902,4.3.4/1.37.1/v0.1.12/0.3.19/0.6.6
8,OQ691293.1,B.1.621,2021-06-18,complete,Homo sapiens,29536,4.3.4/1.37.1/v0.1.12/0.3.19/0.6.6
8,OM274853.1,B.1.621,2021-11-16,complete,Homo sapiens,29322,4.3.4/1.37.1/v0.1.12/0.3.19/0.6.6
8,OK252858.1,B.1.621,2021-06-23,complete,Homo sapiens,29781,4.3.4/1.37.1/v0.1.12/0.3.19/0.6.6
8,OK250706.1,B.1.621,2021-06-20,complete,Homo sapiens,29772,4.3.4/1.37.1/v0.1.12/0.3.19/0.6.6
8,MZ223120.1,B.1.621,2021-05-06,complete,Homo sapiens,29816,4.3.4/1.37.1/v0.1.12/0.3.19/0.6.6
8,OK241023.1,B.1.621,2021-05-12,complete,Homo sapiens,29796,4.3.4/1.37.1/v0.1.12/0.3.19/0.6.6
8,OK016633.1,B.1.621,2021-08-02,complete,Homo sapiens,29830,4.3.4/1.37.1/v0.1.12/0.3.19/0.6.6
8,OK251341.1,B.1.621,2021-06-29,complete,Homo sapiens,29781,4.3.4/1.37.1/v0.1.12/0.3.19/0.6.6
8,OK549778.1,B.1.621,2021-07-14,complete,Homo sapiens,29597,4.3.4/1.37.1/v0.1.12/0.3.19/0.6.6
8,OQ691304.1,B.1.621,2021-06-24,complete,Homo sapiens,29536,4.3.4/1.37.1/v0.1.12/0.3.19/0.6.6
8,OK250829.1,B.1.621,2021-06-24,complete,Homo sapiens,29781,4.3.4/1.37.1/v0.1.12/0.3.19/0.6.6
8,OM898487.1,B.1.621,2021-04-30,complete,Homo sapiens,29533,4.3.4/1.37.1/v0.1.12/0.3.19/0.6.6
8,OM898505.1,B.1.621,2021-05-31,complete,Homo sapiens,29536,4.3.4/1.37.1/v0.1.12/0.3.19/0.6.6
8,OQ691320.1,B.1.621,2021-06-12,complete,Homo sapiens,29536,4.3.4/1.37.1/v0.1.12/0.3.19/0.6.6
8,OK211285.1,B.1.621,2021-06-21,complete,Homo sapiens,29812,4.3.4/1.37.1/v0.1.12/0.3.19/0.6.6
8,OL345120.1,B.1.621,2021-06-21,complete,Homo sapiens,29828,4.3.4/1.37.1/v0.1.12/0.3.19/0.6.6
8,MZ810984.1,B.1.621,2021-07-30,complete,Homo sapiens,29812,4.3.4/1.37.1/v0.1.12/0.3.19/0.6.6
8,OK231731.1,B.1.621,2021-06-30,complete,Homo sapiens,29715,4.3.4/1.37.1/v0.1.12/0.3.19/0.6.6
8,OR818051.1,B.1.621,2021-07-02,complete,Homo sapiens,29693,4.3.4/1.37.1/v0.1.12/0.3.19/0.6.6
8,OK230559.1,B.1.621,2021-06-15,complete,Homo sapiens,29715,4.3.4/1.37.1/v0.1.12/0.3.19/0.6.6
8,OL345023.1,B.1.621,2021-05-12,complete,Homo sapiens,29478,4.3.4/1.37.1/v0.1.12/0.3.19/0.6.6
8,MZ620192.1,B.1.621,2021-06-03,complete,Homo sapiens,29644,4.3.4/1.37.1/v0.1.12/0.3.19/0.6.6
8,OK332395.1,B.1.621,2021-09-05,complete,Homo sapiens,29818,4.3.4/1.37.1/v0.1.12/0.3.19/0.6.6
8,OM898681.1,B.1.621,2021-06-22,complete,Homo sapiens,29536,4.3.4/1.37.1/v0.1.12/0.3.19/0.6.6
8,OQ691117.1,B.1.621,2021-05-18,complete,Homo sapiens,29536,4.3.4/1.37.1/v0.1.12/0.3.19/0.6.6
8,OK241417.1,B.1.621,2021-07-07,complete,Homo sapiens,29796,4.3.4/1.37.1/v0.1.12/0.3.19/0.6.6
8,OK542238.1,B.1.621,2021-07-23,complete,Homo sapiens,29536,4.3.4/1.37.1/v0.1.12/0.3.19/0.6.6
8,OL312916.1,B.1.621,2021-06-24,complete,Homo sapiens,29694,4.3.4/1.37.1/v0.1.12/0.3.19/0.6.6
8,OQ691070.1,B.1.621,2021-04-27,complete,Homo sapiens,29536,4.3.4/1.37.1/v0.1.12/0.3.19/0.6.6
8,OK008184.1,B.1.621,2021-08-10,complete,Homo sapiens,29831,4.3.4/1.37.1/v0.1.12/0.3.19/0.6.6
8,MZ875162.1,B.1.621,2021-07-28,complete,Homo sapiens,29796,4.3.4/1.37.1/v0.1.12/0.3.19/0.6.6
8,OK246268.1,B.1.621,2021-04-26,complete,Homo sapiens,29902,4.3.4/1.37.1/v0.1.12/0.3.19/0.6.6
8,MZ863740.1,B.1.621,2021-07-28,complete,Homo sapiens,29780,4.3.4/1.37.1/v0.1.12/0.3.19/0.6.6
8,OQ564773.1,B.1.621,2021-04-13,complete,Homo sapiens,29781,4.3.4/1.37.1/v0.1.12/0.3.19/0.6.6
8,OK234342.1,B.1.621,2021-06-08,complete,Homo sapiens,29292,4.3.4/1.37.1/v0.1.12/0.3.19/0.6.6
8,OK211327.1,B.1.621,2021-07-21,complete,Homo sapiens,29809,4.3.4/1.37.1/v0.1.12/0.3.19/0.6.6
8,OK234501.1,B.1.621,2021-04-30,complete,Homo sapiens,29709,4.3.4/1.37.1/v0.1.12/0.3.19/0.6.6
8,OK383382.1,B.1.621,2021-08-17,complete,Homo sapiens,29778,4.3.4/1.37.1/v0.1.12/0.3.19/0.6.6
8,OK294335.1,B.1.621,2021-06-28,complete,Homo sapiens,29835,4.3.4/1.37.1/v0.1.12/0.3.19/0.6.6
8,OK331919.1,B.1.621,2021-07-31,complete,Homo sapiens,29848,4.3.4/1.37.1/v0.1.12/0.3.19/0.6.6
8,OU574184.1,B.1.621,2021-07-14,complete,Homo sapiens,29902,4.3.4/1.37.1/v0.1.12/0.3.19/0.6.6
8,OM898472.1,B.1.621,2021-05-24,complete,Homo sapiens,29536,4.3.4/1.37.1/v0.1.12/0.3.19/0.6.6
8,OK473598.1,B.1.621,2021-08-06,complete,Homo sapiens,29874,4.3.4/1.37.1/v0.1.12/0.3.19/0.6.6
8,OK192902.1,B.1.621,2021-05-09,complete,Homo sapiens,29828,4.3.4/1.37.1/v0.1.12/0.3.19/0.6.6
8,OK252128.1,B.1.621,2021-06-11,complete,Homo sapiens,29781,4.3.4/1.37.1/v0.1.12/0.3.19/0.6.6
8,MZ717865.1,B.1.621,2021-07-01,complete,Homo sapiens,29809,4.3.4/1.37.1/v0.1.12/0.3.19/0.6.6
8,OK250091.1,B.1.621,2021-07-10,complete,Homo sapiens,29781,4.3.4/1.37.1/v0.1.12/0.3.19/0.6.6
8,OM898174.1,B.1.621,2021-03-27,complete,Homo sapiens,29536,4.3.4/1.37.1/v0.1.12/0.3.19/0.6.6
8,OK231801.1,B.1.621,2021-06-30,complete,Homo sapiens,29668,4.3.4/1.37.1/v0.1.12/0.3.19/0.6.6
8,OK097508.1,B.1.621,2021-08-17,complete,Homo sapiens,29778,4.3.4/1.37.1/v0.1.12/0.3.19/0.6.6
8,OQ558946.1,B.1.621,2021-07-21,complete,Homo sapiens,29781,4.3.4/1.37.1/v0.1.12/0.3.19/0.6.6
8,OW617877.1,B.1.621,2021-07-12,complete,Homo sapiens,29902,4.3.4/1.37.1/v0.1.12/0.3.19/0.6.6
8,MZ538757.1,B.1.621,2021-06-06,complete,Homo sapiens,29790,4.3.4/1.37.1/v0.1.12/0.3.19/0.6.6
8,OK249440.1,B.1.621,2021-06-23,complete,Homo sapiens,29781,4.3.4/1.37.1/v0.1.12/0.3.19/0.6.6
8,OK293346.1,B.1.621,2021-07-02,complete,Homo sapiens,29835,4.3.4/1.37.1/v0.1.12/0.3.19/0.6.6
8,OK232273.1,B.1.621,2021-06-28,complete,Homo sapiens,29442,4.3.4/1.37.1/v0.1.12/0.3.19/0.6.6
8,OL580426.1,B.1.621,2021-04-07,complete,Homo sapiens,29770,4.3.4/1.37.1/v0.1.12/0.3.19/0.6.6
8,MZ882919.1,B.1.621,2021-08-04,complete,Homo sapiens,29827,4.3.4/1.37.1/v0.1.12/0.3.19/0.6.6
8,OL522566.1,B.1.621,2021-06-23,complete,Homo sapiens,29883,4.3.4/1.37.1/v0.1.12/0.3.19/0.6.6
8,OL523383.1,B.1.621,2021-07-31,complete,Homo sapiens,29822,4.3.4/1.37.1/v0.1.12/0.3.19/0.6.6
8,MZ742258.1,B.1.621,2021-07-15,complete,Homo sapiens,29835,4.3.4/1.37.1/v0.1.12/0.3.19/0.6.6
8,OK295990.1,B.1.621,2021-07-11,complete,Homo sapiens,29828,4.3.4/1.37.1/v0.1.12/0.3.19/0.6.6
8,MZ953247.1,B.1.621,2021-08-03,complete,Homo sapiens,29835,4.3.4/1.37.1/v0.1.12/0.3.19/0.6.6
8,OK012935.1,B.1.621,2021-08-02,complete,Homo sapiens,29835,4.3.4/1.37.1/v0.1.12/0.3.19/0.6.6
8,OR278293.1,B.1.621,2021-07,complete,Homo sapiens,29701,4.3.4/1.37.1/v0.1.12/0.3.19/0.6.6
8,OK234145.1,B.1.621,2021-05-10,complete,Homo sapiens,29700,4.3.4/1.37.1/v0.1.12/0.3.19/0.6.6
8,OQ558976.1,B.1.621,2021-07-21,complete,Homo sapiens,29781,4.3.4/1.37.1/v0.1.12/0.3.19/0.6.6
8,OK265722.1,B.1.621,2021-08-02,complete,Homo sapiens,29809,4.3.4/1.37.1/v0.1.12/0.3.19/0.6.6
8,OK349500.1,B.1.621,2021-09-21,complete,Homo sapiens,29861,4.3.4/1.37.1/v0.1.12/0.3.19/0.6.6
8,OQ557926.1,B.1.621,2021-07-03,complete,Homo sapiens,29610,4.3.4/1.37.1/v0.1.12/0.3.19/0.6.6
8,OK249230.1,B.1.621,2021-06-27,complete,Homo sapiens,29781,4.3.4/1.37.1/v0.1.12/0.3.19/0.6.6
8,MZ743671.1,B.1.621,2021-07-13,complete,Homo sapiens,28808,4.3.4/1.37.1/v0.1.12/0.3.19/0.6.6
8,MZ730682.1,B.1.621,2021-07-21,complete,Homo sapiens,29816,4.3.4/1.37.1/v0.1.12/0.3.19/0.6.6
8,MZ865117.1,B.1.621,2021-07-16,complete,Homo sapiens,29594,4.3.4/1.37.1/v0.1.12/0.3.19/0.6.6
8,OL522616.1,B.1.621,2021-06-22,complete,Homo sapiens,29896,4.3.4/1.37.1/v0.1.12/0.3.19/0.6.6
8,OK212028.1,B.1.621,2021-06-28,complete,Homo sapiens,29812,4.3.4/1.37.1/v0.1.12/0.3.19/0.6.6
8,OK371693.1,B.1.621,2021-09-14,complete,Homo sapiens,29781,4.3.4/1.37.1/v0.1.12/0.3.19/0.6.6
8,OQ691182.1,B.1.621,2021-05-18,complete,Homo sapiens,29536,4.3.4/1.37.1/v0.1.12/0.3.19/0.6.6
8,OK235236.1,B.1.621,2021-06-09,complete,Homo sapiens,29779,4.3.4/1.37.1/v0.1.12/0.3.19/0.6.6
8,OK064839.1,B.1.621,2021-07-22,complete,Homo sapiens,29830,4.3.4/1.37.1/v0.1.12/0.3.19/0.6.6
8,MZ811116.1,B.1.621,2021-07-20,complete,Homo sapiens,29796,4.3.4/1.37.1/v0.1.12/0.3.19/0.6.6
8,OQ557877.1,B.1.621,2021-04-23,complete,Homo sapiens,29775,4.3.4/1.37.1/v0.1.12/0.3.19/0.6.6
8,OK112585.1,B.1.621,2021-07-23,complete,Homo sapiens,29778,4.3.4/1.37.1/v0.1.12/0.3.19/0.6.6
8,OL417233.1,B.1.621,2021-06-30,complete,Homo sapiens,29741,4.3.4/1.37.1/v0.1.12/0.3.19/0.6.6
8,PP614032.1,B.1.621,2021-05-12,complete,Homo sapiens,29749,4.3.4/1.37.1/v0.1.12/0.3.19/0.6.6
8,OK608804.1,B.1.621,2021-10-02,complete,Homo sapiens,29779,4.3.4/1.37.1/v0.1.12/0.3.19/0.6.6
8,PP614470.1,B.1.621,2021-06-04,complete,Homo sapiens,29779,4.3.4/1.37.1/v0.1.12/0.3.19/0.6.6
8,OK162423.1,B.1.621,2021-09-07,complete,Homo sapiens,29805,4.3.4/1.37.1/v0.1.12/0.3.19/0.6.6
8,OL345199.1,B.1.621,2021-07-01,complete,Homo sapiens,29753,4.3.4/1.37.1/v0.1.12/0.3.19/0.6.6
8,OL469710.1,B.1.621,2021-06-16,complete,Homo sapiens,29835,4.3.4/1.37.1/v0.1.12/0.3.19/0.6.6
8,MZ069800.1,B.1.621,2021-04-08,complete,Homo sapiens,29714,4.3.4/1.37.1/v0.1.12/0.3.19/0.6.6
8,MZ798102.1,B.1.621,2021-07-24,complete,Homo sapiens,29776,4.3.4/1.37.1/v0.1.12/0.3.19/0.6.6
8,ON184973.1,B.1.621,2021-06-22,complete,Homo sapiens,29831,4.3.4/1.37.1/v0.1.12/0.3.19/0.6.6
8,MZ797369.1,B.1.621,2021-07-20,complete,Homo sapiens,29781,4.3.4/1.37.1/v0.1.12/0.3.19/0.6.6
8,OQ564748.1,B.1.621,2021-03-17,complete,Homo sapiens,29775,4.3.4/1.37.1/v0.1.12/0.3.19/0.6.6
8,OK112352.1,B.1.621,2021-07-20,complete,Homo sapiens,29807,4.3.4/1.37.1/v0.1.12/0.3.19/0.6.6
8,MZ728027.1,B.1.621,2021-07-22,complete,Homo sapiens,29812,4.3.4/1.37.1/v0.1.12/0.3.19/0.6.6
8,PP613665.1,B.1.621,2021-05-03,complete,Homo sapiens,29781,4.3.4/1.37.1/v0.1.12/0.3.19/0.6.6
8,OK267366.1,B.1.621,2021-07-15,complete,Homo sapiens,29769,4.3.4/1.37.1/v0.1.12/0.3.19/0.6.6
8,OL624403.1,B.1.621,2021-08-16,complete,Homo sapiens,29762,4.3.4/1.37.1/v0.1.12/0.3.19/0.6.6
8,MZ723183.1,B.1.621,2021-07-05,complete,Homo sapiens,29815,4.3.4/1.37.1/v0.1.12/0.3.19/0.6.6
8,OK552384.1,B.1.621,2021-08-11,complete,Homo sapiens,29845,4.3.4/1.37.1/v0.1.12/0.3.19/0.6.6
8,OK112286.1,B.1.621,2021-07-17,complete,Homo sapiens,29535,4.3.4/1.37.1/v0.1.12/0.3.19/0.6.6
8,OK112437.1,B.1.621,2021-07-23,complete,Homo sapiens,29444,4.3.4/1.37.1/v0.1.12/0.3.19/0.6.6
8,OK215257.1,B.1.621,2021-04-30,complete,Homo sapiens,29779,4.3.4/1.37.1/v0.1.12/0.3.19/0.6.6
8,OK295550.1,B.1.621,2021-06-30,complete,Homo sapiens,29818,4.3.4/1.37.1/v0.1.12/0.3.19/0.6.6
8,OM898693.1,B.1.621,2021-06-20,complete,Homo sapiens,29536,4.3.4/1.37.1/v0.1.12/0.3.19/0.6.6
8,OK191701.1,B.1.621,2021-05-10,complete,Homo sapiens,29826,4.3.4/1.37.1/v0.1.12/0.3.19/0.6.6
8,OK211834.1,B.1.621,2021-06-15,complete,Homo sapiens,29809,4.3.4/1.37.1/v0.1.12/0.3.19/0.6.6
8,OK188018.1,B.1.621,2021-06-25,complete,Homo sapiens,29845,4.3.4/1.37.1/v0.1.12/0.3.19/0.6.6
8,OM898679.1,B.1.621,2021-06-17,complete,Homo sapiens,29536,4.3.4/1.37.1/v0.1.12/0.3.19/0.6.6
8,ON080879.1,B.1.621,2021-07-22,complete,Homo sapiens,29536,4.3.4/1.37.1/v0.1.12/0.3.19/0.6.6
8,OK189414.1,B.1.621,2021-06-03,complete,Homo sapiens,29536,4.3.4/1.37.1/v0.1.12/0.3.19/0.6.6
8,OQ691282.1,B.1.621,2021-06-08,complete,Homo sapiens,29536,4.3.4/1.37.1/v0.1.12/0.3.19/0.6.6
8,OL524457.1,B.1.621,2021-07-25,complete,Homo sapiens,29865,4.3.4/1.37.1/v0.1.12/0.3.19/0.6.6
8,OK172767.1,B.1.621,2021-07-14,complete,Homo sapiens,29806,4.3.4/1.37.1/v0.1.12/0.3.19/0.6.6
8,OL345142.1,B.1.621,2021-06-23,complete,Homo sapiens,29586,4.3.4/1.37.1/v0.1.12/0.3.19/0.6.6
8,OQ564958.1,B.1.621,2021-05-08,complete,Homo sapiens,29781,4.3.4/1.37.1/v0.1.12/0.3.19/0.6.6
8,OK231228.1,B.1.621,2021-04-26,complete,Homo sapiens,29710,4.3.4/1.37.1/v0.1.12/0.3.19/0.6.6
8,OK241468.1,B.1.621,2021-05-20,complete,Homo sapiens,29796,4.3.4/1.37.1/v0.1.12/0.3.19/0.6.6
8,OK296185.1,B.1.621,2021-06-05,complete,Homo sapiens,29832,4.3.4/1.37.1/v0.1.12/0.3.19/0.6.6
8,MZ811078.1,B.1.621,2021-07-07,complete,Homo sapiens,29796,4.3.4/1.37.1/v0.1.12/0.3.19/0.6.6
8,OQ564912.1,B.1.621,2021-05-01,complete,Homo sapiens,29781,4.3.4/1.37.1/v0.1.12/0.3.19/0.6.6
8,OL469611.1,B.1.621,2021-05-25,complete,Homo sapiens,29803,4.3.4/1.37.1/v0.1.12/0.3.19/0.6.6
8,OK212480.1,B.1.621,2021-07-15,complete,Homo sapiens,29812,4.3.4/1.37.1/v0.1.12/0.3.19/0.6.6
8,OL469720.1,B.1.621,2021-05-17,complete,Homo sapiens,29836,4.3.4/1.37.1/v0.1.12/0.3.19/0.6.6
8,OM898506.1,B.1.621,2021-05-29,complete,Homo sapiens,29536,4.3.4/1.37.1/v0.1.12/0.3.19/0.6.6
8,OK217885.1,B.1.621,2021-04-25,complete,Homo sapiens,29829,4.3.4/1.37.1/v0.1.12/0.3.19/0.6.6
8,OK109567.1,B.1.621,2021-07-12,complete,Homo sapiens,29781,4.3.4/1.37.1/v0.1.12/0.3.19/0.6.6
8,OL469707.1,B.1.621,2021-06-25,complete,Homo sapiens,29853,4.3.4/1.37.1/v0.1.12/0.3.19/0.6.6
8,OL469755.1,B.1.621,2021-07-14,complete,Homo sapiens,29835,4.3.4/1.37.1/v0.1.12/0.3.19/0.6.6
8,OK212113.1,B.1.621,2021-06-27,complete,Homo sapiens,29812,4.3.4/1.37.1/v0.1.12/0.3.19/0.6.6
8,OL469664.1,B.1.621,2021-06-04,complete,Homo sapiens,29835,4.3.4/1.37.1/v0.1.12/0.3.19/0.6.6
8,PP612005.1,B.1.621,2021-04-13,complete,Homo sapiens,29745,4.3.4/1.37.1/v0.1.12/0.3.19/0.6.6
8,OK064737.1,B.1.621,2021-07-14,complete,Homo sapiens,29830,4.3.4/1.37.1/v0.1.12/0.3.19/0.6.6
8,OQ691134.1,B.1.621,2021-05-03,complete,Homo sapiens,29530,4.3.4/1.37.1/v0.1.12/0.3.19/0.6.6
8,OK291544.1,B.1.621,2021-07-10,complete,Homo sapiens,29830,4.3.4/1.37.1/v0.1.12/0.3.19/0.6.6
8,MZ991661.1,B.1.621,2021-08-10,complete,Homo sapiens,29745,4.3.4/1.37.1/v0.1.12/0.3.19/0.6.6
8,OK193740.1,B.1.621,2021-03-18,complete,Homo sapiens,29830,4.3.4/1.37.1/v0.1.12/0.3.19/0.6.6
8,OL522401.1,B.1.621,2021-06-19,complete,Homo sapiens,29902,4.3.4/1.37.1/v0.1.12/0.3.19/0.6.6
8,OQ691295.1,B.1.621,2021-06-08,complete,Homo sapiens,29536,4.3.4/1.37.1/v0.1.12/0.3.19/0.6.6
8,MZ705755.1,B.1.621,2021-07-07,complete,Homo sapiens,29834,4.3.4/1.37.1/v0.1.12/0.3.19/0.6.6
8,OK204661.1,B.1.621,2021-09-03,complete,Homo sapiens,29821,4.3.4/1.37.1/v0.1.12/0.3.19/0.6.6
8,OQ691233.1,B.1.621,2021-06-05,complete,Homo sapiens,29536,4.3.4/1.37.1/v0.1.12/0.3.19/0.6.6
8,OK252670.1,B.1.621,2021-07-10,complete,Homo sapiens,29781,4.3.4/1.37.1/v0.1.12/0.3.19/0.6.6
8,MZ936996.1,B.1.621,2021-06-29,complete,Homo sapiens,29781,4.3.4/1.37.1/v0.1.12/0.3.19/0.6.6
8,MZ899965.1,B.1.621,2021-08-16,complete,Homo sapiens,29812,4.3.4/1.37.1/v0.1.12/0.3.19/0.6.6
8,OW667320.1,B.1.621,2021-05-31,complete,Homo sapiens,29902,4.3.4/1.37.1/v0.1.12/0.3.19/0.6.6
8,OP403136.1,B.1.621,2021-04-22,complete,Homo sapiens,29781,4.3.4/1.37.1/v0.1.12/0.3.19/0.6.6
8,PP142161.1,B.1.621,2021-08-22,complete,Homo sapiens,29845,4.3.4/1.37.1/v0.1.12/0.3.19/0.6.6
8,MZ824319.1,B.1.621,2021-07-12,complete,Homo sapiens,29864,4.3.4/1.37.1/v0.1.12/0.3.19/0.6.6
8,OK294297.1,B.1.621,2021-06-07,complete,Homo sapiens,29825,4.3.4/1.37.1/v0.1.12/0.3.19/0.6.6
8,OK214282.1,B.1.621,2021-04-24,complete,Homo sapiens,29803,4.3.4/1.37.1/v0.1.12/0.3.19/0.6.6
8,OM105166.1,B.1.621,2021-07-07,complete,Homo sapiens,29871,4.3.4/1.37.1/v0.1.12/0.3.19/0.6.6
8,OK297259.1,B.1.621,2021-04-19,complete,Homo sapiens,29851,4.3.4/1.37.1/v0.1.12/0.3.19/0.6.6
8,MZ742199.1,B.1.621,2021-07-07,complete,Homo sapiens,29835,4.3.4/1.37.1/v0.1.12/0.3.19/0.6.6
8,OK035573.1,B.1.621,2021-06-28,complete,Homo sapiens,29797,4.3.4/1.37.1/v0.1.12/0.3.19/0.6.6
8,OL535821.1,B.1.621,2021-08-19,complete,Homo sapiens,29897,4.3.4/1.37.1/v0.1.12/0.3.19/0.6.6
8,OL345160.1,B.1.621,2021-06-25,complete,Homo sapiens,29828,4.3.4/1.37.1/v0.1.12/0.3.19/0.6.6
8,OR818057.1,B.1.621,2021-07-12,complete,Homo sapiens,29707,4.3.4/1.37.1/v0.1.12/0.3.19/0.6.6
8,OK331233.1,B.1.621,2021-07-31,complete,Homo sapiens,29845,4.3.4/1.37.1/v0.1.12/0.3.19/0.6.6
8,MZ540698.1,B.1.621,2021-06-30,complete,Homo sapiens,29717,4.3.4/1.37.1/v0.1.12/0.3.19/0.6.6
8,OK132784.1,B.1.621,2021-08-25,complete,Homo sapiens,29086,4.3.4/1.37.1/v0.1.12/0.3.19/0.6.6
8,OK252593.1,B.1.621,2021-06-16,complete,Homo sapiens,29780,4.3.4/1.37.1/v0.1.12/0.3.19/0.6.6
8,OQ557852.1,B.1.621,2021-04-09,complete,Homo sapiens,29781,4.3.4/1.37.1/v0.1.12/0.3.19/0.6.6
8,MZ141771.1,B.1.621,2021-04-22,complete,Homo sapiens,29710,4.3.4/1.37.1/v0.1.12/0.3.19/0.6.6
8,MZ865076.1,B.1.621,2021-07-15,complete,Homo sapiens,29715,4.3.4/1.37.1/v0.1.12/0.3.19/0.6.6
8,OK250355.1,B.1.621,2021-06-29,complete,Homo sapiens,29781,4.3.4/1.37.1/v0.1.12/0.3.19/0.6.6
8,OK579231.1,B.1.621,2021-09-08,complete,Homo sapiens,29828,4.3.4/1.37.1/v0.1.12/0.3.19/0.6.6
8,OZ065345.1,B.1.621,2021-09-17,complete,Homo sapiens,29864,4.3.4/1.37.1/v0.1.12/0.3.19/0.6.6
8,OK212191.1,B.1.621,2021-06-01,complete,Homo sapiens,29812,4.3.4/1.37.1/v0.1.12/0.3.19/0.6.6
8,OU471176.1,B.1.621,2021-06-16,complete,Homo sapiens,29777,4.3.4/1.37.1/v0.1.12/0.3.19/0.6.6
8,OK212721.1,B.1.621,2021-07-21,complete,Homo sapiens,29812,4.3.4/1.37.1/v0.1.12/0.3.19/0.6.6
8,MZ753185.1,B.1.621,2021-08-02,complete,Homo sapiens,29845,4.3.4/1.37.1/v0.1.12/0.3.19/0.6.6
8,OL316063.1,B.1.621,2021-09-24,complete,Homo sapiens,29834,4.3.4/1.37.1/v0.1.12/0.3.19/0.6.6
8,MZ811059.1,B.1.621,2021-07-26,complete,Homo sapiens,29780,4.3.4/1.37.1/v0.1.12/0.3.19/0.6.6
8,OK294193.1,B.1.621,2021-04-25,complete,Homo sapiens,29877,4.3.4/1.37.1/v0.1.12/0.3.19/0.6.6
8,OM898281.1,B.1.621,2021-03-19,complete,Homo sapiens,29536,4.3.4/1.37.1/v0.1.12/0.3.19/0.6.6
8,OR075046.1,B.1.621,2021-06-15,complete,Homo sapiens,29693,4.3.4/1.37.1/v0.1.12/0.3.19/0.6.6
8,PQ975336.1,B.1.621,2021-07-05,complete,Homo sapiens,29813,4.3.4/1.37.1/v0.1.12/0.3.19/0.6.6
8,ON192815.1,B.1.621,2021-07-29,complete,Homo sapiens,29715,4.3.4/1.37.1/v0.1.12/0.3.19/0.6.6
8,OL469638.1,B.1.621,2021-07-03,complete,Homo sapiens,29835,4.3.4/1.37.1/v0.1.12/0.3.19/0.6.6
8,MZ742185.1,B.1.621,2021-07-01,complete,Homo sapiens,29835,4.3.4/1.37.1/v0.1.12/0.3.19/0.6.6
8,OK220320.1,B.1.621,2021-05-11,complete,Homo sapiens,29827,4.3.4/1.37.1/v0.1.12/0.3.19/0.6.6
8,OQ564927.1,B.1.621,2021-05-06,complete,Homo sapiens,29781,4.3.4/1.37.1/v0.1.12/0.3.19/0.6.6
8,MZ780620.1,B.1.621,2021-06-17,complete,Homo sapiens,29847,4.3.4/1.37.1/v0.1.12/0.3.19/0.6.6
8,MZ728474.1,B.1.621,2021-05-12,complete,Homo sapiens,29796,4.3.4/1.37.1/v0.1.12/0.3.19/0.6.6
8,OL522215.1,B.1.621,2021-06-18,complete,Homo sapiens,29864,4.3.4/1.37.1/v0.1.12/0.3.19/0.6.6
8,OK234949.1,B.1.621,2021-04-23,complete,Homo sapiens,29709,4.3.4/1.37.1/v0.1.12/0.3.19/0.6.6
8,PP933533.1,B.1.621,2021-07-26,complete,Homo sapiens,29781,4.3.4/1.37.1/v0.1.12/0.3.19/0.6.6
8,MZ742772.1,B.1.621,2021-07-18,complete,Homo sapiens,29827,4.3.4/1.37.1/v0.1.12/0.3.19/0.6.6
8,OK166012.1,B.1.621,2021-08-24,complete,Homo sapiens,29809,4.3.4/1.37.1/v0.1.12/0.3.19/0.6.6
8,OK251854.1,B.1.621,2021-07-08,complete,Homo sapiens,29766,4.3.4/1.37.1/v0.1.12/0.3.19/0.6.6
8,OK064314.1,B.1.621,2021-07-17,complete,Homo sapiens,29835,4.3.4/1.37.1/v0.1.12/0.3.19/0.6.6
8,OQ557623.1,B.1.621,2021-04-20,complete,Homo sapiens,29781,4.3.4/1.37.1/v0.1.12/0.3.19/0.6.6
8,OK185063.1,B.1.621,2021-08-21,complete,Homo sapiens,29835,4.3.4/1.37.1/v0.1.12/0.3.19/0.6.6
8,OK251044.1,B.1.621,2021-07-05,complete,Homo sapiens,29757,4.3.4/1.37.1/v0.1.12/0.3.19/0.6.6
8,OK249965.1,B.1.621,2021-06-15,complete,Homo sapiens,29781,4.3.4/1.37.1/v0.1.12/0.3.19/0.6.6
8,OK240969.1,B.1.621,2021-07-25,complete,Homo sapiens,29796,4.3.4/1.37.1/v0.1.12/0.3.19/0.6.6
8,OQ564936.1,B.1.621,2021-05-03,complete,Homo sapiens,29781,4.3.4/1.37.1/v0.1.12/0.3.19/0.6.6
8,OP403203.1,B.1.621,2021-04-21,complete,Homo sapiens,29781,4.3.4/1.37.1/v0.1.12/0.3.19/0.6.6
8,OQ906583.1,B.1.621,2021-07,complete,Homo sapiens,29701,4.3.4/1.37.1/v0.1.12/0.3.19/0.6.6
8,MZ742269.1,B.1.621,2021-07-12,complete,Homo sapiens,29835,4.3.4/1.37.1/v0.1.12/0.3.19/0.6.6
8,MZ890839.1,B.1.621,2021-08,complete,Homo sapiens,29801,4.3.4/1.37.1/v0.1.12/0.3.19/0.6.6
8,OL345063.1,B.1.621,2021-06-08,complete,Homo sapiens,29375,4.3.4/1.37.1/v0.1.12/0.3.19/0.6.6
8,OK252888.1,B.1.621,2021-07-02,complete,Homo sapiens,29781,4.3.4/1.37.1/v0.1.12/0.3.19/0.6.6
8,OK501700.1,B.1.621,2021-07-17,complete,Homo sapiens,29868,4.3.4/1.37.1/v0.1.12/0.3.19/0.6.6
8,OK249827.1,B.1.621,2021-06-18,complete,Homo sapiens,29781,4.3.4/1.37.1/v0.1.12/0.3.19/0.6.6
8,OU459633.1,B.1.621,2021-07-21,complete,Homo sapiens,29902,4.3.4/1.37.1/v0.1.12/0.3.19/0.6.6
8,OM898004.1,B.1.621,2021-04-10,complete,Homo sapiens,29536,4.3.4/1.37.1/v0.1.12/0.3.19/0.6.6
8,OK231054.1,B.1.621,2021-05-25,complete,Homo sapiens,29778,4.3.4/1.37.1/v0.1.12/0.3.19/0.6.6
8,OK192875.1,B.1.621,2021-05-01,complete,Homo sapiens,29827,4.3.4/1.37.1/v0.1.12/0.3.19/0.6.6
8,PP039070.1,B.1.621,2021-07-20,complete,Homo sapiens,29597,4.3.4/1.37.1/v0.1.12/0.3.19/0.6.6
8,OP403224.1,B.1.621,2021-06-04,complete,Homo sapiens,29305,4.3.4/1.37.1/v0.1.12/0.3.19/0.6.6
8,OQ691113.1,B.1.621,2021-04-28,complete,Homo sapiens,29540,4.3.4/1.37.1/v0.1.12/0.3.19/0.6.6
8,OL345082.1,B.1.621,2021-06-11,complete,Homo sapiens,29833,4.3.4/1.37.1/v0.1.12/0.3.19/0.6.6
8,OK161522.1,B.1.621,2021-07-16,complete,Homo sapiens,29831,4.3.4/1.37.1/v0.1.12/0.3.19/0.6.6
8,MZ811003.1,B.1.621,2021-07-30,complete,Homo sapiens,29812,4.3.4/1.37.1/v0.1.12/0.3.19/0.6.6
8,OL313027.1,B.1.621,2021-07-26,complete,Homo sapiens,29781,4.3.4/1.37.1/v0.1.12/0.3.19/0.6.6
8,MZ797950.1,B.1.621,2021-07-20,complete,Homo sapiens,29781,4.3.4/1.37.1/v0.1.12/0.3.19/0.6.6
8,MZ727765.1,B.1.621,2021-06-28,complete,Homo sapiens,29812,4.3.4/1.37.1/v0.1.12/0.3.19/0.6.6
8,OK314277.1,B.1.621,2021-07-24,complete,Homo sapiens,29848,4.3.4/1.37.1/v0.1.12/0.3.19/0.6.6
8,OK501340.1,B.1.621,2021-07-10,complete,Homo sapiens,29887,4.3.4/1.37.1/v0.1.12/0.3.19/0.6.6
8,OL538499.1,B.1.621,2021-06-11,complete,Homo sapiens,29796,4.3.4/1.37.1/v0.1.12/0.3.19/0.6.6
8,MZ859985.1,B.1.621,2021-07-31,complete,Homo sapiens,28629,4.3.4/1.37.1/v0.1.12/0.3.19/0.6.6
8,MZ731971.1,B.1.621,2021-07-12,complete,Homo sapiens,29786,4.3.4/1.37.1/v0.1.12/0.3.19/0.6.6
8,OR818053.1,B.1.621,2021-08-04,complete,Homo sapiens,29726,4.3.4/1.37.1/v0.1.12/0.3.19/0.6.6
8,OK145968.1,B.1.621,2021-08-07,complete,Homo sapiens,29812,4.3.4/1.37.1/v0.1.12/0.3.19/0.6.6
8,OQ691300.1,B.1.621,2021-06-11,complete,Homo sapiens,29536,4.3.4/1.37.1/v0.1.12/0.3.19/0.6.6
8,OK246376.1,B.1.621,2021-04-26,complete,Homo sapiens,29902,4.3.4/1.37.1/v0.1.12/0.3.19/0.6.6
8,OL544078.1,B.1.621,2021-07-02,complete,Homo sapiens,29870,4.3.4/1.37.1/v0.1.12/0.3.19/0.6.6
8,OQ691119.1,B.1.621,2021-05-13,complete,Homo sapiens,29536,4.3.4/1.37.1/v0.1.12/0.3.19/0.6.6
8,OQ557878.1,B.1.621,2021-05-17,complete,Homo sapiens,29775,4.3.4/1.37.1/v0.1.12/0.3.19/0.6.6
8,OK023261.1,B.1.621,2021-07-28,complete,Homo sapiens,29700,4.3.4/1.37.1/v0.1.12/0.3.19/0.6.6
8,OK231530.1,B.1.621,2021-07-05,complete,Homo sapiens,29755,4.3.4/1.37.1/v0.1.12/0.3.19/0.6.6
8,OK112277.1,B.1.621,2021-07-12,complete,Homo sapiens,29528,4.3.4/1.37.1/v0.1.12/0.3.19/0.6.6
8,MZ930058.1,B.1.621,2021-08-07,complete,Homo sapiens,29781,4.3.4/1.37.1/v0.1.12/0.3.19/0.6.6
8,OK240101.1,B.1.621,2021-05-19,complete,Homo sapiens,29796,4.3.4/1.37.1/v0.1.12/0.3.19/0.6.6
8,OQ557857.1,B.1.621,2021-05-18,complete,Homo sapiens,29781,4.3.4/1.37.1/v0.1.12/0.3.19/0.6.6
8,OK232274.1,B.1.621,2021-07-05,complete,Homo sapiens,29474,4.3.4/1.37.1/v0.1.12/0.3.19/0.6.6
8,OM898507.1,B.1.621,2021-06-08,complete,Homo sapiens,29521,4.3.4/1.37.1/v0.1.12/0.3.19/0.6.6
8,OK403455.1,B.1.621,2021-08-23,complete,Homo sapiens,29835,4.3.4/1.37.1/v0.1.12/0.3.19/0.6.6
8,ON630365.1,B.1.621,2021-07-22,complete,Homo sapiens,29781,4.3.4/1.37.1/v0.1.12/0.3.19/0.6.6
8,OK293943.1,B.1.621,2021-07-05,complete,Homo sapiens,29801,4.3.4/1.37.1/v0.1.12/0.3.19/0.6.6
8,OL522643.1,B.1.621,2021-06-22,complete,Homo sapiens,29870,4.3.4/1.37.1/v0.1.12/0.3.19/0.6.6
8,OK653050.1,B.1.621,2021-07-20,complete,Homo sapiens,29804,4.3.4/1.37.1/v0.1.12/0.3.19/0.6.6
8,OK571220.1,B.1.621,2021-06-12,complete,Homo sapiens,29502,4.3.4/1.37.1/v0.1.12/0.3.19/0.6.6
8,OL469724.1,B.1.621,2021-07-05,complete,Homo sapiens,29835,4.3.4/1.37.1/v0.1.12/0.3.19/0.6.6
8,OM898410.1,B.1.621,2021-05-29,complete,Homo sapiens,29540,4.3.4/1.37.1/v0.1.12/0.3.19/0.6.6
8,OK312017.1,B.1.621,2021-07-27,complete,Homo sapiens,29847,4.3.4/1.37.1/v0.1.12/0.3.19/0.6.6
8,OK251100.1,B.1.621,2021-07-01,complete,Homo sapiens,29781,4.3.4/1.37.1/v0.1.12/0.3.19/0.6.6
8,OL469635.1,B.1.621,2021-07-02,complete,Homo sapiens,29835,4.3.4/1.37.1/v0.1.12/0.3.19/0.6.6
8,MZ865898.1,B.1.621,2021-07-17,complete,Homo sapiens,29745,4.3.4/1.37.1/v0.1.12/0.3.19/0.6.6
8,OK294968.1,B.1.621,2021-05-26,complete,Homo sapiens,29898,4.3.4/1.37.1/v0.1.12/0.3.19/0.6.6
8,OK335438.1,B.1.621,2021-08-07,complete,Homo sapiens,29857,4.3.4/1.37.1/v0.1.12/0.3.19/0.6.6
8,OQ565053.1,B.1.621,2021-05-19,complete,Homo sapiens,29781,4.3.4/1.37.1/v0.1.12/0.3.19/0.6.6
8,MZ886335.1,B.1.621,2021-08-04,complete,Homo sapiens,29502,4.3.4/1.37.1/v0.1.12/0.3.19/0.6.6
8,MZ811053.1,B.1.621,2021-07-29,complete,Homo sapiens,29821,4.3.4/1.37.1/v0.1.12/0.3.19/0.6.6
8,OK235001.1,B.1.621,2021-05-28,complete,Homo sapiens,29778,4.3.4/1.37.1/v0.1.12/0.3.19/0.6.6
8,MZ777857.1,B.1.621,2021-08-06,complete,Homo sapiens,29842,4.3.4/1.37.1/v0.1.12/0.3.19/0.6.6
8,OL533146.1,B.1.621,2021-07-22,complete,Homo sapiens,29863,4.3.4/1.37.1/v0.1.12/0.3.19/0.6.6
8,OK193226.1,B.1.621,2021-05-05,complete,Homo sapiens,29831,4.3.4/1.37.1/v0.1.12/0.3.19/0.6.6
8,OK297067.1,B.1.621,2021-06-29,complete,Homo sapiens,29763,4.3.4/1.37.1/v0.1.12/0.3.19/0.6.6
8,OK230571.1,B.1.621,2021-05-31,complete,Homo sapiens,29779,4.3.4/1.37.1/v0.1.12/0.3.19/0.6.6
8,PP614479.1,B.1.621,2021-06-05,complete,Homo sapiens,29746,4.3.4/1.37.1/v0.1.12/0.3.19/0.6.6
8,OK295092.1,B.1.621,2021-06-07,complete,Homo sapiens,29816,4.3.4/1.37.1/v0.1.12/0.3.19/0.6.6
8,OK232138.1,B.1.621,2021-06-21,complete,Homo sapiens,29779,4.3.4/1.37.1/v0.1.12/0.3.19/0.6.6
8,OK064415.1,B.1.621,2021-07-28,complete,Homo sapiens,29817,4.3.4/1.37.1/v0.1.12/0.3.19/0.6.6
8,OK109577.1,B.1.621,2021-07-11,complete,Homo sapiens,29781,4.3.4/1.37.1/v0.1.12/0.3.19/0.6.6
8,OK288825.1,B.1.621,2021-09-07,complete,Homo sapiens,29822,4.3.4/1.37.1/v0.1.12/0.3.19/0.6.6
8,MZ742796.1,B.1.621,2021-07-19,complete,Homo sapiens,29835,4.3.4/1.37.1/v0.1.12/0.3.19/0.6.6
8,OL522446.1,B.1.621,2021-06-21,complete,Homo sapiens,29895,4.3.4/1.37.1/v0.1.12/0.3.19/0.6.6
8,OK292133.1,B.1.621,2021-06-24,complete,Homo sapiens,29742,4.3.4/1.37.1/v0.1.12/0.3.19/0.6.6
8,OL469650.1,B.1.621,2021-07-06,complete,Homo sapiens,29835,4.3.4/1.37.1/v0.1.12/0.3.19/0.6.6
8,OL345186.1,B.1.621,2021-06-29,complete,Homo sapiens,29745,4.3.4/1.37.1/v0.1.12/0.3.19/0.6.6
8,OK241882.1,B.1.621,2021-07-07,complete,Homo sapiens,29776,4.3.4/1.37.1/v0.1.12/0.3.19/0.6.6
8,OK252763.1,B.1.621,2021-06-19,complete,Homo sapiens,29781,4.3.4/1.37.1/v0.1.12/0.3.19/0.6.6
8,OL312906.1,B.1.621,2021-06-17,complete,Homo sapiens,29825,4.3.4/1.37.1/v0.1.12/0.3.19/0.6.6
8,OQ565115.1,B.1.621,2021-04-15,complete,Homo sapiens,29781,4.3.4/1.37.1/v0.1.12/0.3.19/0.6.6
8,MZ780509.1,B.1.621,2021-05-14,complete,Homo sapiens,29866,4.3.4/1.37.1/v0.1.12/0.3.19/0.6.6
8,OQ564666.1,B.1.621,2020-12-21,complete,Homo sapiens,29322,4.3.4/1.37.1/v0.1.12/0.3.19/0.6.6
8,MZ885882.1,B.1.621,2021-08-04,complete,Homo sapiens,29408,4.3.4/1.37.1/v0.1.12/0.3.19/0.6.6
8,OL345260.1,B.1.621,2021-07-26,complete,Homo sapiens,29831,4.3.4/1.37.1/v0.1.12/0.3.19/0.6.6
8,OK458028.1,B.1.621,2021-09-07,complete,Homo sapiens,29782,4.3.4/1.37.1/v0.1.12/0.3.19/0.6.6
8,MZ811002.1,B.1.621,2021-07-31,complete,Homo sapiens,29812,4.3.4/1.37.1/v0.1.12/0.3.19/0.6.6
8,OK174846.1,B.1.621,2021-07-23,complete,Homo sapiens,29796,4.3.4/1.37.1/v0.1.12/0.3.19/0.6.6
8,OK109643.1,B.1.621,2021-07-10,complete,Homo sapiens,29781,4.3.4/1.37.1/v0.1.12/0.3.19/0.6.6
8,OK293600.1,B.1.621,2021-05-04,complete,Homo sapiens,29900,4.3.4/1.37.1/v0.1.12/0.3.19/0.6.6
8,OM433643.1,B.1.621,2021-07-09,complete,Homo sapiens,29871,4.3.4/1.37.1/v0.1.12/0.3.19/0.6.6
8,MZ727762.1,B.1.621,2021-06-25,complete,Homo sapiens,29811,4.3.4/1.37.1/v0.1.12/0.3.19/0.6.6
8,OQ558939.1,B.1.621,2021-07-14,complete,Homo sapiens,29781,4.3.4/1.37.1/v0.1.12/0.3.19/0.6.6
8,OL543741.1,B.1.621,2021-06-29,complete,Homo sapiens,29898,4.3.4/1.37.1/v0.1.12/0.3.19/0.6.6
8,OK250677.1,B.1.621,2021-07-03,complete,Homo sapiens,29781,4.3.4/1.37.1/v0.1.12/0.3.19/0.6.6
8,MZ752966.1,B.1.621,2021-07-31,complete,Homo sapiens,29849,4.3.4/1.37.1/v0.1.12/0.3.19/0.6.6
8,OV919501.1,B.1.621,2021-07-14,complete,Homo sapiens,29900,4.3.4/1.37.1/v0.1.12/0.3.19/0.6.6
8,OK241966.1,B.1.621,2021-05-19,complete,Homo sapiens,29796,4.3.4/1.37.1/v0.1.12/0.3.19/0.6.6
8,PP611068.1,B.1.621,2021-04-07,complete,Homo sapiens,29745,4.3.4/1.37.1/v0.1.12/0.3.19/0.6.6
8,OY302256.1,B.1.621,2021-07-30,complete,Homo sapiens,29903,4.3.4/1.37.1/v0.1.12/0.3.19/0.6.6
8,OK232311.1,B.1.621,2021-07-06,complete,Homo sapiens,29714,4.3.4/1.37.1/v0.1.12/0.3.19/0.6.6
8,MZ879995.1,B.1.621,2021-08-03,complete,Homo sapiens,29796,4.3.4/1.37.1/v0.1.12/0.3.19/0.6.6
8,OM147833.1,B.1.621,2021-07-16,complete,Homo sapiens,29867,4.3.4/1.37.1/v0.1.12/0.3.19/0.6.6
8,OK232570.1,B.1.621,2021-05-23,complete,Homo sapiens,29764,4.3.4/1.37.1/v0.1.12/0.3.19/0.6.6
8,OK250197.1,B.1.621,2021-05-26,complete,Homo sapiens,29781,4.3.4/1.37.1/v0.1.12/0.3.19/0.6.6
8,OL469689.1,B.1.621,2021-05-31,complete,Homo sapiens,29835,4.3.4/1.37.1/v0.1.12/0.3.19/0.6.6
8,MZ717872.1,B.1.621,2021-06-29,complete,Homo sapiens,29739,4.3.4/1.37.1/v0.1.12/0.3.19/0.6.6
8,OK065058.1,B.1.621,2021-07-21,complete,Homo sapiens,29835,4.3.4/1.37.1/v0.1.12/0.3.19/0.6.6
8,OK293571.1,B.1.621,2021-06-10,complete,Homo sapiens,29828,4.3.4/1.37.1/v0.1.12/0.3.19/0.6.6
8,OQ558982.1,B.1.621,2021-07-07,complete,Homo sapiens,29781,4.3.4/1.37.1/v0.1.12/0.3.19/0.6.6
8,OQ564905.1,B.1.621,2021-05-12,complete,Homo sapiens,29781,4.3.4/1.37.1/v0.1.12/0.3.19/0.6.6
8,MZ729106.1,B.1.621,2021-07-06,complete,Homo sapiens,29812,4.3.4/1.37.1/v0.1.12/0.3.19/0.6.6
8,MZ884657.1,B.1.621,2021-08-09,complete,Homo sapiens,29812,4.3.4/1.37.1/v0.1.12/0.3.19/0.6.6
8,OR818049.1,B.1.621,2021-06-23,complete,Homo sapiens,29707,4.3.4/1.37.1/v0.1.12/0.3.19/0.6.6
8,OM255586.1,B.1.621,2021-08-10,complete,Homo sapiens,29635,4.3.4/1.37.1/v0.1.12/0.3.19/0.6.6
8,MZ743738.1,B.1.621,2021-07-14,complete,Homo sapiens,29624,4.3.4/1.37.1/v0.1.12/0.3.19/0.6.6
8,PQ966947.1,B.1.621,2021-08-10,complete,Homo sapiens,29732,4.3.4/1.37.1/v0.1.12/0.3.19/0.6.6
8,OK303334.1,B.1.621,2021-08-26,complete,Homo sapiens,29773,4.3.4/1.37.1/v0.1.12/0.3.19/0.6.6
8,OQ558973.1,B.1.621,2021-07-21,complete,Homo sapiens,29781,4.3.4/1.37.1/v0.1.12/0.3.19/0.6.6
8,OK231089.1,B.1.621,2021-06-26,complete,Homo sapiens,29442,4.3.4/1.37.1/v0.1.12/0.3.19/0.6.6
8,OK232422.1,B.1.621,2021-06-16,complete,Homo sapiens,29746,4.3.4/1.37.1/v0.1.12/0.3.19/0.6.6
8,PQ880177.1,B.1.621,2021-06-04,complete,Homo sapiens,29781,4.3.4/1.37.1/v0.1.12/0.3.19/0.6.6
8,OK166018.1,B.1.621,2021-08-25,complete,Homo sapiens,29800,4.3.4/1.37.1/v0.1.12/0.3.19/0.6.6
8,ON184972.1,B.1.621,2021-06-22,complete,Homo sapiens,29831,4.3.4/1.37.1/v0.1.12/0.3.19/0.6.6
8,OK517332.1,B.1.621,2021-09-20,complete,Homo sapiens,29350,4.3.4/1.37.1/v0.1.12/0.3.19/0.6.6
8,OK230493.1,B.1.621,2021-05-04,complete,Homo sapiens,29709,4.3.4/1.37.1/v0.1.12/0.3.19/0.6.6
8,MZ743697.1,B.1.621,2021-07-14,complete,Homo sapiens,29022,4.3.4/1.37.1/v0.1.12/0.3.19/0.6.6
8,OK214690.1,B.1.621,2021-06-21,complete,Homo sapiens,29812,4.3.4/1.37.1/v0.1.12/0.3.19/0.6.6
8,MZ857618.1,B.1.621,2021-07-27,complete,Homo sapiens,29531,4.3.4/1.37.1/v0.1.12/0.3.19/0.6.6
8,OK137359.1,B.1.621,2021-08-06,complete,Homo sapiens,29645,4.3.4/1.37.1/v0.1.12/0.3.19/0.6.6
8,OK292192.1,B.1.621,2021-06-24,complete,Homo sapiens,29835,4.3.4/1.37.1/v0.1.12/0.3.19/0.6.6
8,PP603177.1,B.1.621,2021-05-21,complete,Homo sapiens,29781,4.3.4/1.37.1/v0.1.12/0.3.19/0.6.6
8,OM170893.1,B.1.621,2021-05-10,complete,Homo sapiens,29781,4.3.4/1.37.1/v0.1.12/0.3.19/0.6.6
8,OK252671.1,B.1.621,2021-06-10,complete,Homo sapiens,29781,4.3.4/1.37.1/v0.1.12/0.3.19/0.6.6
8,OZ065188.1,B.1.621,2021-09-18,complete,Homo sapiens,29871,4.3.4/1.37.1/v0.1.12/0.3.19/0.6.6
8,MZ770129.1,B.1.621,2021-07-12,complete,Homo sapiens,29665,4.3.4/1.37.1/v0.1.12/0.3.19/0.6.6
8,OL336115.1,B.1.621,2021-09-06,complete,Homo sapiens,29840,4.3.4/1.37.1/v0.1.12/0.3.19/0.6.6
8,OK218747.1,B.1.621,2021-06-05,complete,Homo sapiens,29829,4.3.4/1.37.1/v0.1.12/0.3.19/0.6.6
8,OK252701.1,B.1.621,2021-06-11,complete,Homo sapiens,29766,4.3.4/1.37.1/v0.1.12/0.3.19/0.6.6
8,OL801931.1,B.1.621,2021-07-27,complete,Homo sapiens,29813,4.3.4/1.37.1/v0.1.12/0.3.19/0.6.6
8,OK292375.1,B.1.621,2021-04-15,complete,Homo sapiens,29896,4.3.4/1.37.1/v0.1.12/0.3.19/0.6.6
8,OL591261.1,B.1.621,2021-10-25,complete,Homo sapiens,29824,4.3.4/1.37.1/v0.1.12/0.3.19/0.6.6
8,OK064670.1,B.1.621,2021-07-26,complete,Homo sapiens,29823,4.3.4/1.37.1/v0.1.12/0.3.19/0.6.6
8,MZ810587.1,B.1.621,2021-07-18,complete,Homo sapiens,29781,4.3.4/1.37.1/v0.1.12/0.3.19/0.6.6
8,OK212956.1,B.1.621,2021-06-20,complete,Homo sapiens,29809,4.3.4/1.37.1/v0.1.12/0.3.19/0.6.6
8,OK311410.1,B.1.621,2021-07-25,complete,Homo sapiens,29873,4.3.4/1.37.1/v0.1.12/0.3.19/0.6.6
8,MZ742117.1,B.1.621,2021-07-22,complete,Homo sapiens,29812,4.3.4/1.37.1/v0.1.12/0.3.19/0.6.6
8,OK261776.1,B.1.621,2021-08-20,complete,Homo sapiens,29536,4.3.4/1.37.1/v0.1.12/0.3.19/0.6.6
8,OL544236.1,B.1.621,2021-05-10,complete,Homo sapiens,29792,4.3.4/1.37.1/v0.1.12/0.3.19/0.6.6
8,OK466892.1,B.1.621,2021-07-10,complete,Homo sapiens,29811,4.3.4/1.37.1/v0.1.12/0.3.19/0.6.6
8,MZ295200.1,B.1.621,2021-04-26,complete,Homo sapiens,29836,4.3.4/1.37.1/v0.1.12/0.3.19/0.6.6
8,OV834276.1,B.1.621,2021-07-13,complete,Homo sapiens,29902,4.3.4/1.37.1/v0.1.12/0.3.19/0.6.6
8,ON516941.1,B.1.621,2021-08-05,complete,Homo sapiens,29469,4.3.4/1.37.1/v0.1.12/0.3.19/0.6.6
8,OK235150.1,B.1.621,2021-06-08,complete,Homo sapiens,29807,4.3.4/1.37.1/v0.1.12/0.3.19/0.6.6
8,OK109605.1,B.1.621,2021-07-11,complete,Homo sapiens,29781,4.3.4/1.37.1/v0.1.12/0.3.19/0.6.6
8,OM898200.1,B.1.621,2021-04-15,complete,Homo sapiens,29536,4.3.4/1.37.1/v0.1.12/0.3.19/0.6.6
8,OK026812.1,B.1.621,2021-07-30,complete,Homo sapiens,29799,4.3.4/1.37.1/v0.1.12/0.3.19/0.6.6
8,MZ727760.1,B.1.621,2021-07-01,complete,Homo sapiens,29536,4.3.4/1.37.1/v0.1.12/0.3.19/0.6.6
8,OK339537.1,B.1.621,2021-07-02,complete,Homo sapiens,29781,4.3.4/1.37.1/v0.1.12/0.3.19/0.6.6
8,OK292675.1,B.1.621,2021-05-07,complete,Homo sapiens,29902,4.3.4/1.37.1/v0.1.12/0.3.19/0.6.6
8,OK334901.1,B.1.621,2021-09-08,complete,Homo sapiens,29835,4.3.4/1.37.1/v0.1.12/0.3.19/0.6.6
8,OK552173.1,B.1.621,2021-08-03,complete,Homo sapiens,29894,4.3.4/1.37.1/v0.1.12/0.3.19/0.6.6
8,OK190854.1,B.1.621,2021-05-12,complete,Homo sapiens,29830,4.3.4/1.37.1/v0.1.12/0.3.19/0.6.6
8,MZ348460.1,B.1.621,2021-05-16,complete,Homo sapiens,29839,4.3.4/1.37.1/v0.1.12/0.3.19/0.6.6
8,OQ565052.1,B.1.621,2021-05-19,complete,Homo sapiens,29781,4.3.4/1.37.1/v0.1.12/0.3.19/0.6.6
8,OU574266.1,B.1.621,2021-07-19,complete,Homo sapiens,29903,4.3.4/1.37.1/v0.1.12/0.3.19/0.6.6
8,OK250042.1,B.1.621,2021-06-29,complete,Homo sapiens,29780,4.3.4/1.37.1/v0.1.12/0.3.19/0.6.6
8,MZ811082.1,B.1.621,2021-07-14,complete,Homo sapiens,29796,4.3.4/1.37.1/v0.1.12/0.3.19/0.6.6
8,OK302879.1,B.1.621,2021-09-01,complete,Homo sapiens,29759,4.3.4/1.37.1/v0.1.12/0.3.19/0.6.6
8,OK296007.1,B.1.621,2021-06-16,complete,Homo sapiens,29835,4.3.4/1.37.1/v0.1.12/0.3.19/0.6.6
8,OM153436.1,B.1.621,2021-07-13,complete,Homo sapiens,29870,4.3.4/1.37.1/v0.1.12/0.3.19/0.6.6
8,OL533308.1,B.1.621,2021-07-24,complete,Homo sapiens,29900,4.3.4/1.37.1/v0.1.12/0.3.19/0.6.6
8,OQ691249.1,B.1.621,2021-06-21,complete,Homo sapiens,29536,4.3.4/1.37.1/v0.1.12/0.3.19/0.6.6
8,OQ691495.1,B.1.621,2021-04-17,complete,Homo sapiens,29536,4.3.4/1.37.1/v0.1.12/0.3.19/0.6.6
8,ON195053.1,B.1.621,2021-07-25,complete,Homo sapiens,29703,4.3.4/1.37.1/v0.1.12/0.3.19/0.6.6
8,MZ810990.1,B.1.621,2021-07-31,complete,Homo sapiens,29812,4.3.4/1.37.1/v0.1.12/0.3.19/0.6.6
8,MZ967702.1,B.1.621,2021-07-30,complete,Homo sapiens,29536,4.3.4/1.37.1/v0.1.12/0.3.19/0.6.6
8,OK166337.1,B.1.621,2021-09-01,complete,Homo sapiens,29827,4.3.4/1.37.1/v0.1.12/0.3.19/0.6.6
8,MZ142593.1,B.1.621,2021-04-22,complete,Homo sapiens,29714,4.3.4/1.37.1/v0.1.12/0.3.19/0.6.6
8,OK579953.1,B.1.621,2021-09-09,complete,Homo sapiens,29836,4.3.4/1.37.1/v0.1.12/0.3.19/0.6.6
8,OM435957.1,B.1.621,2021-07-01,complete,Homo sapiens,29848,4.3.4/1.37.1/v0.1.12/0.3.19/0.6.6
8,OK466616.1,B.1.621,2021-07-17,complete,Homo sapiens,29835,4.3.4/1.37.1/v0.1.12/0.3.19/0.6.6
8,MZ743728.1,B.1.621,2021-07-13,complete,Homo sapiens,29429,4.3.4/1.37.1/v0.1.12/0.3.19/0.6.6
8,OL847867.1,B.1.621,2021-07-09,complete,Homo sapiens,29871,4.3.4/1.37.1/v0.1.12/0.3.19/0.6.6
8,OK475032.1,B.1.621,2021-08,complete,Homo sapiens,29814,4.3.4/1.37.1/v0.1.12/0.3.19/0.6.6
8,OK068931.1,B.1.621,2021-08-18,complete,Homo sapiens,29824,4.3.4/1.37.1/v0.1.12/0.3.19/0.6.6
8,OK230491.1,B.1.621,2021-06-02,complete,Homo sapiens,29650,4.3.4/1.37.1/v0.1.12/0.3.19/0.6.6
8,OQ558935.1,B.1.621,2021-07-05,complete,Homo sapiens,29780,4.3.4/1.37.1/v0.1.12/0.3.19/0.6.6
8,MZ742329.1,B.1.621,2021-07-16,complete,Homo sapiens,29831,4.3.4/1.37.1/v0.1.12/0.3.19/0.6.6
8,OQ564680.1,B.1.621,2021-01-18,complete,Homo sapiens,29781,4.3.4/1.37.1/v0.1.12/0.3.19/0.6.6
8,OQ557601.1,B.1.621,2021-04-20,complete,Homo sapiens,29781,4.3.4/1.37.1/v0.1.12/0.3.19/0.6.6
8,OK023047.1,B.1.621,2021-07-28,complete,Homo sapiens,29831,4.3.4/1.37.1/v0.1.12/0.3.19/0.6.6
8,OK547341.1,B.1.621,2021-04-26,complete,Homo sapiens,29597,4.3.4/1.37.1/v0.1.12/0.3.19/0.6.6
8,OL345190.1,B.1.621,2021-06-30,complete,Homo sapiens,29796,4.3.4/1.37.1/v0.1.12/0.3.19/0.6.6
8,OK102095.1,B.1.621,2021-08-24,complete,Homo sapiens,29816,4.3.4/1.37.1/v0.1.12/0.3.19/0.6.6
8,OU449521.1,B.1.621,2021-07-15,complete,Homo sapiens,29902,4.3.4/1.37.1/v0.1.12/0.3.19/0.6.6
8,OK339534.1,B.1.621,2021-06-13,complete,Homo sapiens,29785,4.3.4/1.37.1/v0.1.12/0.3.19/0.6.6
8,OK547356.1,B.1.621,2021-04-26,complete,Homo sapiens,29597,4.3.4/1.37.1/v0.1.12/0.3.19/0.6.6
8,OU429364.1,B.1.621,2021-07-06,complete,Homo sapiens,29902,4.3.4/1.37.1/v0.1.12/0.3.19/0.6.6
8,OL469704.1,B.1.621,2021-06-23,complete,Homo sapiens,29855,4.3.4/1.37.1/v0.1.12/0.3.19/0.6.6
8,OK295309.1,B.1.621,2021-07-21,complete,Homo sapiens,29822,4.3.4/1.37.1/v0.1.12/0.3.19/0.6.6
8,OK232536.1,B.1.621,2021-06-03,complete,Homo sapiens,29779,4.3.4/1.37.1/v0.1.12/0.3.19/0.6.6
8,PP614410.1,B.1.621,2021-05-28,complete,Homo sapiens,29746,4.3.4/1.37.1/v0.1.12/0.3.19/0.6.6
8,MZ728197.1,B.1.621,2021-06-18,complete,Homo sapiens,29821,4.3.4/1.37.1/v0.1.12/0.3.19/0.6.6
8,OK030612.1,B.1.621,2021-07-04,complete,Homo sapiens,29778,4.3.4/1.37.1/v0.1.12/0.3.19/0.6.6
8,MZ775936.2,B.1.621,2021-08-03,complete,Homo sapiens,29873,4.3.4/1.37.1/v0.1.12/0.3.19/0.6.6
8,OQ691058.1,B.1.621,2021-04-15,complete,Homo sapiens,29536,4.3.4/1.37.1/v0.1.12/0.3.19/0.6.6
8,OL469709.1,B.1.621,2021-06-16,complete,Homo sapiens,29835,4.3.4/1.37.1/v0.1.12/0.3.19/0.6.6
8,OQ565037.1,B.1.621,2021-04-07,complete,Homo sapiens,29781,4.3.4/1.37.1/v0.1.12/0.3.19/0.6.6
8,MZ742235.1,B.1.621,2021-07-16,complete,Homo sapiens,29823,4.3.4/1.37.1/v0.1.12/0.3.19/0.6.6
8,OK189401.1,B.1.621,2021-06-13,complete,Homo sapiens,29536,4.3.4/1.37.1/v0.1.12/0.3.19/0.6.6
8,MZ742647.1,B.1.621,2021-07-18,complete,Homo sapiens,29823,4.3.4/1.37.1/v0.1.12/0.3.19/0.6.6
8,OK249507.1,B.1.621,2021-06-22,complete,Homo sapiens,29781,4.3.4/1.37.1/v0.1.12/0.3.19/0.6.6
8,OK145217.1,B.1.621,2021-08-06,complete,Homo sapiens,29821,4.3.4/1.37.1/v0.1.12/0.3.19/0.6.6
8,OQ564913.1,B.1.621,2021-05-04,complete,Homo sapiens,29781,4.3.4/1.37.1/v0.1.12/0.3.19/0.6.6
8,OK029374.1,B.1.621,2021-07-30,complete,Homo sapiens,29830,4.3.4/1.37.1/v0.1.12/0.3.19/0.6.6
8,ON184970.1,B.1.621,2021-06-22,complete,Homo sapiens,29797,4.3.4/1.37.1/v0.1.12/0.3.19/0.6.6
8,OK003560.1,B.1.621,2021-08-04,complete,Homo sapiens,29835,4.3.4/1.37.1/v0.1.12/0.3.19/0.6.6
8,OK296450.1,B.1.621,2021-06-16,complete,Homo sapiens,29812,4.3.4/1.37.1/v0.1.12/0.3.19/0.6.6
8,OM433087.1,B.1.621,2021-06-16,complete,Homo sapiens,29868,4.3.4/1.37.1/v0.1.12/0.3.19/0.6.6
8,MZ881309.1,B.1.621,2021-07-29,complete,Homo sapiens,29796,4.3.4/1.37.1/v0.1.12/0.3.19/0.6.6
8,OL522016.1,B.1.621,2021-06-26,complete,Homo sapiens,29889,4.3.4/1.37.1/v0.1.12/0.3.19/0.6.6
8,OK214230.1,B.1.621,2021-07-12,complete,Homo sapiens,29809,4.3.4/1.37.1/v0.1.12/0.3.19/0.6.6
8,OK248884.1,B.1.621,2021-07-10,complete,Homo sapiens,29781,4.3.4/1.37.1/v0.1.12/0.3.19/0.6.6
8,OK233684.1,B.1.621,2021-06-24,complete,Homo sapiens,29405,4.3.4/1.37.1/v0.1.12/0.3.19/0.6.6
8,OK293870.1,B.1.621,2021-06-07,complete,Homo sapiens,29828,4.3.4/1.37.1/v0.1.12/0.3.19/0.6.6
8,OM897987.1,B.1.621,2021-03-24,complete,Homo sapiens,29536,4.3.4/1.37.1/v0.1.12/0.3.19/0.6.6
8,MZ970792.1,B.1.621,2021-05-04,complete,Homo sapiens,29781,4.3.4/1.37.1/v0.1.12/0.3.19/0.6.6
8,OK234996.1,B.1.621,2021-06-15,complete,Homo sapiens,29736,4.3.4/1.37.1/v0.1.12/0.3.19/0.6.6
8,MZ742135.1,B.1.621,2021-07-18,complete,Homo sapiens,29784,4.3.4/1.37.1/v0.1.12/0.3.19/0.6.6
8,MZ866044.1,B.1.621,2021-07-19,complete,Homo sapiens,29177,4.3.4/1.37.1/v0.1.12/0.3.19/0.6.6
8,MZ810930.1,B.1.621,2021-07-30,complete,Homo sapiens,29812,4.3.4/1.37.1/v0.1.12/0.3.19/0.6.6
8,OK293840.1,B.1.621,2021-04-11,complete,Homo sapiens,29897,4.3.4/1.37.1/v0.1.12/0.3.19/0.6.6
8,OK100110.1,B.1.621,2021-08-16,complete,Homo sapiens,29206,4.3.4/1.37.1/v0.1.12/0.3.19/0.6.6
8,OK251418.1,B.1.621,2021-05-20,complete,Homo sapiens,29781,4.3.4/1.37.1/v0.1.12/0.3.19/0.6.6
8,OM898709.1,B.1.621,2021-07-01,complete,Homo sapiens,29536,4.3.4/1.37.1/v0.1.12/0.3.19/0.6.6
8,OK194313.1,B.1.621,2021-04-18,complete,Homo sapiens,29822,4.3.4/1.37.1/v0.1.12/0.3.19/0.6.6
8,PQ980998.1,B.1.621,2021-08-11,complete,Homo sapiens,29839,4.3.4/1.37.1/v0.1.12/0.3.19/0.6.6
8,OQ558938.1,B.1.621,2021-07-09,complete,Homo sapiens,29781,4.3.4/1.37.1/v0.1.12/0.3.19/0.6.6
8,OQ691147.1,B.1.621,2021-05-10,complete,Homo sapiens,29536,4.3.4/1.37.1/v0.1.12/0.3.19/0.6.6
8,OQ564763.1,B.1.621,2021-04-08,complete,Homo sapiens,29781,4.3.4/1.37.1/v0.1.12/0.3.19/0.6.6
8,MZ754811.1,B.1.621,2021-07-25,complete,Homo sapiens,29818,4.3.4/1.37.1/v0.1.12/0.3.19/0.6.6
8,OK175171.1,B.1.621,2021-07-26,complete,Homo sapiens,29796,4.3.4/1.37.1/v0.1.12/0.3.19/0.6.6
8,MZ723837.1,B.1.621,2021-07-09,complete,Homo sapiens,29815,4.3.4/1.37.1/v0.1.12/0.3.19/0.6.6
8,OK296253.1,B.1.621,2021-05-27,complete,Homo sapiens,29867,4.3.4/1.37.1/v0.1.12/0.3.19/0.6.6
8,OK190698.1,B.1.621,2021-05-03,complete,Homo sapiens,29824,4.3.4/1.37.1/v0.1.12/0.3.19/0.6.6
8,OK233285.1,B.1.621,2021-05-20,complete,Homo sapiens,29779,4.3.4/1.37.1/v0.1.12/0.3.19/0.6.6
8,OK121917.1,B.1.621,2021-07-21,complete,Homo sapiens,29422,4.3.4/1.37.1/v0.1.12/0.3.19/0.6.6
8,OL543795.1,B.1.621,2021-06-29,complete,Homo sapiens,29870,4.3.4/1.37.1/v0.1.12/0.3.19/0.6.6
8,MZ727754.1,B.1.621,2021-06-27,complete,Homo sapiens,29781,4.3.4/1.37.1/v0.1.12/0.3.19/0.6.6
8,OQ557870.1,B.1.621,2021-04-18,complete,Homo sapiens,29774,4.3.4/1.37.1/v0.1.12/0.3.19/0.6.6
8,OR888354.1,B.1.621,2021-07-13,complete,Homo sapiens,29597,4.3.4/1.37.1/v0.1.12/0.3.19/0.6.6
8,OK324488.1,B.1.621,2021-08-03,complete,Homo sapiens,29781,4.3.4/1.37.1/v0.1.12/0.3.19/0.6.6
8,OK193399.1,B.1.621,2021-04-25,complete,Homo sapiens,29698,4.3.4/1.37.1/v0.1.12/0.3.19/0.6.6
8,OK215113.1,B.1.621,2021-04-15,complete,Homo sapiens,29812,4.3.4/1.37.1/v0.1.12/0.3.19/0.6.6
8,OQ691321.1,B.1.621,2021-06-17,complete,Homo sapiens,29536,4.3.4/1.37.1/v0.1.12/0.3.19/0.6.6
8,OQ564858.1,B.1.621,2021-05-05,complete,Homo sapiens,29781,4.3.4/1.37.1/v0.1.12/0.3.19/0.6.6
8,OK211740.1,B.1.621,2021-06-02,complete,Homo sapiens,29779,4.3.4/1.37.1/v0.1.12/0.3.19/0.6.6
8,OK291812.1,B.1.621,2021-06-08,complete,Homo sapiens,29833,4.3.4/1.37.1/v0.1.12/0.3.19/0.6.6
8,MZ727680.1,B.1.621,2021-06-24,complete,Homo sapiens,29809,4.3.4/1.37.1/v0.1.12/0.3.19/0.6.6
8,MZ815147.1,B.1.621,2021-07-22,complete,Homo sapiens,29536,4.3.4/1.37.1/v0.1.12/0.3.19/0.6.6
8,ON454379.1,B.1.621,2021-07-15,complete,Homo sapiens,29781,4.3.4/1.37.1/v0.1.12/0.3.19/0.6.6
8,OK297570.1,B.1.621,2021-07-12,complete,Homo sapiens,29826,4.3.4/1.37.1/v0.1.12/0.3.19/0.6.6
8,OK248342.1,B.1.621,2021-06-11,complete,Homo sapiens,29781,4.3.4/1.37.1/v0.1.12/0.3.19/0.6.6
8,OQ558944.1,B.1.621,2021-07-20,complete,Homo sapiens,29781,4.3.4/1.37.1/v0.1.12/0.3.19/0.6.6
8,MZ727763.1,B.1.621,2021-06-25,complete,Homo sapiens,29816,4.3.4/1.37.1/v0.1.12/0.3.19/0.6.6
8,OK214075.1,B.1.621,2021-05-21,complete,Homo sapiens,29812,4.3.4/1.37.1/v0.1.12/0.3.19/0.6.6
8,OL345033.1,B.1.621,2021-05-20,complete,Homo sapiens,29498,4.3.4/1.37.1/v0.1.12/0.3.19/0.6.6
8,MZ742184.1,B.1.621,2021-06-29,complete,Homo sapiens,29835,4.3.4/1.37.1/v0.1.12/0.3.19/0.6.6
8,OK252874.1,B.1.621,2021-06-23,complete,Homo sapiens,29774,4.3.4/1.37.1/v0.1.12/0.3.19/0.6.6
8,OK230828.1,B.1.621,2021-06-17,complete,Homo sapiens,29764,4.3.4/1.37.1/v0.1.12/0.3.19/0.6.6
8,MZ994392.1,B.1.621,2021-07-27,complete,Homo sapiens,29779,4.3.4/1.37.1/v0.1.12/0.3.19/0.6.6
8,OQ565048.1,B.1.621,2021-05-18,complete,Homo sapiens,29778,4.3.4/1.37.1/v0.1.12/0.3.19/0.6.6
8,OK460046.1,B.1.621,2021-09-09,complete,Homo sapiens,29835,4.3.4/1.37.1/v0.1.12/0.3.19/0.6.6
8,OK211483.1,B.1.621,2021-07-20,complete,Homo sapiens,29812,4.3.4/1.37.1/v0.1.12/0.3.19/0.6.6
8,MZ871574.1,B.1.621,2021-07-28,complete,Homo sapiens,29835,4.3.4/1.37.1/v0.1.12/0.3.19/0.6.6
8,MZ810572.1,B.1.621,2021-07-22,complete,Homo sapiens,29835,4.3.4/1.37.1/v0.1.12/0.3.19/0.6.6
8,OZ064598.1,B.1.621,2021-10-26,complete,Homo sapiens,29756,4.3.4/1.37.1/v0.1.12/0.3.19/0.6.6
8,OK222017.1,B.1.621,2021-09-03,complete,Homo sapiens,29835,4.3.4/1.37.1/v0.1.12/0.3.19/0.6.6
8,OL416556.1,B.1.621,2021-07-14,complete,Homo sapiens,29833,4.3.4/1.37.1/v0.1.12/0.3.19/0.6.6
8,OK023005.1,B.1.621,2021-07-28,complete,Homo sapiens,29755,4.3.4/1.37.1/v0.1.12/0.3.19/0.6.6
8,OK248567.1,B.1.621,2021-06-16,complete,Homo sapiens,29780,4.3.4/1.37.1/v0.1.12/0.3.19/0.6.6
8,OQ691318.1,B.1.621,2021-06-11,complete,Homo sapiens,29536,4.3.4/1.37.1/v0.1.12/0.3.19/0.6.6
8,MZ917304.1,B.1.621,2021-05-21,complete,Homo sapiens,29474,4.3.4/1.37.1/v0.1.12/0.3.19/0.6.6
8,OK296122.1,B.1.621,2021-06-03,complete,Homo sapiens,29900,4.3.4/1.37.1/v0.1.12/0.3.19/0.6.6
8,OM898490.1,B.1.621,2021-05-09,complete,Homo sapiens,29534,4.3.4/1.37.1/v0.1.12/0.3.19/0.6.6
8,MZ732042.1,B.1.621,2021-07-12,complete,Homo sapiens,29805,4.3.4/1.37.1/v0.1.12/0.3.19/0.6.6
8,OK133993.1,B.1.621,2021-08-16,complete,Homo sapiens,29713,4.3.4/1.37.1/v0.1.12/0.3.19/0.6.6
8,MZ886004.1,B.1.621,2021-08-05,complete,Homo sapiens,29778,4.3.4/1.37.1/v0.1.12/0.3.19/0.6.6
8,OK652654.1,B.1.621,2021-07-12,complete,Homo sapiens,29872,4.3.4/1.37.1/v0.1.12/0.3.19/0.6.6
8,OP398427.1,B.1.621,2021-07-14,complete,Homo sapiens,29848,4.3.4/1.37.1/v0.1.12/0.3.19/0.6.6
8,OK252665.1,B.1.621,2021-07-05,complete,Homo sapiens,29781,4.3.4/1.37.1/v0.1.12/0.3.19/0.6.6
8,OQ691475.1,B.1.621,2021-05-11,complete,Homo sapiens,29536,4.3.4/1.37.1/v0.1.12/0.3.19/0.6.6
8,MZ780553.1,B.1.621,2021-06-01,complete,Homo sapiens,29815,4.3.4/1.37.1/v0.1.12/0.3.19/0.6.6
8,OL869035.1,B.1.621,2021-08-13,complete,Homo sapiens,29781,4.3.4/1.37.1/v0.1.12/0.3.19/0.6.6
8,MZ827545.1,B.1.621,2021-07-14,complete,Homo sapiens,29713,4.3.4/1.37.1/v0.1.12/0.3.19/0.6.6
8,OK249232.1,B.1.621,2021-06-30,complete,Homo sapiens,29763,4.3.4/1.37.1/v0.1.12/0.3.19/0.6.6
8,OK231630.1,B.1.621,2021-06-04,complete,Homo sapiens,29531,4.3.4/1.37.1/v0.1.12/0.3.19/0.6.6
8,MZ881694.1,B.1.621,2021-07-30,complete,Homo sapiens,29796,4.3.4/1.37.1/v0.1.12/0.3.19/0.6.6
8,MZ775851.2,B.1.621,2021-08-03,complete,Homo sapiens,29873,4.3.4/1.37.1/v0.1.12/0.3.19/0.6.6
8,OK463104.1,B.1.621,2021-07-17,complete,Homo sapiens,29871,4.3.4/1.37.1/v0.1.12/0.3.19/0.6.6
8,OL416954.1,B.1.621,2021-07-12,complete,Homo sapiens,29688,4.3.4/1.37.1/v0.1.12/0.3.19/0.6.6
8,MZ743755.1,B.1.621,2021-06-30,complete,Homo sapiens,29779,4.3.4/1.37.1/v0.1.12/0.3.19/0.6.6
8,MZ887073.1,B.1.621,2021-08-05,complete,Homo sapiens,29746,4.3.4/1.37.1/v0.1.12/0.3.19/0.6.6
8,OK240007.1,B.1.621,2021-06-08,complete,Homo sapiens,29796,4.3.4/1.37.1/v0.1.12/0.3.19/0.6.6
8,PP301276.1,B.1.621,2021-04-02,complete,Homo sapiens,29597,4.3.4/1.37.1/v0.1.12/0.3.19/0.6.6
8,MZ743596.1,B.1.621,2021-07-15,complete,Homo sapiens,29531,4.3.4/1.37.1/v0.1.12/0.3.19/0.6.6
8,OK251665.1,B.1.621,2021-07-09,complete,Homo sapiens,29781,4.3.4/1.37.1/v0.1.12/0.3.19/0.6.6
8,OK218187.1,B.1.621,2021-05-22,complete,Homo sapiens,29830,4.3.4/1.37.1/v0.1.12/0.3.19/0.6.6
8,MZ742447.1,B.1.621,2021-07-15,complete,Homo sapiens,29805,4.3.4/1.37.1/v0.1.12/0.3.19/0.6.6
8,OP303167.1,B.1.621,2021-08-22,complete,Homo sapiens,29840,4.3.4/1.37.1/v0.1.12/0.3.19/0.6.6
8,MZ467310.1,B.1.621,2021-05-17,complete,Homo sapiens,29835,4.3.4/1.37.1/v0.1.12/0.3.19/0.6.6
8,OK112471.1,B.1.621,2021-07-19,complete,Homo sapiens,29779,4.3.4/1.37.1/v0.1.12/0.3.19/0.6.6
8,OK097393.1,B.1.621,2021-08-16,complete,Homo sapiens,29713,4.3.4/1.37.1/v0.1.12/0.3.19/0.6.6
8,OK230968.1,B.1.621,2021-07-02,complete,Homo sapiens,29682,4.3.4/1.37.1/v0.1.12/0.3.19/0.6.6
8,OK249909.1,B.1.621,2021-05-15,complete,Homo sapiens,29775,4.3.4/1.37.1/v0.1.12/0.3.19/0.6.6
8,OK250877.1,B.1.621,2021-06-19,complete,Homo sapiens,29781,4.3.4/1.37.1/v0.1.12/0.3.19/0.6.6
8,MZ970831.1,B.1.621,2021-06-21,complete,Homo sapiens,29781,4.3.4/1.37.1/v0.1.12/0.3.19/0.6.6
8,MZ728939.1,B.1.621,2021-07-13,complete,Homo sapiens,29647,4.3.4/1.37.1/v0.1.12/0.3.19/0.6.6
8,OX503160.1,B.1.621,2021-08-06,complete,Homo sapiens,29902,4.3.4/1.37.1/v0.1.12/0.3.19/0.6.6
8,MZ936998.1,B.1.621,2021-06-30,complete,Homo sapiens,29781,4.3.4/1.37.1/v0.1.12/0.3.19/0.6.6
8,OK016396.1,B.1.621,2021-08-01,complete,Homo sapiens,29835,4.3.4/1.37.1/v0.1.12/0.3.19/0.6.6
8,OK231826.1,B.1.621,2021-06-25,complete,Homo sapiens,29745,4.3.4/1.37.1/v0.1.12/0.3.19/0.6.6
8,OZ066703.1,B.1.621,2021-10-28,complete,Homo sapiens,29683,4.3.4/1.37.1/v0.1.12/0.3.19/0.6.6
8,MZ728917.1,B.1.621,2021-07-23,complete,Homo sapiens,29812,4.3.4/1.37.1/v0.1.12/0.3.19/0.6.6
8,OY309287.1,B.1.621,2021-07-27,complete,Homo sapiens,29578,4.3.4/1.37.1/v0.1.12/0.3.19/0.6.6
8,OL345118.1,B.1.621,2021-06-18,complete,Homo sapiens,29108,4.3.4/1.37.1/v0.1.12/0.3.19/0.6.6
8,OK232345.1,B.1.621,2021-06-02,complete,Homo sapiens,29745,4.3.4/1.37.1/v0.1.12/0.3.19/0.6.6
8,OQ564820.1,B.1.621,2021-04-16,complete,Homo sapiens,29781,4.3.4/1.37.1/v0.1.12/0.3.19/0.6.6
8,OK292273.1,B.1.621,2021-06-05,complete,Homo sapiens,29828,4.3.4/1.37.1/v0.1.12/0.3.19/0.6.6
8,OK219675.1,B.1.621,2021-04-26,complete,Homo sapiens,29816,4.3.4/1.37.1/v0.1.12/0.3.19/0.6.6
8,OK242596.1,B.1.621,2021-07-09,complete,Homo sapiens,29776,4.3.4/1.37.1/v0.1.12/0.3.19/0.6.6
8,MZ930878.1,B.1.621,2021-06-17,complete,Homo sapiens,29805,4.3.4/1.37.1/v0.1.12/0.3.19/0.6.6
8,OX657169.1,B.1.621,2021-07-26,complete,Homo sapiens,29832,4.3.4/1.37.1/v0.1.12/0.3.19/0.6.6
8,OK234096.1,B.1.621,2021-06-02,complete,Homo sapiens,29772,4.3.4/1.37.1/v0.1.12/0.3.19/0.6.6
8,OQ565068.1,B.1.621,2021-05-14,complete,Homo sapiens,29781,4.3.4/1.37.1/v0.1.12/0.3.19/0.6.6
8,OK213039.1,B.1.621,2021-05-31,complete,Homo sapiens,29812,4.3.4/1.37.1/v0.1.12/0.3.19/0.6.6
8,MZ810578.1,B.1.621,2021-07-19,complete,Homo sapiens,29536,4.3.4/1.37.1/v0.1.12/0.3.19/0.6.6
8,OK295517.1,B.1.621,2021-06-18,complete,Homo sapiens,29831,4.3.4/1.37.1/v0.1.12/0.3.19/0.6.6
8,OK189302.1,B.1.621,2021-06-28,complete,Homo sapiens,29536,4.3.4/1.37.1/v0.1.12/0.3.19/0.6.6
8,OK019775.1,B.1.621,2021-08-02,complete,Homo sapiens,29722,4.3.4/1.37.1/v0.1.12/0.3.19/0.6.6
8,OK550067.1,B.1.621,2021-07-05,complete,Homo sapiens,29597,4.3.4/1.37.1/v0.1.12/0.3.19/0.6.6
8,OK297526.1,B.1.621,2021-05-22,complete,Homo sapiens,29814,4.3.4/1.37.1/v0.1.12/0.3.19/0.6.6
8,MZ885026.1,B.1.621,2021-08-10,complete,Homo sapiens,29812,4.3.4/1.37.1/v0.1.12/0.3.19/0.6.6
8,OK230547.1,B.1.621,2021-06-17,complete,Homo sapiens,29745,4.3.4/1.37.1/v0.1.12/0.3.19/0.6.6
8,MZ865881.1,B.1.621,2021-07-16,complete,Homo sapiens,29679,4.3.4/1.37.1/v0.1.12/0.3.19/0.6.6
8,MZ742270.1,B.1.621,2021-07-11,complete,Homo sapiens,29736,4.3.4/1.37.1/v0.1.12/0.3.19/0.6.6
8,OK550035.1,B.1.621,2021-07-27,complete,Homo sapiens,29597,4.3.4/1.37.1/v0.1.12/0.3.19/0.6.6
8,OK231834.1,B.1.621,2021-06-11,complete,Homo sapiens,29779,4.3.4/1.37.1/v0.1.12/0.3.19/0.6.6
8,MZ743701.1,B.1.621,2021-07-15,complete,Homo sapiens,29746,4.3.4/1.37.1/v0.1.12/0.3.19/0.6.6
8,OK291799.1,B.1.621,2021-06-23,complete,Homo sapiens,29820,4.3.4/1.37.1/v0.1.12/0.3.19/0.6.6
8,OL532317.1,B.1.621,2021-07-06,complete,Homo sapiens,29862,4.3.4/1.37.1/v0.1.12/0.3.19/0.6.6
8,OK162065.1,B.1.621,2021-08-27,complete,Homo sapiens,29835,4.3.4/1.37.1/v0.1.12/0.3.19/0.6.6
8,OK310978.1,B.1.621,2021-07-21,complete,Homo sapiens,29874,4.3.4/1.37.1/v0.1.12/0.3.19/0.6.6
8,MZ728184.1,B.1.621,2021-05-11,complete,Homo sapiens,29832,4.3.4/1.37.1/v0.1.12/0.3.19/0.6.6
8,OK231722.1,B.1.621,2021-06-26,complete,Homo sapiens,29650,4.3.4/1.37.1/v0.1.12/0.3.19/0.6.6
8,OK233947.1,B.1.621,2021-05-23,complete,Homo sapiens,29764,4.3.4/1.37.1/v0.1.12/0.3.19/0.6.6
8,OK248478.1,B.1.621,2021-06-17,complete,Homo sapiens,29781,4.3.4/1.37.1/v0.1.12/0.3.19/0.6.6
8,OQ557589.1,B.1.621,2021-04-02,complete,Homo sapiens,29781,4.3.4/1.37.1/v0.1.12/0.3.19/0.6.6
8,OK109635.1,B.1.621,2021-07-11,complete,Homo sapiens,29781,4.3.4/1.37.1/v0.1.12/0.3.19/0.6.6
8,MZ873498.1,B.1.621,2021-07-30,complete,Homo sapiens,29796,4.3.4/1.37.1/v0.1.12/0.3.19/0.6.6
8,MZ854517.1,B.1.621,2021-06-24,complete,Homo sapiens,29837,4.3.4/1.37.1/v0.1.12/0.3.19/0.6.6
8,MZ927542.1,B.1.621,2021-07-23,complete,Homo sapiens,29835,4.3.4/1.37.1/v0.1.12/0.3.19/0.6.6
8,OK501507.1,B.1.621,2021-07-12,complete,Homo sapiens,29861,4.3.4/1.37.1/v0.1.12/0.3.19/0.6.6
8,OK296835.1,B.1.621,2021-06-29,complete,Homo sapiens,29825,4.3.4/1.37.1/v0.1.12/0.3.19/0.6.6
8,OM898671.1,B.1.621,2021-06-29,complete,Homo sapiens,29536,4.3.4/1.37.1/v0.1.12/0.3.19/0.6.6
8,OQ558945.1,B.1.621,2021-07-20,complete,Homo sapiens,29781,4.3.4/1.37.1/v0.1.12/0.3.19/0.6.6
8,OQ522727.1,B.1.621,2021-08-17,complete,Homo sapiens,29777,4.3.4/1.37.1/v0.1.12/0.3.19/0.6.6
8,MZ285014.1,B.1.621,2021-05-07,complete,Homo sapiens,29781,4.3.4/1.37.1/v0.1.12/0.3.19/0.6.6
8,OK240265.1,B.1.621,2021-05-07,complete,Homo sapiens,29796,4.3.4/1.37.1/v0.1.12/0.3.19/0.6.6
8,MZ746641.1,B.1.621,2021-07-12,complete,Homo sapiens,29810,4.3.4/1.37.1/v0.1.12/0.3.19/0.6.6
8,MZ142632.1,B.1.621,2021-04-22,complete,Homo sapiens,29704,4.3.4/1.37.1/v0.1.12/0.3.19/0.6.6
8,OK022997.1,B.1.621,2021-07-28,complete,Homo sapiens,29807,4.3.4/1.37.1/v0.1.12/0.3.19/0.6.6
8,MZ729104.1,B.1.621,2021-07-02,complete,Homo sapiens,29821,4.3.4/1.37.1/v0.1.12/0.3.19/0.6.6
8,OK233190.1,B.1.621,2021-05-11,complete,Homo sapiens,29773,4.3.4/1.37.1/v0.1.12/0.3.19/0.6.6
8,MZ914323.1,B.1.621,2021-05-24,complete,Homo sapiens,29800,4.3.4/1.37.1/v0.1.12/0.3.19/0.6.6
8,OK293461.1,B.1.621,2021-05-25,complete,Homo sapiens,29896,4.3.4/1.37.1/v0.1.12/0.3.19/0.6.6
8,MZ811115.1,B.1.621,2021-07-12,complete,Homo sapiens,29776,4.3.4/1.37.1/v0.1.12/0.3.19/0.6.6
8,OK311287.1,B.1.621,2021-07-24,complete,Homo sapiens,29848,4.3.4/1.37.1/v0.1.12/0.3.19/0.6.6
8,OK292503.1,B.1.621,2021-07-07,complete,Homo sapiens,29820,4.3.4/1.37.1/v0.1.12/0.3.19/0.6.6
8,OK230916.1,B.1.621,2021-05-26,complete,Homo sapiens,29716,4.3.4/1.37.1/v0.1.12/0.3.19/0.6.6
8,OQ565099.1,B.1.621,2021-04-06,complete,Homo sapiens,29775,4.3.4/1.37.1/v0.1.12/0.3.19/0.6.6
8,MZ811061.1,B.1.621,2021-07-28,complete,Homo sapiens,29812,4.3.4/1.37.1/v0.1.12/0.3.19/0.6.6
8,OM922668.1,B.1.621,2021-07-30,complete,Homo sapiens,29797,4.3.4/1.37.1/v0.1.12/0.3.19/0.6.6
8,PQ645292.1,B.1.621,2021-08-11,complete,Homo sapiens,29536,4.3.4/1.37.1/v0.1.12/0.3.19/0.6.6
8,OK234329.1,B.1.621,2021-06-22,complete,Homo sapiens,29650,4.3.4/1.37.1/v0.1.12/0.3.19/0.6.6
8,OK211269.1,B.1.621,2021-07-14,complete,Homo sapiens,29812,4.3.4/1.37.1/v0.1.12/0.3.19/0.6.6
8,OK214559.1,B.1.621,2021-04-22,complete,Homo sapiens,29812,4.3.4/1.37.1/v0.1.12/0.3.19/0.6.6
8,OM898414.1,B.1.621,2021-05-31,complete,Homo sapiens,29540,4.3.4/1.37.1/v0.1.12/0.3.19/0.6.6
8,OK311530.1,B.1.621,2021-07-27,complete,Homo sapiens,29849,4.3.4/1.37.1/v0.1.12/0.3.19/0.6.6
8,OK230391.1,B.1.621,2021-06-01,complete,Homo sapiens,29778,4.3.4/1.37.1/v0.1.12/0.3.19/0.6.6
8,OK101374.1,B.1.621,2021-08-12,complete,Homo sapiens,29715,4.3.4/1.37.1/v0.1.12/0.3.19/0.6.6
8,PP612149.1,B.1.621,2021-04-15,complete,Homo sapiens,29745,4.3.4/1.37.1/v0.1.12/0.3.19/0.6.6
8,OL312886.1,B.1.621,2021-06-02,complete,Homo sapiens,29821,4.3.4/1.37.1/v0.1.12/0.3.19/0.6.6
8,OK237477.1,B.1.621,2021-08-06,complete,Homo sapiens,29832,4.3.4/1.37.1/v0.1.12/0.3.19/0.6.6
8,OM898421.1,B.1.621,2021-05-31,complete,Homo sapiens,29536,4.3.4/1.37.1/v0.1.12/0.3.19/0.6.6
8,OK112530.1,B.1.621,2021-07-22,complete,Homo sapiens,29442,4.3.4/1.37.1/v0.1.12/0.3.19/0.6.6
8,OQ564731.1,B.1.621,2021-03-08,complete,Homo sapiens,29781,4.3.4/1.37.1/v0.1.12/0.3.19/0.6.6
8,MZ931150.1,B.1.621,2021-06-24,complete,Homo sapiens,29740,4.3.4/1.37.1/v0.1.12/0.3.19/0.6.6
8,OK231751.1,B.1.621,2021-05-12,complete,Homo sapiens,29709,4.3.4/1.37.1/v0.1.12/0.3.19/0.6.6
8,OQ557546.1,B.1.621,2021-04-11,complete,Homo sapiens,29781,4.3.4/1.37.1/v0.1.12/0.3.19/0.6.6
8,OK112561.1,B.1.621,2021-07-15,complete,Homo sapiens,29779,4.3.4/1.37.1/v0.1.12/0.3.19/0.6.6
8,OK212820.1,B.1.621,2021-06-15,complete,Homo sapiens,29812,4.3.4/1.37.1/v0.1.12/0.3.19/0.6.6
8,OK251183.1,B.1.621,2021-05-19,complete,Homo sapiens,29781,4.3.4/1.37.1/v0.1.12/0.3.19/0.6.6
8,OL555441.1,B.1.621,2021-09-10,complete,Homo sapiens,29778,4.3.4/1.37.1/v0.1.12/0.3.19/0.6.6
8,PQ965078.1,B.1.621,2021-07-26,complete,Homo sapiens,29770,4.3.4/1.37.1/v0.1.12/0.3.19/0.6.6
8,OK314319.1,B.1.621,2021-07-26,complete,Homo sapiens,29849,4.3.4/1.37.1/v0.1.12/0.3.19/0.6.6
8,OK292950.1,B.1.621,2021-03-19,complete,Homo sapiens,29894,4.3.4/1.37.1/v0.1.12/0.3.19/0.6.6
8,OQ557880.1,B.1.621,2021-06-04,complete,Homo sapiens,29781,4.3.4/1.37.1/v0.1.12/0.3.19/0.6.6
8,OL345117.1,B.1.621,2021-06-18,complete,Homo sapiens,29833,4.3.4/1.37.1/v0.1.12/0.3.19/0.6.6
8,PQ977435.1,B.1.621,2021-07-20,complete,Homo sapiens,29796,4.3.4/1.37.1/v0.1.12/0.3.19/0.6.6
8,OK248182.1,B.1.621,2021-04-21,complete,Homo sapiens,29783,4.3.4/1.37.1/v0.1.12/0.3.19/0.6.6
8,OQ691581.1,B.1.621,2021-07-03,complete,Homo sapiens,29535,4.3.4/1.37.1/v0.1.12/0.3.19/0.6.6
8,OK252906.1,B.1.621,2021-07-08,complete,Homo sapiens,29781,4.3.4/1.37.1/v0.1.12/0.3.19/0.6.6
8,MZ849168.1,B.1.621,2021-07-07,complete,Homo sapiens,29342,4.3.4/1.37.1/v0.1.12/0.3.19/0.6.6
8,MZ727934.1,B.1.621,2021-06-28,complete,Homo sapiens,29779,4.3.4/1.37.1/v0.1.12/0.3.19/0.6.6
8,OK112316.1,B.1.621,2021-07-20,complete,Homo sapiens,29650,4.3.4/1.37.1/v0.1.12/0.3.19/0.6.6
8,OX954176.1,B.1.621,2021-06-24,complete,Homo sapiens,29903,4.3.4/1.37.1/v0.1.12/0.3.19/0.6.6
8,OK021675.1,B.1.621,2021-07-08,complete,Homo sapiens,29781,4.3.4/1.37.1/v0.1.12/0.3.19/0.6.6
8,OK112528.1,B.1.621,2021-07-22,complete,Homo sapiens,29475,4.3.4/1.37.1/v0.1.12/0.3.19/0.6.6
8,OR314300.1,B.1.621,2021-04-03,complete,Homo sapiens,29824,4.3.4/1.37.1/v0.1.12/0.3.19/0.6.6
8,OK112421.1,B.1.621,2021-07-20,complete,Homo sapiens,29779,4.3.4/1.37.1/v0.1.12/0.3.19/0.6.6
8,MZ931037.1,B.1.621,2021-06-26,complete,Homo sapiens,29796,4.3.4/1.37.1/v0.1.12/0.3.19/0.6.6
8,OK293891.1,B.1.621,2021-04-16,complete,Homo sapiens,29901,4.3.4/1.37.1/v0.1.12/0.3.19/0.6.6
8,MZ727744.1,B.1.621,2021-06-28,complete,Homo sapiens,29781,4.3.4/1.37.1/v0.1.12/0.3.19/0.6.6
8,OM898453.1,B.1.621,2021-06-01,complete,Homo sapiens,29536,4.3.4/1.37.1/v0.1.12/0.3.19/0.6.6
8,OK133992.1,B.1.621,2021-08-16,complete,Homo sapiens,29780,4.3.4/1.37.1/v0.1.12/0.3.19/0.6.6
8,MZ811048.1,B.1.621,2021-07-28,complete,Homo sapiens,29807,4.3.4/1.37.1/v0.1.12/0.3.19/0.6.6
8,OK014287.1,B.1.621,2021-08-02,complete,Homo sapiens,29835,4.3.4/1.37.1/v0.1.12/0.3.19/0.6.6
8,OK313292.1,B.1.621,2021-07-26,complete,Homo sapiens,29848,4.3.4/1.37.1/v0.1.12/0.3.19/0.6.6
8,OK291695.1,B.1.621,2021-07-10,complete,Homo sapiens,29835,4.3.4/1.37.1/v0.1.12/0.3.19/0.6.6
8,OK233668.1,B.1.621,2021-06-16,complete,Homo sapiens,29441,4.3.4/1.37.1/v0.1.12/0.3.19/0.6.6
8,OK218203.1,B.1.621,2021-06-01,complete,Homo sapiens,29828,4.3.4/1.37.1/v0.1.12/0.3.19/0.6.6
8,MZ742436.1,B.1.621,2021-07-16,complete,Homo sapiens,29815,4.3.4/1.37.1/v0.1.12/0.3.19/0.6.6
8,OK064861.1,B.1.621,2021-07-22,complete,Homo sapiens,29830,4.3.4/1.37.1/v0.1.12/0.3.19/0.6.6
8,OK293664.1,B.1.621,2021-06-22,complete,Homo sapiens,29820,4.3.4/1.37.1/v0.1.12/0.3.19/0.6.6
8,OL584689.1,B.1.621,2021-09-07,complete,Homo sapiens,29761,4.3.4/1.37.1/v0.1.12/0.3.19/0.6.6
8,OK109604.1,B.1.621,2021-07-11,complete,Homo sapiens,29781,4.3.4/1.37.1/v0.1.12/0.3.19/0.6.6
8,OQ564775.1,B.1.621,2021-04-13,complete,Homo sapiens,29775,4.3.4/1.37.1/v0.1.12/0.3.19/0.6.6
8,OQ898579.1,B.1.621,2021-07,complete,Homo sapiens,29701,4.3.4/1.37.1/v0.1.12/0.3.19/0.6.6
8,OK472147.1,B.1.621,2021-08-06,complete,Homo sapiens,29848,4.3.4/1.37.1/v0.1.12/0.3.19/0.6.6
8,OK658627.1,B.1.621,2021-07-30,complete,Homo sapiens,29778,4.3.4/1.37.1/v0.1.12/0.3.19/0.6.6
8,OQ564880.1,B.1.621,2021-05-04,complete,Homo sapiens,29604,4.3.4/1.37.1/v0.1.12/0.3.19/0.6.6
8,OQ558937.1,B.1.621,2021-07-07,complete,Homo sapiens,29781,4.3.4/1.37.1/v0.1.12/0.3.19/0.6.6
8,OL673189.1,B.1.621,2021-08-22,complete,Homo sapiens,29902,4.3.4/1.37.1/v0.1.12/0.3.19/0.6.6
8,MZ755105.1,B.1.621,2021-07-27,complete,Homo sapiens,29830,4.3.4/1.37.1/v0.1.12/0.3.19/0.6.6
8,MZ865559.1,B.1.621,2021-07-29,complete,Homo sapiens,29683,4.3.4/1.37.1/v0.1.12/0.3.19/0.6.6
8,OQ691131.1,B.1.621,2021-05-03,complete,Homo sapiens,29530,4.3.4/1.37.1/v0.1.12/0.3.19/0.6.6
8,OK505404.1,B.1.621,2021-09-14,complete,Homo sapiens,29796,4.3.4/1.37.1/v0.1.12/0.3.19/0.6.6
8,OK211225.1,B.1.621,2021-05-25,complete,Homo sapiens,29815,4.3.4/1.37.1/v0.1.12/0.3.19/0.6.6
8,OK191464.1,B.1.621,2021-04-20,complete,Homo sapiens,29820,4.3.4/1.37.1/v0.1.12/0.3.19/0.6.6
8,OU471117.1,B.1.621,2021-04-29,complete,Homo sapiens,29778,4.3.4/1.37.1/v0.1.12/0.3.19/0.6.6
8,PP612619.1,B.1.621,2021-04-19,complete,Homo sapiens,29745,4.3.4/1.37.1/v0.1.12/0.3.19/0.6.6
8,OK028095.1,B.1.621,2021-07-30,complete,Homo sapiens,29827,4.3.4/1.37.1/v0.1.12/0.3.19/0.6.6
8,OK231338.1,B.1.621,2021-06-12,complete,Homo sapiens,29808,4.3.4/1.37.1/v0.1.12/0.3.19/0.6.6
8,OK232233.1,B.1.621,2021-06-27,complete,Homo sapiens,28808,4.3.4/1.37.1/v0.1.12/0.3.19/0.6.6
8,MZ780498.1,B.1.621,2021-05-07,complete,Homo sapiens,29789,4.3.4/1.37.1/v0.1.12/0.3.19/0.6.6
9,OZ064465.1,C.37,2021-08-04,complete,Homo sapiens,29768,4.3.4/1.37.1/v0.1.12/0.3.19/0.6.6
9,MZ076366.1,C.37,2021-04-08,complete,Homo sapiens,29843,4.3.4/1.37.1/v0.1.12/0.3.19/0.6.6
9,MZ579108.1,C.37,2021-04-19,complete,Homo sapiens,29894,4.3.4/1.37.1/v0.1.12/0.3.19/0.6.6
9,OZ067482.1,C.37,2021-11-17,complete,Homo sapiens,29771,4.3.4/1.37.1/v0.1.12/0.3.19/0.6.6
9,MZ060891.1,C.37,2021-04-12,complete,Homo sapiens,29801,4.3.4/1.37.1/v0.1.12/0.3.19/0.6.6
9,OZ062537.1,C.37,2021-07-05,complete,Homo sapiens,29775,4.3.4/1.37.1/v0.1.12/0.3.19/0.6.6
9,MZ984080.1,C.37,2021-07-02,complete,Homo sapiens,29749,4.3.4/1.37.1/v0.1.12/0.3.19/0.6.6
9,PP141619.1,C.37,2021-04-16,complete,Homo sapiens,29816,4.3.4/1.37.1/v0.1.12/0.3.19/0.6.6
9,MZ741715.1,C.37,2021-07-18,complete,Homo sapiens,29752,4.3.4/1.37.1/v0.1.12/0.3.19/0.6.6
9,MZ275299.1,C.37,2021-03-13,complete,Homo sapiens,29798,4.3.4/1.37.1/v0.1.12/0.3.19/0.6.6
9,OZ062041.1,C.37,2021-06-14,complete,Homo sapiens,29789,4.3.4/1.37.1/v0.1.12/0.3.19/0.6.6
9,OZ061962.1,C.37,2021-05-22,complete,Homo sapiens,29835,4.3.4/1.37.1/v0.1.12/0.3.19/0.6.6
9,OZ064427.1,C.37,2021-06-24,complete,Homo sapiens,29765,4.3.4/1.37.1/v0.1.12/0.3.19/0.6.6
9,OZ061939.1,C.37,2021-05-03,complete,Homo sapiens,29768,4.3.4/1.37.1/v0.1.12/0.3.19/0.6.6
9,OZ066638.1,C.37,2021-08-04,complete,Homo sapiens,29768,4.3.4/1.37.1/v0.1.12/0.3.19/0.6.6
9,OZ062216.1,C.37,2021-05-31,complete,Homo sapiens,29856,4.3.4/1.37.1/v0.1.12/0.3.19/0.6.6
9,OZ062175.1,C.37,2021-04-14,complete,Homo sapiens,29800,4.3.4/1.37.1/v0.1.12/0.3.19/0.6.6
9,OZ062991.1,C.37,2021-07-15,complete,Homo sapiens,29856,4.3.4/1.37.1/v0.1.12/0.3.19/0.6.6
9,OL622099.1,C.37,2021-08-04,complete,Homo sapiens,29819,4.3.4/1.37.1/v0.1.12/0.3.19/0.6.6
9,MZ539257.1,C.37,2021-05-19,complete,Homo sapiens,29793,4.3.4/1.37.1/v0.1.12/0.3.19/0.6.6
9,MZ244775.1,C.37,2021-05-10,complete,Homo sapiens,29871,4.3.4/1.37.1/v0.1.12/0.3.19/0.6.6
9,OZ063015.1,C.37,2021-07-21,complete,Homo sapiens,29776,4.3.4/1.37.1/v0.1.12/0.3.19/0.6.6
9,OZ062820.1,C.37,2021-06-23,complete,Homo sapiens,29854,4.3.4/1.37.1/v0.1.12/0.3.19/0.6.6
9,OZ061114.1,C.37,2021-04-04,complete,Homo sapiens,29817,4.3.4/1.37.1/v0.1.12/0.3.19/0.6.6
9,OZ066189.1,C.37,2021-10-16,complete,Homo sapiens,29789,4.3.4/1.37.1/v0.1.12/0.3.19/0.6.6
9,MZ071917.1,C.37,2021-04-15,complete,Homo sapiens,29684,4.3.4/1.37.1/v0.1.12/0.3.19/0.6.6
9,OZ064096.1,C.37,2021-07-20,complete,Homo sapiens,29768,4.3.4/1.37.1/v0.1.12/0.3.19/0.6.6
9,MZ281342.1,C.37,2021-05-04,complete,Homo sapiens,29871,4.3.4/1.37.1/v0.1.12/0.3.19/0.6.6
9,MZ149882.1,C.37,2021-04-28,complete,Homo sapiens,29845,4.3.4/1.37.1/v0.1.12/0.3.19/0.6.6
9,OM146079.1,C.37,2021-08-06,complete,Homo sapiens,29789,4.3.4/1.37.1/v0.1.12/0.3.19/0.6.6
9,OZ062512.1,C.37,2021-06-19,complete,Homo sapiens,29796,4.3.4/1.37.1/v0.1.12/0.3.19/0.6.6
9,MZ281880.1,C.37,2021-05-02,complete,Homo sapiens,29869,4.3.4/1.37.1/v0.1.12/0.3.19/0.6.6
9,OZ061716.1,C.37,2021-05-28,complete,Homo sapiens,29790,4.3.4/1.37.1/v0.1.12/0.3.19/0.6.6
9,OZ062783.1,C.37,2021-06-16,complete,Homo sapiens,29789,4.3.4/1.37.1/v0.1.12/0.3.19/0.6.6
9,OZ063113.1,C.37,2021-07-22,complete,Homo sapiens,29856,4.3.4/1.37.1/v0.1.12/0.3.19/0.6.6
9,OZ062316.1,C.37,2021-06-07,complete,Homo sapiens,29795,4.3.4/1.37.1/v0.1.12/0.3.19/0.6.6
9,OZ062082.1,C.37,2021-06-10,complete,Homo sapiens,29768,4.3.4/1.37.1/v0.1.12/0.3.19/0.6.6
9,MZ169360.1,C.37,2021-05-01,complete,Homo sapiens,29894,4.3.4/1.37.1/v0.1.12/0.3.19/0.6.6
9,MZ555379.1,C.37,2021-06-25,complete,Homo sapiens,29682,4.3.4/1.37.1/v0.1.12/0.3.19/0.6.6
9,MW891840.1,C.37,2021-03-23,complete,Homo sapiens,29792,4.3.4/1.37.1/v0.1.12/0.3.19/0.6.6
9,OZ062075.1,C.37,2021-05-16,complete,Homo sapiens,29776,4.3.4/1.37.1/v0.1.12/0.3.19/0.6.6
9,OZ065302.1,C.37,2021-09-08,complete,Homo sapiens,29768,4.3.4/1.37.1/v0.1.12/0.3.19/0.6.6
9,OZ065065.1,C.37,2021-09-08,complete,Homo sapiens,29792,4.3.4/1.37.1/v0.1.12/0.3.19/0.6.6
9,OZ063174.1,C.37,2021-06-28,complete,Homo sapiens,29790,4.3.4/1.37.1/v0.1.12/0.3.19/0.6.6
9,OZ061456.1,C.37,2021-04-21,complete,Homo sapiens,29788,4.3.4/1.37.1/v0.1.12/0.3.19/0.6.6
9,MZ498622.1,C.37,2021-06-04,complete,Homo sapiens,29794,4.3.4/1.37.1/v0.1.12/0.3.19/0.6.6
9,OZ063118.1,C.37,2021-07-12,complete,Homo sapiens,29789,4.3.4/1.37.1/v0.1.12/0.3.19/0.6.6
9,OZ065127.1,C.37,2021-08-19,complete,Homo sapiens,29802,4.3.4/1.37.1/v0.1.12/0.3.19/0.6.6
9,OL623729.1,C.37,2021-08-04,complete,Homo sapiens,29819,4.3.4/1.37.1/v0.1.12/0.3.19/0.6.6
9,OZ062217.1,C.37,2021-05-26,complete,Homo sapiens,29795,4.3.4/1.37.1/v0.1.12/0.3.19/0.6.6
9,OZ066000.1,C.37,2021-10-26,complete,Homo sapiens,29810,4.3.4/1.37.1/v0.1.12/0.3.19/0.6.6
9,OZ062970.1,C.37,2021-07-24,complete,Homo sapiens,29789,4.3.4/1.37.1/v0.1.12/0.3.19/0.6.6
9,OZ065527.1,C.37,2021-09-01,complete,Homo sapiens,29834,4.3.4/1.37.1/v0.1.12/0.3.19/0.6.6
9,OZ064774.1,C.37,2021-08-28,complete,Homo sapiens,29768,4.3.4/1.37.1/v0.1.12/0.3.19/0.6.6
9,OZ066968.1,C.37,2021-10-21,complete,Homo sapiens,29852,4.3.4/1.37.1/v0.1.12/0.3.19/0.6.6
9,OZ062240.1,C.37,2021-06-25,complete,Homo sapiens,29784,4.3.4/1.37.1/v0.1.12/0.3.19/0.6.6
9,PP612454.1,C.37,2021-04-15,complete,Homo sapiens,29716,4.3.4/1.37.1/v0.1.12/0.3.19/0.6.6
9,MZ375955.1,C.37,2021-05-28,complete,Homo sapiens,29870,4.3.4/1.37.1/v0.1.12/0.3.19/0.6.6
9,OZ061021.1,C.37,2021-04-07,complete,Homo sapiens,29788,4.3.4/1.37.1/v0.1.12/0.3.19/0.6.6
9,MZ492475.1,C.37,2021-06-14,complete,Homo sapiens,29770,4.3.4/1.37.1/v0.1.12/0.3.19/0.6.6
9,OZ062029.1,C.37,2021-06-13,complete,Homo sapiens,29768,4.3.4/1.37.1/v0.1.12/0.3.19/0.6.6
9,OZ062751.1,C.37,2021-06-29,complete,Homo sapiens,29768,4.3.4/1.37.1/v0.1.12/0.3.19/0.6.6
9,OZ064421.1,C.37,2021-08-05,complete,Homo sapiens,29768,4.3.4/1.37.1/v0.1.12/0.3.19/0.6.6
9,OZ061644.1,C.37,2021-05-02,complete,Homo sapiens,29789,4.3.4/1.37.1/v0.1.12/0.3.19/0.6.6
9,PP608233.1,C.37,2021-03-19,complete,Homo sapiens,29716,4.3.4/1.37.1/v0.1.12/0.3.19/0.6.6
9,OZ064372.1,C.37,2021-07-28,complete,Homo sapiens,29768,4.3.4/1.37.1/v0.1.12/0.3.19/0.6.6
9,MZ565944.1,C.37,2021-06-18,complete,Homo sapiens,29791,4.3.4/1.37.1/v0.1.12/0.3.19/0.6.6
9,OZ066487.1,C.37,2021-10-31,complete,Homo sapiens,29799,4.3.4/1.37.1/v0.1.12/0.3.19/0.6.6
9,OZ063259.1,C.37,2021-06-29,complete,Homo sapiens,29856,4.3.4/1.37.1/v0.1.12/0.3.19/0.6.6
9,OZ066158.1,C.37,2021-10-29,complete,Homo sapiens,29802,4.3.4/1.37.1/v0.1.12/0.3.19/0.6.6
9,OZ062006.1,C.37,2021-05-29,complete,Homo sapiens,29856,4.3.4/1.37.1/v0.1.12/0.3.19/0.6.6
9,OZ066332.1,C.37,2021-11-01,complete,Homo sapiens,29798,4.3.4/1.37.1/v0.1.12/0.3.19/0.6.6
9,MZ530861.1,C.37,2021-06-14,complete,Homo sapiens,29750,4.3.4/1.37.1/v0.1.12/0.3.19/0.6.6
9,OZ063150.1,C.37,2021-07-16,complete,Homo sapiens,29768,4.3.4/1.37.1/v0.1.12/0.3.19/0.6.6
9,OZ066398.1,C.37,2021-10-02,complete,Homo sapiens,29768,4.3.4/1.37.1/v0.1.12/0.3.19/0.6.6
9,OZ065504.1,C.37,2021-09-29,complete,Homo sapiens,29853,4.3.4/1.37.1/v0.1.12/0.3.19/0.6.6
9,MZ505798.1,C.37,2021-05-18,complete,Homo sapiens,29803,4.3.4/1.37.1/v0.1.12/0.3.19/0.6.6
9,OZ061491.1,C.37,2021-05-13,complete,Homo sapiens,29799,4.3.4/1.37.1/v0.1.12/0.3.19/0.6.6
9,MZ492532.1,C.37,2021-06-14,complete,Homo sapiens,29770,4.3.4/1.37.1/v0.1.12/0.3.19/0.6.6
9,OZ065500.1,C.37,2021-10-07,complete,Homo sapiens,29789,4.3.4/1.37.1/v0.1.12/0.3.19/0.6.6
9,OZ070716.1,C.37,2021-04-19,complete,Homo sapiens,29855,4.3.4/1.37.1/v0.1.12/0.3.19/0.6.6
9,OZ066707.1,C.37,2021-10-27,complete,Homo sapiens,29762,4.3.4/1.37.1/v0.1.12/0.3.19/0.6.6
9,OZ064757.1,C.37,2021-08-26,complete,Homo sapiens,29775,4.3.4/1.37.1/v0.1.12/0.3.19/0.6.6
9,MZ195900.1,C.37,2021-04-25,complete,Homo sapiens,29871,4.3.4/1.37.1/v0.1.12/0.3.19/0.6.6
9,OZ064448.1,C.37,2021-08-03,complete,Homo sapiens,29770,4.3.4/1.37.1/v0.1.12/0.3.19/0.6.6
9,MZ401620.1,C.37,2021-05-21,complete,Homo sapiens,29785,4.3.4/1.37.1/v0.1.12/0.3.19/0.6.6
9,OZ064748.1,C.37,2021-08-13,complete,Homo sapiens,29768,4.3.4/1.37.1/v0.1.12/0.3.19/0.6.6
9,OZ064732.1,C.37,2021-09-02,complete,Homo sapiens,29767,4.3.4/1.37.1/v0.1.12/0.3.19/0.6.6
9,OZ066092.1,C.37,2021-10-13,complete,Homo sapiens,29787,4.3.4/1.37.1/v0.1.12/0.3.19/0.6.6
9,OZ062174.1,C.37,2021-06-16,complete,Homo sapiens,29858,4.3.4/1.37.1/v0.1.12/0.3.19/0.6.6
9,OZ061278.1,C.37,2021-01-29,complete,Homo sapiens,29752,4.3.4/1.37.1/v0.1.12/0.3.19/0.6.6
9,OZ066272.1,C.37,2021-11-01,complete,Homo sapiens,29798,4.3.4/1.37.1/v0.1.12/0.3.19/0.6.6
9,OZ063202.1,C.37,2021-07-19,complete,Homo sapiens,29761,4.3.4/1.37.1/v0.1.12/0.3.19/0.6.6
9,OZ061482.1,C.37,2021-05-17,complete,Homo sapiens,29790,4.3.4/1.37.1/v0.1.12/0.3.19/0.6.6
9,MW871000.1,C.37,2021-03-16,complete,Homo sapiens,29684,4.3.4/1.37.1/v0.1.12/0.3.19/0.6.6
9,OZ064509.1,C.37,2021-08-05,complete,Homo sapiens,29768,4.3.4/1.37.1/v0.1.12/0.3.19/0.6.6
9,OZ064203.1,C.37,2021-07-26,complete,Homo sapiens,29720,4.3.4/1.37.1/v0.1.12/0.3.19/0.6.6
9,MW825436.1,C.37,2021-03-15,complete,Homo sapiens,29752,4.3.4/1.37.1/v0.1.12/0.3.19/0.6.6
9,OZ063134.1,C.37,2021-07-15,complete,Homo sapiens,29768,4.3.4/1.37.1/v0.1.12/0.3.19/0.6.6
9,OZ066123.1,C.37,2021-10-10,complete,Homo sapiens,29794,4.3.4/1.37.1/v0.1.12/0.3.19/0.6.6
9,MZ308044.1,C.37,2021-05-11,complete,Homo sapiens,29645,4.3.4/1.37.1/v0.1.12/0.3.19/0.6.6
9,OZ064484.1,C.37,2021-08-09,complete,Homo sapiens,29789,4.3.4/1.37.1/v0.1.12/0.3.19/0.6.6
9,OZ065817.1,C.37,2021-10-07,complete,Homo sapiens,29789,4.3.4/1.37.1/v0.1.12/0.3.19/0.6.6
9,OZ065727.1,C.37,2021-10-10,complete,Homo sapiens,29789,4.3.4/1.37.1/v0.1.12/0.3.19/0.6.6
9,OZ064505.1,C.37,2021-08-12,complete,Homo sapiens,29768,4.3.4/1.37.1/v0.1.12/0.3.19/0.6.6
9,OZ062297.1,C.37,2021-06-10,complete,Homo sapiens,29789,4.3.4/1.37.1/v0.1.12/0.3.19/0.6.6
9,OZ061811.1,C.37,2021-04-20,complete,Homo sapiens,29789,4.3.4/1.37.1/v0.1.12/0.3.19/0.6.6
9,OZ065234.1,C.37,2021-09-16,complete,Homo sapiens,29768,4.3.4/1.37.1/v0.1.12/0.3.19/0.6.6
9,OZ065159.1,C.37,2021-08-18,complete,Homo sapiens,29768,4.3.4/1.37.1/v0.1.12/0.3.19/0.6.6
9,OZ062502.1,C.37,2021-06-25,complete,Homo sapiens,29789,4.3.4/1.37.1/v0.1.12/0.3.19/0.6.6
9,OZ061858.1,C.37,2021-05-10,complete,Homo sapiens,29854,4.3.4/1.37.1/v0.1.12/0.3.19/0.6.6
9,OZ070864.1,C.37,2021-05-04,complete,Homo sapiens,29768,4.3.4/1.37.1/v0.1.12/0.3.19/0.6.6
9,OZ064354.1,C.37,2021-08-09,complete,Homo sapiens,29768,4.3.4/1.37.1/v0.1.12/0.3.19/0.6.6
9,OZ062738.1,C.37,2021-06-30,complete,Homo sapiens,29789,4.3.4/1.37.1/v0.1.12/0.3.19/0.6.6
9,OZ066974.1,C.37,2021-10-21,complete,Homo sapiens,29768,4.3.4/1.37.1/v0.1.12/0.3.19/0.6.6
9,OZ067815.1,C.37,2021-11-01,complete,Homo sapiens,29803,4.3.4/1.37.1/v0.1.12/0.3.19/0.6.6
9,OL682019.1,C.37,2021-08-04,complete,Homo sapiens,29797,4.3.4/1.37.1/v0.1.12/0.3.19/0.6.6
9,OZ062191.1,C.37,2021-06-14,complete,Homo sapiens,29768,4.3.4/1.37.1/v0.1.12/0.3.19/0.6.6
9,OZ064857.1,C.37,2021-08-24,complete,Homo sapiens,29773,4.3.4/1.37.1/v0.1.12/0.3.19/0.6.6
9,OZ063228.1,C.37,2021-07-29,complete,Homo sapiens,29790,4.3.4/1.37.1/v0.1.12/0.3.19/0.6.6
9,MZ154209.1,C.37,2021-04-19,complete,Homo sapiens,29802,4.3.4/1.37.1/v0.1.12/0.3.19/0.6.6
9,OZ065036.1,C.37,2021-08-31,complete,Homo sapiens,29768,4.3.4/1.37.1/v0.1.12/0.3.19/0.6.6
9,OZ062948.1,C.37,2021-06-15,complete,Homo sapiens,29799,4.3.4/1.37.1/v0.1.12/0.3.19/0.6.6
9,MZ694514.1,C.37,2021-07-09,complete,Homo sapiens,29751,4.3.4/1.37.1/v0.1.12/0.3.19/0.6.6
9,MZ354440.1,C.37,2021-05-11,complete,Homo sapiens,29806,4.3.4/1.37.1/v0.1.12/0.3.19/0.6.6
9,MW969086.1,C.37,2021-03-25,complete,Homo sapiens,29839,4.3.4/1.37.1/v0.1.12/0.3.19/0.6.6
9,OZ063243.1,C.37,2021-07-05,complete,Homo sapiens,29773,4.3.4/1.37.1/v0.1.12/0.3.19/0.6.6
9,OZ063071.1,C.37,2021-07-20,complete,Homo sapiens,29789,4.3.4/1.37.1/v0.1.12/0.3.19/0.6.6
9,MZ355375.1,C.37,2021-05-25,complete,Homo sapiens,29782,4.3.4/1.37.1/v0.1.12/0.3.19/0.6.6
9,OZ062365.1,C.37,2021-06-17,complete,Homo sapiens,29794,4.3.4/1.37.1/v0.1.12/0.3.19/0.6.6
9,OK077231.1,C.37,2021-07-14,complete,Homo sapiens,29752,4.3.4/1.37.1/v0.1.12/0.3.19/0.6.6
9,OZ065626.1,C.37,2021-09-29,complete,Homo sapiens,29789,4.3.4/1.37.1/v0.1.12/0.3.19/0.6.6
9,OZ065715.1,C.37,2021-10-10,complete,Homo sapiens,29856,4.3.4/1.37.1/v0.1.12/0.3.19/0.6.6
9,OZ065418.1,C.37,2021-10-04,complete,Homo sapiens,29789,4.3.4/1.37.1/v0.1.12/0.3.19/0.6.6
9,OZ065691.1,C.37,2021-10-13,complete,Homo sapiens,29804,4.3.4/1.37.1/v0.1.12/0.3.19/0.6.6
9,OZ063165.1,C.37,2021-07-24,complete,Homo sapiens,29780,4.3.4/1.37.1/v0.1.12/0.3.19/0.6.6
9,OZ061521.1,C.37,2021-05-11,complete,Homo sapiens,29789,4.3.4/1.37.1/v0.1.12/0.3.19/0.6.6
9,OZ062010.1,C.37,2021-06-04,complete,Homo sapiens,29794,4.3.4/1.37.1/v0.1.12/0.3.19/0.6.6
9,MZ083447.1,C.37,2021-03-31,complete,Homo sapiens,29864,4.3.4/1.37.1/v0.1.12/0.3.19/0.6.6
9,OZ065452.1,C.37,2021-10-12,complete,Homo sapiens,29789,4.3.4/1.37.1/v0.1.12/0.3.19/0.6.6
9,OL475472.1,C.37,2021-03-10,complete,Homo sapiens,29690,4.3.4/1.37.1/v0.1.12/0.3.19/0.6.6
9,MZ189561.1,C.37,2021-04-02,complete,Homo sapiens,29828,4.3.4/1.37.1/v0.1.12/0.3.19/0.6.6
9,MZ732080.1,C.37,2021-07-06,complete,Homo sapiens,29804,4.3.4/1.37.1/v0.1.12/0.3.19/0.6.6
9,OZ065248.1,C.37,2021-09-16,complete,Homo sapiens,29774,4.3.4/1.37.1/v0.1.12/0.3.19/0.6.6
9,MZ558277.1,C.37,2021-06-06,complete,Homo sapiens,29770,4.3.4/1.37.1/v0.1.12/0.3.19/0.6.6
9,OZ065275.1,C.37,2021-09-07,complete,Homo sapiens,29767,4.3.4/1.37.1/v0.1.12/0.3.19/0.6.6
9,OZ062578.1,C.37,2021-05-19,complete,Homo sapiens,29768,4.3.4/1.37.1/v0.1.12/0.3.19/0.6.6
9,OZ065020.1,C.37,2021-08-16,complete,Homo sapiens,29831,4.3.4/1.37.1/v0.1.12/0.3.19/0.6.6
9,MZ636239.1,C.37,2021-04-28,complete,Homo sapiens,29873,4.3.4/1.37.1/v0.1.12/0.3.19/0.6.6
9,MZ520867.1,C.37,2021-06-25,complete,Homo sapiens,29820,4.3.4/1.37.1/v0.1.12/0.3.19/0.6.6
9,OZ062736.1,C.37,2021-07-06,complete,Homo sapiens,29856,4.3.4/1.37.1/v0.1.12/0.3.19/0.6.6
9,OZ062386.1,C.37,2021-06-17,complete,Homo sapiens,29834,4.3.4/1.37.1/v0.1.12/0.3.19/0.6.6
9,MZ048504.1,C.37,2021-04-20,complete,Homo sapiens,29894,4.3.4/1.37.1/v0.1.12/0.3.19/0.6.6
9,OZ061667.1,C.37,2021-04-16,complete,Homo sapiens,29789,4.3.4/1.37.1/v0.1.12/0.3.19/0.6.6
9,OZ066643.1,C.37,2021-08-05,complete,Homo sapiens,29768,4.3.4/1.37.1/v0.1.12/0.3.19/0.6.6
9,OZ065229.1,C.37,2021-09-21,complete,Homo sapiens,29768,4.3.4/1.37.1/v0.1.12/0.3.19/0.6.6
9,OZ070866.1,C.37,2021-07-08,complete,Homo sapiens,29776,4.3.4/1.37.1/v0.1.12/0.3.19/0.6.6
9,OZ066756.1,C.37,2021-10-25,complete,Homo sapiens,29794,4.3.4/1.37.1/v0.1.12/0.3.19/0.6.6
9,OZ066082.1,C.37,2021-09-23,complete,Homo sapiens,29767,4.3.4/1.37.1/v0.1.12/0.3.19/0.6.6
9,OZ065508.1,C.37,2021-10-13,complete,Homo sapiens,29789,4.3.4/1.37.1/v0.1.12/0.3.19/0.6.6
9,OM922599.1,C.37,2021-05-24,complete,Homo sapiens,29764,4.3.4/1.37.1/v0.1.12/0.3.19/0.6.6
9,OZ064261.1,C.37,2021-08-06,complete,Homo sapiens,29768,4.3.4/1.37.1/v0.1.12/0.3.19/0.6.6
9,MZ245307.1,C.37,2021-05-11,complete,Homo sapiens,29869,4.3.4/1.37.1/v0.1.12/0.3.19/0.6.6
9,OZ065147.1,C.37,2021-08-23,complete,Homo sapiens,29802,4.3.4/1.37.1/v0.1.12/0.3.19/0.6.6
9,OZ061897.1,C.37,2021-04-20,complete,Homo sapiens,29789,4.3.4/1.37.1/v0.1.12/0.3.19/0.6.6
9,OZ061622.1,C.37,2021-05-02,complete,Homo sapiens,29794,4.3.4/1.37.1/v0.1.12/0.3.19/0.6.6
9,OZ061795.1,C.37,2021-04-22,complete,Homo sapiens,29784,4.3.4/1.37.1/v0.1.12/0.3.19/0.6.6
9,OZ062821.1,C.37,2021-06-21,complete,Homo sapiens,29856,4.3.4/1.37.1/v0.1.12/0.3.19/0.6.6
9,OZ062482.1,C.37,2021-06-15,complete,Homo sapiens,29835,4.3.4/1.37.1/v0.1.12/0.3.19/0.6.6
9,OZ063211.1,C.37,2021-07-15,complete,Homo sapiens,29778,4.3.4/1.37.1/v0.1.12/0.3.19/0.6.6
9,OZ065829.1,C.37,2021-10-27,complete,Homo sapiens,29835,4.3.4/1.37.1/v0.1.12/0.3.19/0.6.6
9,OZ064511.1,C.37,2021-08-02,complete,Homo sapiens,29774,4.3.4/1.37.1/v0.1.12/0.3.19/0.6.6
9,OK291181.1,C.37,2021-08-01,complete,Homo sapiens,29789,4.3.4/1.37.1/v0.1.12/0.3.19/0.6.6
9,OZ063234.1,C.37,2021-07-23,complete,Homo sapiens,29768,4.3.4/1.37.1/v0.1.12/0.3.19/0.6.6
9,OZ063041.1,C.37,2021-07-24,complete,Homo sapiens,29789,4.3.4/1.37.1/v0.1.12/0.3.19/0.6.6
9,OZ063014.1,C.37,2021-07-19,complete,Homo sapiens,29768,4.3.4/1.37.1/v0.1.12/0.3.19/0.6.6
9,OK546834.1,C.37,2021-04-08,complete,Homo sapiens,29832,4.3.4/1.37.1/v0.1.12/0.3.19/0.6.6
9,MZ163736.1,C.37,2021-04-22,complete,Homo sapiens,29806,4.3.4/1.37.1/v0.1.12/0.3.19/0.6.6
9,MZ813199.1,C.37,2021-07,complete,Homo sapiens,29774,4.3.4/1.37.1/v0.1.12/0.3.19/0.6.6
9,OZ062827.1,C.37,2021-06-29,complete,Homo sapiens,29768,4.3.4/1.37.1/v0.1.12/0.3.19/0.6.6
9,MW777157.1,C.37,2021-02-13,complete,Homo sapiens,29865,4.3.4/1.37.1/v0.1.12/0.3.19/0.6.6
9,OZ064257.1,C.37,2021-07-26,complete,Homo sapiens,29769,4.3.4/1.37.1/v0.1.12/0.3.19/0.6.6
9,OZ061754.1,C.37,2021-06-03,complete,Homo sapiens,29835,4.3.4/1.37.1/v0.1.12/0.3.19/0.6.6
9,OZ067564.1,C.37,2021-11-15,complete,Homo sapiens,29789,4.3.4/1.37.1/v0.1.12/0.3.19/0.6.6
9,OZ061720.1,C.37,2021-05-10,complete,Homo sapiens,29563,4.3.4/1.37.1/v0.1.12/0.3.19/0.6.6
9,OZ070719.1,C.37,2021-05-24,complete,Homo sapiens,29769,4.3.4/1.37.1/v0.1.12/0.3.19/0.6.6
9,OZ061448.1,C.37,2021-05-02,complete,Homo sapiens,29855,4.3.4/1.37.1/v0.1.12/0.3.19/0.6.6
9,OZ062121.1,C.37,2021-06-05,complete,Homo sapiens,29842,4.3.4/1.37.1/v0.1.12/0.3.19/0.6.6
9,MZ690116.1,C.37,2021-07-06,complete,Homo sapiens,29752,4.3.4/1.37.1/v0.1.12/0.3.19/0.6.6
9,OL623733.1,C.37,2021-08-04,complete,Homo sapiens,29819,4.3.4/1.37.1/v0.1.12/0.3.19/0.6.6
9,MZ685188.1,C.37,2021-05-13,complete,Homo sapiens,29791,4.3.4/1.37.1/v0.1.12/0.3.19/0.6.6
9,MZ320878.1,C.37,2021-05-23,complete,Homo sapiens,29837,4.3.4/1.37.1/v0.1.12/0.3.19/0.6.6
9,OZ062378.1,C.37,2021-06-16,complete,Homo sapiens,29768,4.3.4/1.37.1/v0.1.12/0.3.19/0.6.6
9,MZ282740.1,C.37,2021-04-29,complete,Homo sapiens,29861,4.3.4/1.37.1/v0.1.12/0.3.19/0.6.6
9,OZ065531.1,C.37,2021-10-01,complete,Homo sapiens,29797,4.3.4/1.37.1/v0.1.12/0.3.19/0.6.6
9,MZ242173.1,C.37,2021-04-24,complete,Homo sapiens,29697,4.3.4/1.37.1/v0.1.12/0.3.19/0.6.6
9,OZ064378.1,C.37,2021-08-02,complete,Homo sapiens,29789,4.3.4/1.37.1/v0.1.12/0.3.19/0.6.6
9,OZ065230.1,C.37,2021-09-21,complete,Homo sapiens,29794,4.3.4/1.37.1/v0.1.12/0.3.19/0.6.6
9,OZ070649.1,C.37,2021-07-06,complete,Homo sapiens,29789,4.3.4/1.37.1/v0.1.12/0.3.19/0.6.6
9,MZ728849.1,C.37,2021-07-12,complete,Homo sapiens,29806,4.3.4/1.37.1/v0.1.12/0.3.19/0.6.6
9,OZ065678.1,C.37,2021-10-12,complete,Homo sapiens,29768,4.3.4/1.37.1/v0.1.12/0.3.19/0.6.6
9,OZ062300.1,C.37,2021-07-01,complete,Homo sapiens,29768,4.3.4/1.37.1/v0.1.12/0.3.19/0.6.6
9,OZ065158.1,C.37,2021-08-30,complete,Homo sapiens,29768,4.3.4/1.37.1/v0.1.12/0.3.19/0.6.6
9,OZ064121.1,C.37,2021-08-04,complete,Homo sapiens,29770,4.3.4/1.37.1/v0.1.12/0.3.19/0.6.6
9,OK029421.1,C.37,2021-07-30,complete,Homo sapiens,29806,4.3.4/1.37.1/v0.1.12/0.3.19/0.6.6
9,OZ065536.1,C.37,2021-10-06,complete,Homo sapiens,29768,4.3.4/1.37.1/v0.1.12/0.3.19/0.6.6
9,OZ070873.1,C.37,2021-07-27,complete,Homo sapiens,29789,4.3.4/1.37.1/v0.1.12/0.3.19/0.6.6
9,OK437788.1,C.37,2021-07-31,complete,Homo sapiens,29819,4.3.4/1.37.1/v0.1.12/0.3.19/0.6.6
9,MZ716792.1,C.37,2021-06-26,complete,Homo sapiens,29752,4.3.4/1.37.1/v0.1.12/0.3.19/0.6.6
9,OZ062324.1,C.37,2021-06-01,complete,Homo sapiens,29768,4.3.4/1.37.1/v0.1.12/0.3.19/0.6.6
9,OZ065204.1,C.37,2021-08-20,complete,Homo sapiens,29791,4.3.4/1.37.1/v0.1.12/0.3.19/0.6.6
9,OZ066093.1,C.37,2021-10-21,complete,Homo sapiens,29786,4.3.4/1.37.1/v0.1.12/0.3.19/0.6.6
9,MZ512341.1,C.37,2021-05-02,complete,Homo sapiens,29770,4.3.4/1.37.1/v0.1.12/0.3.19/0.6.6
9,OZ061900.1,C.37,2021-04-21,complete,Homo sapiens,29789,4.3.4/1.37.1/v0.1.12/0.3.19/0.6.6
9,MZ275302.1,C.37,2021-03-17,complete,Homo sapiens,29821,4.3.4/1.37.1/v0.1.12/0.3.19/0.6.6
9,OZ063091.1,C.37,2021-07-13,complete,Homo sapiens,29798,4.3.4/1.37.1/v0.1.12/0.3.19/0.6.6
9,OZ065667.1,C.37,2021-10-13,complete,Homo sapiens,29797,4.3.4/1.37.1/v0.1.12/0.3.19/0.6.6
9,OZ062995.1,C.37,2021-06-07,complete,Homo sapiens,29773,4.3.4/1.37.1/v0.1.12/0.3.19/0.6.6
9,OZ061493.1,C.37,2021-05-18,complete,Homo sapiens,29789,4.3.4/1.37.1/v0.1.12/0.3.19/0.6.6
9,OZ062819.1,C.37,2021-06-28,complete,Homo sapiens,29856,4.3.4/1.37.1/v0.1.12/0.3.19/0.6.6
9,OZ066160.1,C.37,2021-10-30,complete,Homo sapiens,29773,4.3.4/1.37.1/v0.1.12/0.3.19/0.6.6
9,MZ512331.1,C.37,2021-04-30,complete,Homo sapiens,29770,4.3.4/1.37.1/v0.1.12/0.3.19/0.6.6
9,MZ704829.1,C.37,2021-06-28,complete,Homo sapiens,29801,4.3.4/1.37.1/v0.1.12/0.3.19/0.6.6
9,OZ065760.1,C.37,2021-10-21,complete,Homo sapiens,29789,4.3.4/1.37.1/v0.1.12/0.3.19/0.6.6
9,OL622101.1,C.37,2021-08-04,complete,Homo sapiens,29828,4.3.4/1.37.1/v0.1.12/0.3.19/0.6.6
9,MZ163283.1,C.37,2021-04-21,complete,Homo sapiens,29801,4.3.4/1.37.1/v0.1.12/0.3.19/0.6.6
9,OZ062806.1,C.37,2021-06-17,complete,Homo sapiens,29772,4.3.4/1.37.1/v0.1.12/0.3.19/0.6.6
9,OZ066615.1,C.37,2021-07-02,complete,Homo sapiens,29768,4.3.4/1.37.1/v0.1.12/0.3.19/0.6.6
9,OZ061423.1,C.37,2021-05-06,complete,Homo sapiens,29790,4.3.4/1.37.1/v0.1.12/0.3.19/0.6.6
9,MZ294699.1,C.37,2021-05-17,complete,Homo sapiens,29869,4.3.4/1.37.1/v0.1.12/0.3.19/0.6.6
9,MZ211204.1,C.37,2021-04-11,complete,Homo sapiens,29873,4.3.4/1.37.1/v0.1.12/0.3.19/0.6.6
9,OZ062485.1,C.37,2021-06-02,complete,Homo sapiens,29768,4.3.4/1.37.1/v0.1.12/0.3.19/0.6.6
9,MZ090033.1,C.37,2021-04-02,complete,Homo sapiens,29696,4.3.4/1.37.1/v0.1.12/0.3.19/0.6.6
9,MZ429124.1,C.37,2021-05-25,complete,Homo sapiens,29832,4.3.4/1.37.1/v0.1.12/0.3.19/0.6.6
9,OZ061853.1,C.37,2021-04-22,complete,Homo sapiens,29796,4.3.4/1.37.1/v0.1.12/0.3.19/0.6.6
9,MZ275291.1,C.37,2021-02-13,complete,Homo sapiens,29778,4.3.4/1.37.1/v0.1.12/0.3.19/0.6.6
9,MW813611.1,C.37,2021-03-08,complete,Homo sapiens,29684,4.3.4/1.37.1/v0.1.12/0.3.19/0.6.6
9,OZ062185.1,C.37,2021-06-13,complete,Homo sapiens,29784,4.3.4/1.37.1/v0.1.12/0.3.19/0.6.6
9,OZ290272.1,C.37,2021-03-22,complete,Homo sapiens,29873,4.3.4/1.37.1/v0.1.12/0.3.19/0.6.6
9,OZ063187.1,C.37,2021-07-26,complete,Homo sapiens,29768,4.3.4/1.37.1/v0.1.12/0.3.19/0.6.6
9,MZ048333.1,C.37,2021-04-20,complete,Homo sapiens,29873,4.3.4/1.37.1/v0.1.12/0.3.19/0.6.6
9,OZ064885.1,C.37,2021-08-31,complete,Homo sapiens,29856,4.3.4/1.37.1/v0.1.12/0.3.19/0.6.6
9,OZ063112.1,C.37,2021-06-27,complete,Homo sapiens,29768,4.3.4/1.37.1/v0.1.12/0.3.19/0.6.6
9,OZ064119.1,C.37,2021-07-28,complete,Homo sapiens,29768,4.3.4/1.37.1/v0.1.12/0.3.19/0.6.6
9,OZ064711.1,C.37,2021-08-13,complete,Homo sapiens,29835,4.3.4/1.37.1/v0.1.12/0.3.19/0.6.6
9,OZ062069.1,C.37,2021-06-09,complete,Homo sapiens,29776,4.3.4/1.37.1/v0.1.12/0.3.19/0.6.6
9,PP609665.1,C.37,2021-03-27,complete,Homo sapiens,29716,4.3.4/1.37.1/v0.1.12/0.3.19/0.6.6
9,OZ062535.1,C.37,2021-06-24,complete,Homo sapiens,29769,4.3.4/1.37.1/v0.1.12/0.3.19/0.6.6
9,OZ062338.1,C.37,2021-06-09,complete,Homo sapiens,29856,4.3.4/1.37.1/v0.1.12/0.3.19/0.6.6
9,OZ062849.1,C.37,2021-06-24,complete,Homo sapiens,29789,4.3.4/1.37.1/v0.1.12/0.3.19/0.6.6
9,MZ512342.1,C.37,2021-05-03,complete,Homo sapiens,29770,4.3.4/1.37.1/v0.1.12/0.3.19/0.6.6
9,OZ064934.1,C.37,2021-08-18,complete,Homo sapiens,29776,4.3.4/1.37.1/v0.1.12/0.3.19/0.6.6
9,OZ065355.1,C.37,2021-09-10,complete,Homo sapiens,29855,4.3.4/1.37.1/v0.1.12/0.3.19/0.6.6
9,OZ061826.1,C.37,2021-04-12,complete,Homo sapiens,29768,4.3.4/1.37.1/v0.1.12/0.3.19/0.6.6
9,MW868368.1,C.37,2021-03-15,complete,Homo sapiens,29862,4.3.4/1.37.1/v0.1.12/0.3.19/0.6.6
9,OZ062584.1,C.37,2021-07-07,complete,Homo sapiens,29840,4.3.4/1.37.1/v0.1.12/0.3.19/0.6.6
9,OZ062583.1,C.37,2021-07-15,complete,Homo sapiens,29794,4.3.4/1.37.1/v0.1.12/0.3.19/0.6.6
9,MZ211863.1,C.37,2021-04-10,complete,Homo sapiens,29869,4.3.4/1.37.1/v0.1.12/0.3.19/0.6.6
9,OZ062452.1,C.37,2021-06-14,complete,Homo sapiens,29767,4.3.4/1.37.1/v0.1.12/0.3.19/0.6.6
9,OZ065157.1,C.37,2021-08-24,complete,Homo sapiens,29867,4.3.4/1.37.1/v0.1.12/0.3.19/0.6.6
9,OZ066099.1,C.37,2021-10-29,complete,Homo sapiens,29773,4.3.4/1.37.1/v0.1.12/0.3.19/0.6.6
9,MZ185518.1,C.37,2021-04-27,complete,Homo sapiens,29839,4.3.4/1.37.1/v0.1.12/0.3.19/0.6.6
9,OZ065170.1,C.37,2021-08-18,complete,Homo sapiens,29768,4.3.4/1.37.1/v0.1.12/0.3.19/0.6.6
9,OZ067611.1,C.37,2021-11-20,complete,Homo sapiens,29789,4.3.4/1.37.1/v0.1.12/0.3.19/0.6.6
9,OZ062166.1,C.37,2021-06-02,complete,Homo sapiens,29770,4.3.4/1.37.1/v0.1.12/0.3.19/0.6.6
9,OZ065128.1,C.37,2021-09-02,complete,Homo sapiens,29854,4.3.4/1.37.1/v0.1.12/0.3.19/0.6.6
9,OZ064720.1,C.37,2021-09-09,complete,Homo sapiens,29768,4.3.4/1.37.1/v0.1.12/0.3.19/0.6.6
9,OZ064721.1,C.37,2021-09-03,complete,Homo sapiens,29768,4.3.4/1.37.1/v0.1.12/0.3.19/0.6.6
9,OZ061417.1,C.37,2021-04-26,complete,Homo sapiens,29803,4.3.4/1.37.1/v0.1.12/0.3.19/0.6.6
9,OZ065509.1,C.37,2021-10-12,complete,Homo sapiens,29789,4.3.4/1.37.1/v0.1.12/0.3.19/0.6.6
9,OZ064265.1,C.37,2021-07-23,complete,Homo sapiens,29768,4.3.4/1.37.1/v0.1.12/0.3.19/0.6.6
9,OZ062074.1,C.37,2021-06-09,complete,Homo sapiens,29790,4.3.4/1.37.1/v0.1.12/0.3.19/0.6.6
9,OZ061470.1,C.37,2021-05-06,complete,Homo sapiens,29798,4.3.4/1.37.1/v0.1.12/0.3.19/0.6.6
9,MZ647260.1,C.37,2021-04-24,complete,Homo sapiens,29803,4.3.4/1.37.1/v0.1.12/0.3.19/0.6.6
9,OZ066219.1,C.37,2021-11-01,complete,Homo sapiens,29773,4.3.4/1.37.1/v0.1.12/0.3.19/0.6.6
9,OZ065871.1,C.37,2021-09-07,complete,Homo sapiens,29768,4.3.4/1.37.1/v0.1.12/0.3.19/0.6.6
9,PP609770.1,C.37,2021-03-28,complete,Homo sapiens,29716,4.3.4/1.37.1/v0.1.12/0.3.19/0.6.6
9,MZ512351.1,C.37,2021-05-09,complete,Homo sapiens,29770,4.3.4/1.37.1/v0.1.12/0.3.19/0.6.6
9,MZ454454.1,C.37,2021-05-24,complete,Homo sapiens,29752,4.3.4/1.37.1/v0.1.12/0.3.19/0.6.6
9,OZ063231.1,C.37,2021-07-06,complete,Homo sapiens,29768,4.3.4/1.37.1/v0.1.12/0.3.19/0.6.6
9,MZ275294.1,C.37,2021-03-11,complete,Homo sapiens,29781,4.3.4/1.37.1/v0.1.12/0.3.19/0.6.6
9,MZ501455.1,C.37,2021-04-23,complete,Homo sapiens,29770,4.3.4/1.37.1/v0.1.12/0.3.19/0.6.6
9,MZ943384.1,C.37,2021-08-03,complete,Homo sapiens,29750,4.3.4/1.37.1/v0.1.12/0.3.19/0.6.6
9,OZ065312.1,C.37,2021-09-03,complete,Homo sapiens,29768,4.3.4/1.37.1/v0.1.12/0.3.19/0.6.6
9,OZ062151.1,C.37,2021-05-20,complete,Homo sapiens,29789,4.3.4/1.37.1/v0.1.12/0.3.19/0.6.6
9,MZ732020.1,C.37,2021-07-06,complete,Homo sapiens,29781,4.3.4/1.37.1/v0.1.12/0.3.19/0.6.6
9,OK044814.1,C.37,2021-07-27,complete,Homo sapiens,29819,4.3.4/1.37.1/v0.1.12/0.3.19/0.6.6
9,OZ066627.1,C.37,2021-08-06,complete,Homo sapiens,29852,4.3.4/1.37.1/v0.1.12/0.3.19/0.6.6
9,OZ063096.1,C.37,2021-07-04,complete,Homo sapiens,29789,4.3.4/1.37.1/v0.1.12/0.3.19/0.6.6
9,MZ942542.1,C.37,2021-07-19,complete,Homo sapiens,29653,4.3.4/1.37.1/v0.1.12/0.3.19/0.6.6
9,OZ063031.1,C.37,2021-07-26,complete,Homo sapiens,29768,4.3.4/1.37.1/v0.1.12/0.3.19/0.6.6
9,MZ432229.1,C.37,2021-05-24,complete,Homo sapiens,29770,4.3.4/1.37.1/v0.1.12/0.3.19/0.6.6
9,OZ064159.1,C.37,2021-07-23,complete,Homo sapiens,29768,4.3.4/1.37.1/v0.1.12/0.3.19/0.6.6
9,OZ062051.1,C.37,2021-06-08,complete,Homo sapiens,29775,4.3.4/1.37.1/v0.1.12/0.3.19/0.6.6
9,OZ062711.1,C.37,2021-05-24,complete,Homo sapiens,29768,4.3.4/1.37.1/v0.1.12/0.3.19/0.6.6
9,OZ066480.1,C.37,2021-11-06,complete,Homo sapiens,29789,4.3.4/1.37.1/v0.1.12/0.3.19/0.6.6
9,OZ066339.1,C.37,2021-10-19,complete,Homo sapiens,29788,4.3.4/1.37.1/v0.1.12/0.3.19/0.6.6
9,OZ062100.1,C.37,2021-06-16,complete,Homo sapiens,29768,4.3.4/1.37.1/v0.1.12/0.3.19/0.6.6
9,MZ500708.1,C.37,2021-03-08,complete,Homo sapiens,29824,4.3.4/1.37.1/v0.1.12/0.3.19/0.6.6
9,OZ067287.1,C.37,2021-11-04,complete,Homo sapiens,29789,4.3.4/1.37.1/v0.1.12/0.3.19/0.6.6
9,OZ064405.1,C.37,2021-07-15,complete,Homo sapiens,29769,4.3.4/1.37.1/v0.1.12/0.3.19/0.6.6
9,OZ064371.1,C.37,2021-07-27,complete,Homo sapiens,29768,4.3.4/1.37.1/v0.1.12/0.3.19/0.6.6
9,OZ065677.1,C.37,2021-10-01,complete,Homo sapiens,29768,4.3.4/1.37.1/v0.1.12/0.3.19/0.6.6
9,MZ282759.1,C.37,2021-04-29,complete,Homo sapiens,29872,4.3.4/1.37.1/v0.1.12/0.3.19/0.6.6
9,OL475443.1,C.37,2021-03-08,complete,Homo sapiens,29680,4.3.4/1.37.1/v0.1.12/0.3.19/0.6.6
9,MZ995597.1,C.37,2021-07-27,complete,Homo sapiens,29802,4.3.4/1.37.1/v0.1.12/0.3.19/0.6.6
9,OZ064124.1,C.37,2021-08-04,complete,Homo sapiens,29788,4.3.4/1.37.1/v0.1.12/0.3.19/0.6.6
9,OZ061978.1,C.37,2021-05-18,complete,Homo sapiens,29856,4.3.4/1.37.1/v0.1.12/0.3.19/0.6.6
9,MZ462165.1,C.37,2021-03-20,complete,Homo sapiens,29770,4.3.4/1.37.1/v0.1.12/0.3.19/0.6.6
9,OZ063035.1,C.37,2021-07-06,complete,Homo sapiens,29855,4.3.4/1.37.1/v0.1.12/0.3.19/0.6.6
9,OZ060955.1,C.37,2021-04-07,complete,Homo sapiens,29789,4.3.4/1.37.1/v0.1.12/0.3.19/0.6.6
9,OZ065148.1,C.37,2021-08-03,complete,Homo sapiens,29831,4.3.4/1.37.1/v0.1.12/0.3.19/0.6.6
9,OZ064819.1,C.37,2021-09-04,complete,Homo sapiens,29775,4.3.4/1.37.1/v0.1.12/0.3.19/0.6.6
9,MZ416187.1,C.37,2021-05-14,complete,Homo sapiens,29801,4.3.4/1.37.1/v0.1.12/0.3.19/0.6.6
9,OZ062869.1,C.37,2021-06-15,complete,Homo sapiens,29822,4.3.4/1.37.1/v0.1.12/0.3.19/0.6.6
9,OZ063030.1,C.37,2021-07-23,complete,Homo sapiens,29768,4.3.4/1.37.1/v0.1.12/0.3.19/0.6.6
9,MZ555464.1,C.37,2021-06-28,complete,Homo sapiens,29713,4.3.4/1.37.1/v0.1.12/0.3.19/0.6.6
9,MZ454894.1,C.37,2021-04-19,complete,Homo sapiens,29752,4.3.4/1.37.1/v0.1.12/0.3.19/0.6.6
9,OZ065769.1,C.37,2021-10-07,complete,Homo sapiens,29797,4.3.4/1.37.1/v0.1.12/0.3.19/0.6.6
9,OZ066709.1,C.37,2021-10-23,complete,Homo sapiens,29843,4.3.4/1.37.1/v0.1.12/0.3.19/0.6.6
9,OZ065044.1,C.37,2021-09-09,complete,Homo sapiens,29768,4.3.4/1.37.1/v0.1.12/0.3.19/0.6.6
9,OK341258.1,C.37,2021-04-17,complete,Homo sapiens,29873,4.3.4/1.37.1/v0.1.12/0.3.19/0.6.6
9,OZ061732.1,C.37,2021-05-13,complete,Homo sapiens,29768,4.3.4/1.37.1/v0.1.12/0.3.19/0.6.6
9,OK292170.1,C.37,2021-07-20,complete,Homo sapiens,29795,4.3.4/1.37.1/v0.1.12/0.3.19/0.6.6
9,PP613572.1,C.37,2021-05-02,complete,Homo sapiens,29716,4.3.4/1.37.1/v0.1.12/0.3.19/0.6.6
9,OZ062052.1,C.37,2021-06-08,complete,Homo sapiens,29768,4.3.4/1.37.1/v0.1.12/0.3.19/0.6.6
9,OZ066408.1,C.37,2021-09-29,complete,Homo sapiens,29813,4.3.4/1.37.1/v0.1.12/0.3.19/0.6.6
9,OZ064114.1,C.37,2021-07-28,complete,Homo sapiens,29789,4.3.4/1.37.1/v0.1.12/0.3.19/0.6.6
9,MZ245039.1,C.37,2021-05-11,complete,Homo sapiens,29868,4.3.4/1.37.1/v0.1.12/0.3.19/0.6.6
9,MZ512339.1,C.37,2021-05-05,complete,Homo sapiens,29770,4.3.4/1.37.1/v0.1.12/0.3.19/0.6.6
9,OZ066465.1,C.37,2021-11-01,complete,Homo sapiens,29768,4.3.4/1.37.1/v0.1.12/0.3.19/0.6.6
9,OZ061454.1,C.37,2021-04-21,complete,Homo sapiens,29794,4.3.4/1.37.1/v0.1.12/0.3.19/0.6.6
9,OZ288942.1,C.37,2021-02-19,complete,Homo sapiens,29894,4.3.4/1.37.1/v0.1.12/0.3.19/0.6.6
9,OZ064950.1,C.37,2021-08-11,complete,Homo sapiens,29794,4.3.4/1.37.1/v0.1.12/0.3.19/0.6.6
9,OZ062960.1,C.37,2021-06-15,complete,Homo sapiens,29800,4.3.4/1.37.1/v0.1.12/0.3.19/0.6.6
9,OZ063199.1,C.37,2021-07-08,complete,Homo sapiens,29768,4.3.4/1.37.1/v0.1.12/0.3.19/0.6.6
9,OZ062262.1,C.37,2021-06-05,complete,Homo sapiens,29856,4.3.4/1.37.1/v0.1.12/0.3.19/0.6.6
9,OK250232.1,C.37,2021-06-18,complete,Homo sapiens,29752,4.3.4/1.37.1/v0.1.12/0.3.19/0.6.6
9,MZ558290.1,C.37,2021-06-15,complete,Homo sapiens,29734,4.3.4/1.37.1/v0.1.12/0.3.19/0.6.6
9,MZ281412.1,C.37,2021-05-03,complete,Homo sapiens,29842,4.3.4/1.37.1/v0.1.12/0.3.19/0.6.6
9,ON316545.1,C.37,2021-04-13,complete,Homo sapiens,29826,4.3.4/1.37.1/v0.1.12/0.3.19/0.6.6
9,MZ275300.1,C.37,2021-03-10,complete,Homo sapiens,29782,4.3.4/1.37.1/v0.1.12/0.3.19/0.6.6
9,MZ280291.1,C.37,2021-05-05,complete,Homo sapiens,29872,4.3.4/1.37.1/v0.1.12/0.3.19/0.6.6
9,OZ065580.1,C.37,2021-10-07,complete,Homo sapiens,29789,4.3.4/1.37.1/v0.1.12/0.3.19/0.6.6
9,OZ065964.1,C.37,2021-10-25,complete,Homo sapiens,29788,4.3.4/1.37.1/v0.1.12/0.3.19/0.6.6
9,OZ066819.1,C.37,2021-10-18,complete,Homo sapiens,29789,4.3.4/1.37.1/v0.1.12/0.3.19/0.6.6
9,OK512535.1,C.37,2021-06-11,complete,Homo sapiens,29750,4.3.4/1.37.1/v0.1.12/0.3.19/0.6.6
9,OZ062644.1,C.37,2021-07-07,complete,Homo sapiens,29768,4.3.4/1.37.1/v0.1.12/0.3.19/0.6.6
9,OZ062555.1,C.37,2021-06-06,complete,Homo sapiens,29789,4.3.4/1.37.1/v0.1.12/0.3.19/0.6.6
9,OZ061495.1,C.37,2021-05-18,complete,Homo sapiens,29768,4.3.4/1.37.1/v0.1.12/0.3.19/0.6.6
9,OZ062530.1,C.37,2021-07-03,complete,Homo sapiens,29768,4.3.4/1.37.1/v0.1.12/0.3.19/0.6.6
9,OZ062848.1,C.37,2021-06-28,complete,Homo sapiens,29854,4.3.4/1.37.1/v0.1.12/0.3.19/0.6.6
9,OZ061409.1,C.37,2021-05-27,complete,Homo sapiens,29819,4.3.4/1.37.1/v0.1.12/0.3.19/0.6.6
9,OK248987.1,C.37,2021-06-18,complete,Homo sapiens,29752,4.3.4/1.37.1/v0.1.12/0.3.19/0.6.6
9,OZ066329.1,C.37,2021-10-14,complete,Homo sapiens,29797,4.3.4/1.37.1/v0.1.12/0.3.19/0.6.6
9,OZ062889.1,C.37,2021-06-21,complete,Homo sapiens,29768,4.3.4/1.37.1/v0.1.12/0.3.19/0.6.6
9,MZ002977.1,C.37,2021-03-31,complete,Homo sapiens,29683,4.3.4/1.37.1/v0.1.12/0.3.19/0.6.6
9,OZ066007.1,C.37,2021-10-25,complete,Homo sapiens,29788,4.3.4/1.37.1/v0.1.12/0.3.19/0.6.6
9,MZ724326.1,C.37,2021-04-24,complete,Homo sapiens,29803,4.3.4/1.37.1/v0.1.12/0.3.19/0.6.6
9,OZ062425.1,C.37,2021-06-05,complete,Homo sapiens,29789,4.3.4/1.37.1/v0.1.12/0.3.19/0.6.6
9,OZ063079.1,C.37,2021-07-16,complete,Homo sapiens,29786,4.3.4/1.37.1/v0.1.12/0.3.19/0.6.6
9,MZ060481.1,C.37,2021-04-13,complete,Homo sapiens,29801,4.3.4/1.37.1/v0.1.12/0.3.19/0.6.6
9,MZ132401.1,C.37,2021-04-17,complete,Homo sapiens,29806,4.3.4/1.37.1/v0.1.12/0.3.19/0.6.6
9,MZ372744.1,C.37,2021-05-25,complete,Homo sapiens,29749,4.3.4/1.37.1/v0.1.12/0.3.19/0.6.6
9,OZ066155.1,C.37,2021-10-05,complete,Homo sapiens,29789,4.3.4/1.37.1/v0.1.12/0.3.19/0.6.6
9,OZ061399.1,C.37,2021-05-02,complete,Homo sapiens,29797,4.3.4/1.37.1/v0.1.12/0.3.19/0.6.6
9,OZ066065.1,C.37,2021-09-27,complete,Homo sapiens,29789,4.3.4/1.37.1/v0.1.12/0.3.19/0.6.6
9,OZ062574.1,C.37,2021-06-04,complete,Homo sapiens,29800,4.3.4/1.37.1/v0.1.12/0.3.19/0.6.6
9,OZ061451.1,C.37,2021-04-05,complete,Homo sapiens,29783,4.3.4/1.37.1/v0.1.12/0.3.19/0.6.6
9,OZ062044.1,C.37,2021-06-07,complete,Homo sapiens,29768,4.3.4/1.37.1/v0.1.12/0.3.19/0.6.6
9,OZ066614.1,C.37,2021-07-26,complete,Homo sapiens,29768,4.3.4/1.37.1/v0.1.12/0.3.19/0.6.6
9,OZ065438.1,C.37,2021-10-01,complete,Homo sapiens,29790,4.3.4/1.37.1/v0.1.12/0.3.19/0.6.6
9,ON148780.1,C.37,2021-05-13,complete,Homo sapiens,29767,4.3.4/1.37.1/v0.1.12/0.3.19/0.6.6
9,OZ065261.1,C.37,2021-09-17,complete,Homo sapiens,29767,4.3.4/1.37.1/v0.1.12/0.3.19/0.6.6
9,OZ065618.1,C.37,2021-09-23,complete,Homo sapiens,29789,4.3.4/1.37.1/v0.1.12/0.3.19/0.6.6
9,MZ681320.1,C.37,2021-03-01,complete,Homo sapiens,29684,4.3.4/1.37.1/v0.1.12/0.3.19/0.6.6
9,OZ062571.1,C.37,2021-07-08,complete,Homo sapiens,29789,4.3.4/1.37.1/v0.1.12/0.3.19/0.6.6
9,OZ064129.1,C.37,2021-07-31,complete,Homo sapiens,29772,4.3.4/1.37.1/v0.1.12/0.3.19/0.6.6
9,OZ065113.1,C.37,2021-09-04,complete,Homo sapiens,29768,4.3.4/1.37.1/v0.1.12/0.3.19/0.6.6
9,OZ065450.1,C.37,2021-10-14,complete,Homo sapiens,29767,4.3.4/1.37.1/v0.1.12/0.3.19/0.6.6
9,MZ275296.1,C.37,2021-02-26,complete,Homo sapiens,29747,4.3.4/1.37.1/v0.1.12/0.3.19/0.6.6
9,OZ061742.1,C.37,2021-05-28,complete,Homo sapiens,29768,4.3.4/1.37.1/v0.1.12/0.3.19/0.6.6
9,OZ064317.1,C.37,2021-07-30,complete,Homo sapiens,29789,4.3.4/1.37.1/v0.1.12/0.3.19/0.6.6
9,OZ062616.1,C.37,2021-07-08,complete,Homo sapiens,29768,4.3.4/1.37.1/v0.1.12/0.3.19/0.6.6
9,MW870180.1,C.37,2021-03-12,complete,Homo sapiens,29684,4.3.4/1.37.1/v0.1.12/0.3.19/0.6.6
9,MZ233989.1,C.37,2021-05-06,complete,Homo sapiens,29873,4.3.4/1.37.1/v0.1.12/0.3.19/0.6.6
9,OZ061681.1,C.37,2021-05-27,complete,Homo sapiens,29865,4.3.4/1.37.1/v0.1.12/0.3.19/0.6.6
9,OZ062261.1,C.37,2021-06-03,complete,Homo sapiens,29789,4.3.4/1.37.1/v0.1.12/0.3.19/0.6.6
9,OK235227.1,C.37,2021-06-05,complete,Homo sapiens,29749,4.3.4/1.37.1/v0.1.12/0.3.19/0.6.6
9,MZ065146.1,C.37,2021-03-31,complete,Homo sapiens,29695,4.3.4/1.37.1/v0.1.12/0.3.19/0.6.6
9,OZ064960.1,C.37,2021-09-16,complete,Homo sapiens,29834,4.3.4/1.37.1/v0.1.12/0.3.19/0.6.6
9,OZ062871.1,C.37,2021-06-14,complete,Homo sapiens,29834,4.3.4/1.37.1/v0.1.12/0.3.19/0.6.6
9,OZ064607.1,C.37,2021-11-15,complete,Homo sapiens,29795,4.3.4/1.37.1/v0.1.12/0.3.19/0.6.6
9,MZ316107.1,C.37,2021-05-08,complete,Homo sapiens,29801,4.3.4/1.37.1/v0.1.12/0.3.19/0.6.6
9,PP613454.1,C.37,2021-04-30,complete,Homo sapiens,29716,4.3.4/1.37.1/v0.1.12/0.3.19/0.6.6
9,OZ065530.1,C.37,2021-10-15,complete,Homo sapiens,29794,4.3.4/1.37.1/v0.1.12/0.3.19/0.6.6
9,OZ061796.1,C.37,2021-04-20,complete,Homo sapiens,29767,4.3.4/1.37.1/v0.1.12/0.3.19/0.6.6
9,MZ401969.1,C.37,2021-05-22,complete,Homo sapiens,29798,4.3.4/1.37.1/v0.1.12/0.3.19/0.6.6
9,OZ062874.1,C.37,2021-07-09,complete,Homo sapiens,29833,4.3.4/1.37.1/v0.1.12/0.3.19/0.6.6
9,OZ062342.1,C.37,2021-06-09,complete,Homo sapiens,29802,4.3.4/1.37.1/v0.1.12/0.3.19/0.6.6
10,MZ283260.1,P.1,2021-04-21,complete,Homo sapiens,29841,4.3.4/1.37.1/v0.1.12/0.3.19/0.6.6
10,MZ331233.1,P.1,2021-05-03,complete,Homo sapiens,29844,4.3.4/1.37.1/v0.1.12/0.3.19/0.6.6
10,MZ308082.1,P.1,2021-05-10,complete,Homo sapiens,29709,4.3.4/1.37.1/v0.1.12/0.3.19/0.6.6
10,MZ281956.1,P.1,2021-04-30,complete,Homo sapiens,29875,4.3.4/1.37.1/v0.1.12/0.3.19/0.6.6
10,OQ522647.1,P.1,2021-08-10,complete,Homo sapiens,29813,4.3.4/1.37.1/v0.1.12/0.3.19/0.6.6
10,MZ536435.1,P.1,2021-06-17,complete,Homo sapiens,29777,4.3.4/1.37.1/v0.1.12/0.3.19/0.6.6
10,MZ076108.1,P.1,2021-03-31,complete,Homo sapiens,29898,4.3.4/1.37.1/v0.1.12/0.3.19/0.6.6
10,ON576903.1,P.1,2021-07-08,complete,Homo sapiens,29831,4.3.4/1.37.1/v0.1.12/0.3.19/0.6.6
10,MZ076763.1,P.1,2021-04-11,complete,Homo sapiens,29777,4.3.4/1.37.1/v0.1.12/0.3.19/0.6.6
10,MZ241029.1,P.1,2021-04-30,complete,Homo sapiens,29777,4.3.4/1.37.1/v0.1.12/0.3.19/0.6.6
10,MZ291092.1,P.1,2021-05-06,complete,Homo sapiens,29818,4.3.4/1.37.1/v0.1.12/0.3.19/0.6.6
10,OZ066385.1,P.1,2021-10-26,complete,Homo sapiens,29793,4.3.4/1.37.1/v0.1.12/0.3.19/0.6.6
10,MZ796952.1,P.1,2021-07-19,complete,Homo sapiens,29777,4.3.4/1.37.1/v0.1.12/0.3.19/0.6.6
10,MZ727831.1,P.1,2021-06-26,complete,Homo sapiens,29777,4.3.4/1.37.1/v0.1.12/0.3.19/0.6.6
10,ON017283.1,P.1,2021-06-27,complete,Homo sapiens,29844,4.3.4/1.37.1/v0.1.12/0.3.19/0.6.6
10,MW963244.1,P.1,2021-03-15,complete,Homo sapiens,29777,4.3.4/1.37.1/v0.1.12/0.3.19/0.6.6
10,PP902359.1,P.1,2021-03-05,complete,Homo sapiens,29823,4.3.4/1.37.1/v0.1.12/0.3.19/0.6.6
10,OK548837.1,P.1,2021-05-31,complete,Homo sapiens,29593,4.3.4/1.37.1/v0.1.12/0.3.19/0.6.6
10,OL522321.1,P.1,2021-06-19,complete,Homo sapiens,29894,4.3.4/1.37.1/v0.1.12/0.3.19/0.6.6
10,ON576129.1,P.1,2021-06-14,complete,Homo sapiens,29812,4.3.4/1.37.1/v0.1.12/0.3.19/0.6.6
10,MZ572295.1,P.1,2021-06-11,complete,Homo sapiens,29844,4.3.4/1.37.1/v0.1.12/0.3.19/0.6.6
10,MZ411959.1,P.1,2021-06-04,complete,Homo sapiens,29708,4.3.4/1.37.1/v0.1.12/0.3.19/0.6.6
10,OZ061639.1,P.1,2021-05-06,complete,Homo sapiens,29793,4.3.4/1.37.1/v0.1.12/0.3.19/0.6.6
10,ON574798.1,P.1,2021-05-10,complete,Homo sapiens,29818,4.3.4/1.37.1/v0.1.12/0.3.19/0.6.6
10,OK550275.1,P.1,2021-07-03,complete,Homo sapiens,29593,4.3.4/1.37.1/v0.1.12/0.3.19/0.6.6
10,MZ211469.1,P.1,2021-04-10,complete,Homo sapiens,29872,4.3.4/1.37.1/v0.1.12/0.3.19/0.6.6
10,MZ210117.1,P.1,2021-04-08,complete,Homo sapiens,29894,4.3.4/1.37.1/v0.1.12/0.3.19/0.6.6
10,OK548343.1,P.1,2021-04-05,complete,Homo sapiens,29844,4.3.4/1.37.1/v0.1.12/0.3.19/0.6.6
10,MZ100600.1,P.1,2021-04-16,complete,Homo sapiens,29826,4.3.4/1.37.1/v0.1.12/0.3.19/0.6.6
10,MZ291188.1,P.1,2021-05-07,complete,Homo sapiens,29824,4.3.4/1.37.1/v0.1.12/0.3.19/0.6.6
10,MW966059.1,P.1,2021-03-13,complete,Homo sapiens,29894,4.3.4/1.37.1/v0.1.12/0.3.19/0.6.6
10,MZ704410.1,P.1,2021-07-11,complete,Homo sapiens,29831,4.3.4/1.37.1/v0.1.12/0.3.19/0.6.6
10,OZ061761.1,P.1,2021-05-13,complete,Homo sapiens,29653,4.3.4/1.37.1/v0.1.12/0.3.19/0.6.6
10,MZ597818.1,P.1,2021-06-30,complete,Homo sapiens,29777,4.3.4/1.37.1/v0.1.12/0.3.19/0.6.6
10,MZ382919.1,P.1,2021-05-13,complete,Homo sapiens,29817,4.3.4/1.37.1/v0.1.12/0.3.19/0.6.6
10,ON576453.1,P.1,2021-06-08,complete,Homo sapiens,29819,4.3.4/1.37.1/v0.1.12/0.3.19/0.6.6
10,OX444165.1,P.1,2021-05-10,complete,Homo sapiens,29897,4.3.4/1.37.1/v0.1.12/0.3.19/0.6.6
10,ON577890.1,P.1,2021-06-01,complete,Homo sapiens,29831,4.3.4/1.37.1/v0.1.12/0.3.19/0.6.6
10,MZ255181.1,P.1,2021-03-15,complete,Homo sapiens,29890,4.3.4/1.37.1/v0.1.12/0.3.19/0.6.6
10,ON579574.1,P.1,2021-09-02,complete,Homo sapiens,29827,4.3.4/1.37.1/v0.1.12/0.3.19/0.6.6
10,PP186910.1,P.1,2021-04-11,complete,Homo sapiens,29890,4.3.4/1.37.1/v0.1.12/0.3.19/0.6.6
10,MZ211119.1,P.1,2021-04-11,complete,Homo sapiens,29896,4.3.4/1.37.1/v0.1.12/0.3.19/0.6.6
10,MZ710396.1,P.1,2021-04,complete,Homo sapiens,29777,4.3.4/1.37.1/v0.1.12/0.3.19/0.6.6
10,OX444229.1,P.1,2021-05-11,complete,Homo sapiens,29900,4.3.4/1.37.1/v0.1.12/0.3.19/0.6.6
10,OP855521.1,P.1,2021-03-17,complete,Homo sapiens,29903,4.3.4/1.37.1/v0.1.12/0.3.19/0.6.6
10,ON577738.1,P.1,2021-06-04,complete,Homo sapiens,29831,4.3.4/1.37.1/v0.1.12/0.3.19/0.6.6
10,MZ015239.1,P.1,2021-04-15,complete,Homo sapiens,29906,4.3.4/1.37.1/v0.1.12/0.3.19/0.6.6
10,OK231948.1,P.1,2021-06-02,complete,Homo sapiens,29708,4.3.4/1.37.1/v0.1.12/0.3.19/0.6.6
10,MZ372987.1,P.1,2021-05-30,complete,Homo sapiens,29678,4.3.4/1.37.1/v0.1.12/0.3.19/0.6.6
10,ON575836.1,P.1,2021-07-05,complete,Homo sapiens,29823,4.3.4/1.37.1/v0.1.12/0.3.19/0.6.6
10,MZ702186.1,P.1,2021-07-06,complete,Homo sapiens,29777,4.3.4/1.37.1/v0.1.12/0.3.19/0.6.6
10,MZ294141.1,P.1,2021-05-13,complete,Homo sapiens,29887,4.3.4/1.37.1/v0.1.12/0.3.19/0.6.6
10,OL538420.1,P.1,2021-05-27,complete,Homo sapiens,29829,4.3.4/1.37.1/v0.1.12/0.3.19/0.6.6
10,ON574817.1,P.1,2021-05-04,complete,Homo sapiens,29819,4.3.4/1.37.1/v0.1.12/0.3.19/0.6.6
10,OK005175.1,P.1,2021-08-03,complete,Homo sapiens,29831,4.3.4/1.37.1/v0.1.12/0.3.19/0.6.6
10,MZ337595.1,P.1,2021-05-16,complete,Homo sapiens,29777,4.3.4/1.37.1/v0.1.12/0.3.19/0.6.6
10,MZ367670.1,P.1,2021-05-08,complete,Homo sapiens,29764,4.3.4/1.37.1/v0.1.12/0.3.19/0.6.6
10,OK107905.1,P.1,2021-08-04,complete,Homo sapiens,29828,4.3.4/1.37.1/v0.1.12/0.3.19/0.6.6
10,ON577168.1,P.1,2021-07-03,complete,Homo sapiens,29827,4.3.4/1.37.1/v0.1.12/0.3.19/0.6.6
10,ON578310.1,P.1,2021-08-12,complete,Homo sapiens,29820,4.3.4/1.37.1/v0.1.12/0.3.19/0.6.6
10,OZ061896.1,P.1,2021-04-20,complete,Homo sapiens,29805,4.3.4/1.37.1/v0.1.12/0.3.19/0.6.6
10,OZ064177.1,P.1,2021-07-31,complete,Homo sapiens,29860,4.3.4/1.37.1/v0.1.12/0.3.19/0.6.6
10,MZ185547.1,P.1,2021-04-27,complete,Homo sapiens,29886,4.3.4/1.37.1/v0.1.12/0.3.19/0.6.6
10,OZ064525.1,P.1,2021-07-13,complete,Homo sapiens,29793,4.3.4/1.37.1/v0.1.12/0.3.19/0.6.6
10,MZ455356.1,P.1,2021-04-26,complete,Homo sapiens,29777,4.3.4/1.37.1/v0.1.12/0.3.19/0.6.6
10,MZ279486.1,P.1,2021-04-30,complete,Homo sapiens,29821,4.3.4/1.37.1/v0.1.12/0.3.19/0.6.6
10,ON576851.1,P.1,2021-06-03,complete,Homo sapiens,29818,4.3.4/1.37.1/v0.1.12/0.3.19/0.6.6
10,OX443826.1,P.1,2021-04-26,complete,Homo sapiens,29900,4.3.4/1.37.1/v0.1.12/0.3.19/0.6.6
10,OK018514.1,P.1,2021-07-08,complete,Homo sapiens,29791,4.3.4/1.37.1/v0.1.12/0.3.19/0.6.6
10,PQ170135.1,P.1,2021-08-23,complete,Homo sapiens,29777,4.3.4/1.37.1/v0.1.12/0.3.19/0.6.6
10,MZ848901.1,P.1,2021-07-03,complete,Homo sapiens,29679,4.3.4/1.37.1/v0.1.12/0.3.19/0.6.6
10,PP301066.1,P.1,2021-03-16,complete,Homo sapiens,29893,4.3.4/1.37.1/v0.1.12/0.3.19/0.6.6
10,MZ564411.1,P.1,2021-06-30,complete,Homo sapiens,29773,4.3.4/1.37.1/v0.1.12/0.3.19/0.6.6
10,MW872690.1,P.1,2021-03-27,complete,Homo sapiens,29810,4.3.4/1.37.1/v0.1.12/0.3.19/0.6.6
10,MZ378217.1,P.1,2021-04-29,complete,Homo sapiens,29837,4.3.4/1.37.1/v0.1.12/0.3.19/0.6.6
10,MZ849391.1,P.1,2021-06-30,complete,Homo sapiens,29678,4.3.4/1.37.1/v0.1.12/0.3.19/0.6.6
10,MZ566263.1,P.1,2021-06-14,complete,Homo sapiens,29813,4.3.4/1.37.1/v0.1.12/0.3.19/0.6.6
10,ON577863.1,P.1,2021-06-02,complete,Homo sapiens,29831,4.3.4/1.37.1/v0.1.12/0.3.19/0.6.6
10,MZ245276.1,P.1,2021-05-11,complete,Homo sapiens,29870,4.3.4/1.37.1/v0.1.12/0.3.19/0.6.6
10,OK511207.1,P.1,2021-05-31,complete,Homo sapiens,29708,4.3.4/1.37.1/v0.1.12/0.3.19/0.6.6
10,MZ281046.1,P.1,2021-05-05,complete,Homo sapiens,29896,4.3.4/1.37.1/v0.1.12/0.3.19/0.6.6
10,PX578267.1,P.1,2021-06-11,complete,Homo sapiens,29793,4.3.4/1.37.1/v0.1.12/0.3.19/0.6.6
10,OX444181.1,P.1,2021-05-17,complete,Homo sapiens,29885,4.3.4/1.37.1/v0.1.12/0.3.19/0.6.6
10,OZ065004.1,P.1,2021-08-30,complete,Homo sapiens,29769,4.3.4/1.37.1/v0.1.12/0.3.19/0.6.6
10,MZ099836.1,P.1,2021-04-15,complete,Homo sapiens,29831,4.3.4/1.37.1/v0.1.12/0.3.19/0.6.6
10,ON575460.1,P.1,2021-08-05,complete,Homo sapiens,29825,4.3.4/1.37.1/v0.1.12/0.3.19/0.6.6
10,ON577181.1,P.1,2021-07-04,complete,Homo sapiens,29824,4.3.4/1.37.1/v0.1.12/0.3.19/0.6.6
10,ON577837.1,P.1,2021-06-04,complete,Homo sapiens,29822,4.3.4/1.37.1/v0.1.12/0.3.19/0.6.6
10,MZ705267.1,P.1,2021-06-29,complete,Homo sapiens,29827,4.3.4/1.37.1/v0.1.12/0.3.19/0.6.6
10,OZ064197.1,P.1,2021-07-08,complete,Homo sapiens,29793,4.3.4/1.37.1/v0.1.12/0.3.19/0.6.6
10,MZ270943.1,P.1,2021-04-16,complete,Homo sapiens,29889,4.3.4/1.37.1/v0.1.12/0.3.19/0.6.6
10,MZ329246.1,P.1,2021-05-05,complete,Homo sapiens,29777,4.3.4/1.37.1/v0.1.12/0.3.19/0.6.6
10,MZ270528.1,P.1,2021-04-28,complete,Homo sapiens,29823,4.3.4/1.37.1/v0.1.12/0.3.19/0.6.6
10,OP855384.1,P.1,2021-02-28,complete,Homo sapiens,29903,4.3.4/1.37.1/v0.1.12/0.3.19/0.6.6
10,OP855441.1,P.1,2021-04-27,complete,Homo sapiens,29903,4.3.4/1.37.1/v0.1.12/0.3.19/0.6.6
10,OK109547.1,P.1,2021-07-07,complete,Homo sapiens,29777,4.3.4/1.37.1/v0.1.12/0.3.19/0.6.6
10,ON577018.1,P.1,2021-07-07,complete,Homo sapiens,29821,4.3.4/1.37.1/v0.1.12/0.3.19/0.6.6
10,OP855475.1,P.1,2021-05-07,complete,Homo sapiens,29894,4.3.4/1.37.1/v0.1.12/0.3.19/0.6.6
10,MZ728261.1,P.1,2021-06-19,complete,Homo sapiens,29799,4.3.4/1.37.1/v0.1.12/0.3.19/0.6.6
10,ON576892.1,P.1,2021-07-07,complete,Homo sapiens,29823,4.3.4/1.37.1/v0.1.12/0.3.19/0.6.6
10,OK390985.1,P.1,2021-09-08,complete,Homo sapiens,29824,4.3.4/1.37.1/v0.1.12/0.3.19/0.6.6
10,MZ619985.1,P.1,2021-04-30,complete,Homo sapiens,29815,4.3.4/1.37.1/v0.1.12/0.3.19/0.6.6
10,MZ342328.1,P.1,2021-05-19,complete,Homo sapiens,29708,4.3.4/1.37.1/v0.1.12/0.3.19/0.6.6
10,PQ094881.1,P.1,2021-07-14,complete,Homo sapiens,29580,4.3.4/1.37.1/v0.1.12/0.3.19/0.6.6
10,ON575843.1,P.1,2021-07-03,complete,Homo sapiens,29831,4.3.4/1.37.1/v0.1.12/0.3.19/0.6.6
10,OL544680.1,P.1,2021-04-10,complete,Homo sapiens,29787,4.3.4/1.37.1/v0.1.12/0.3.19/0.6.6
10,MZ498584.1,P.1,2021-05-23,complete,Homo sapiens,29645,4.3.4/1.37.1/v0.1.12/0.3.19/0.6.6
10,MZ728985.1,P.1,2021-07-07,complete,Homo sapiens,29831,4.3.4/1.37.1/v0.1.12/0.3.19/0.6.6
10,OZ064754.1,P.1,2021-08-24,complete,Homo sapiens,29793,4.3.4/1.37.1/v0.1.12/0.3.19/0.6.6
10,ON017186.1,P.1,2021-05-07,complete,Homo sapiens,29825,4.3.4/1.37.1/v0.1.12/0.3.19/0.6.6
10,OK511280.1,P.1,2021-06-02,complete,Homo sapiens,29678,4.3.4/1.37.1/v0.1.12/0.3.19/0.6.6
10,OK320022.1,P.1,2021-07-20,complete,Homo sapiens,29831,4.3.4/1.37.1/v0.1.12/0.3.19/0.6.6
10,MZ239533.1,P.1,2021-04-19,complete,Homo sapiens,29777,4.3.4/1.37.1/v0.1.12/0.3.19/0.6.6
10,OZ063092.1,P.1,2021-06-12,complete,Homo sapiens,29793,4.3.4/1.37.1/v0.1.12/0.3.19/0.6.6
10,ON576804.1,P.1,2021-06-02,complete,Homo sapiens,29819,4.3.4/1.37.1/v0.1.12/0.3.19/0.6.6
10,PP611883.1,P.1,2021-04-12,complete,Homo sapiens,29741,4.3.4/1.37.1/v0.1.12/0.3.19/0.6.6
10,MZ183912.1,P.1,2021-04-28,complete,Homo sapiens,29860,4.3.4/1.37.1/v0.1.12/0.3.19/0.6.6
10,OZ062230.1,P.1,2021-06-26,complete,Homo sapiens,29622,4.3.4/1.37.1/v0.1.12/0.3.19/0.6.6
10,MZ342355.1,P.1,2021-05-20,complete,Homo sapiens,29708,4.3.4/1.37.1/v0.1.12/0.3.19/0.6.6
10,ON577729.1,P.1,2021-06-04,complete,Homo sapiens,29822,4.3.4/1.37.1/v0.1.12/0.3.19/0.6.6
10,PQ617897.1,P.1,2022-06-25,complete,Homo sapiens,29769,4.3.4/1.37.1/v0.1.12/0.3.19/0.6.6
10,MZ685302.1,P.1,2021-04-27,complete,Homo sapiens,29811,4.3.4/1.37.1/v0.1.12/0.3.19/0.6.6
10,MZ743467.1,P.1,2021-07-11,complete,Homo sapiens,29816,4.3.4/1.37.1/v0.1.12/0.3.19/0.6.6
10,MZ245610.1,P.1,2021-02-24,complete,Homo sapiens,29744,4.3.4/1.37.1/v0.1.12/0.3.19/0.6.6
10,MZ149293.1,P.1,2021-04-18,complete,Homo sapiens,29777,4.3.4/1.37.1/v0.1.12/0.3.19/0.6.6
10,MZ211819.1,P.1,2021-04-10,complete,Homo sapiens,29896,4.3.4/1.37.1/v0.1.12/0.3.19/0.6.6
10,MZ356696.1,P.1,2021-05-16,complete,Homo sapiens,29777,4.3.4/1.37.1/v0.1.12/0.3.19/0.6.6
10,MZ280776.1,P.1,2021-05-04,complete,Homo sapiens,29888,4.3.4/1.37.1/v0.1.12/0.3.19/0.6.6
10,ON185816.1,P.1,2021-05-20,complete,Homo sapiens,29825,4.3.4/1.37.1/v0.1.12/0.3.19/0.6.6
10,MZ704720.1,P.1,2021-07-01,complete,Homo sapiens,29821,4.3.4/1.37.1/v0.1.12/0.3.19/0.6.6
10,OX443898.1,P.1,2021-05-03,complete,Homo sapiens,29898,4.3.4/1.37.1/v0.1.12/0.3.19/0.6.6
10,PP613596.1,P.1,2021-05-01,complete,Homo sapiens,29741,4.3.4/1.37.1/v0.1.12/0.3.19/0.6.6
10,MZ412292.1,P.1,2021-06-03,complete,Homo sapiens,29709,4.3.4/1.37.1/v0.1.12/0.3.19/0.6.6
10,MZ100561.1,P.1,2021-04-13,complete,Homo sapiens,29824,4.3.4/1.37.1/v0.1.12/0.3.19/0.6.6
10,ON576775.1,P.1,2021-06-07,complete,Homo sapiens,29810,4.3.4/1.37.1/v0.1.12/0.3.19/0.6.6
10,ON577520.1,P.1,2021-06-10,complete,Homo sapiens,29829,4.3.4/1.37.1/v0.1.12/0.3.19/0.6.6
10,MZ281663.1,P.1,2021-05-07,complete,Homo sapiens,29869,4.3.4/1.37.1/v0.1.12/0.3.19/0.6.6
10,ON576133.1,P.1,2021-06-06,complete,Homo sapiens,29821,4.3.4/1.37.1/v0.1.12/0.3.19/0.6.6
10,OK045487.1,P.1,2021-08-06,complete,Homo sapiens,29847,4.3.4/1.37.1/v0.1.12/0.3.19/0.6.6
10,MZ728230.1,P.1,2021-05-13,complete,Homo sapiens,29801,4.3.4/1.37.1/v0.1.12/0.3.19/0.6.6
10,OK234772.1,P.1,2021-06-07,complete,Homo sapiens,29720,4.3.4/1.37.1/v0.1.12/0.3.19/0.6.6
10,MZ022135.1,P.1,2021-03-29,complete,Homo sapiens,29886,4.3.4/1.37.1/v0.1.12/0.3.19/0.6.6
10,OL539123.1,P.1,2021-04-30,complete,Homo sapiens,29821,4.3.4/1.37.1/v0.1.12/0.3.19/0.6.6
10,OL523033.1,P.1,2021-06-27,complete,Homo sapiens,29888,4.3.4/1.37.1/v0.1.12/0.3.19/0.6.6
10,MZ100608.1,P.1,2021-04-16,complete,Homo sapiens,29819,4.3.4/1.37.1/v0.1.12/0.3.19/0.6.6
10,OZ064222.1,P.1,2021-08-01,complete,Homo sapiens,29794,4.3.4/1.37.1/v0.1.12/0.3.19/0.6.6
10,OP855462.1,P.1,2021-05-26,complete,Homo sapiens,29894,4.3.4/1.37.1/v0.1.12/0.3.19/0.6.6
10,MZ238407.1,P.1,2021-05-04,complete,Homo sapiens,29882,4.3.4/1.37.1/v0.1.12/0.3.19/0.6.6
10,MZ579158.1,P.1,2021-04-26,complete,Homo sapiens,29898,4.3.4/1.37.1/v0.1.12/0.3.19/0.6.6
10,MZ071471.1,P.1,2021-04-15,complete,Homo sapiens,29709,4.3.4/1.37.1/v0.1.12/0.3.19/0.6.6
10,ON576041.1,P.1,2021-06-09,complete,Homo sapiens,29827,4.3.4/1.37.1/v0.1.12/0.3.19/0.6.6
10,ON574652.1,P.1,2021-05-04,complete,Homo sapiens,29813,4.3.4/1.37.1/v0.1.12/0.3.19/0.6.6
10,OK512710.1,P.1,2021-06-14,complete,Homo sapiens,29551,4.3.4/1.37.1/v0.1.12/0.3.19/0.6.6
10,MZ184721.1,P.1,2021-04-27,complete,Homo sapiens,29838,4.3.4/1.37.1/v0.1.12/0.3.19/0.6.6
10,MZ194346.1,P.1,2021-04-26,complete,Homo sapiens,29815,4.3.4/1.37.1/v0.1.12/0.3.19/0.6.6
10,OK231248.1,P.1,2021-06-11,complete,Homo sapiens,29645,4.3.4/1.37.1/v0.1.12/0.3.19/0.6.6
10,ON575453.1,P.1,2021-08-11,complete,Homo sapiens,29821,4.3.4/1.37.1/v0.1.12/0.3.19/0.6.6
10,MZ296062.1,P.1,2021-05-17,complete,Homo sapiens,29865,4.3.4/1.37.1/v0.1.12/0.3.19/0.6.6
10,ON575464.1,P.1,2021-08-09,complete,Homo sapiens,29831,4.3.4/1.37.1/v0.1.12/0.3.19/0.6.6
10,MZ703916.1,P.1,2021-07-09,complete,Homo sapiens,29831,4.3.4/1.37.1/v0.1.12/0.3.19/0.6.6
10,ON576640.1,P.1,2021-06-10,complete,Homo sapiens,29824,4.3.4/1.37.1/v0.1.12/0.3.19/0.6.6
10,OQ521704.1,P.1,2021-07-14,complete,Homo sapiens,29813,4.3.4/1.37.1/v0.1.12/0.3.19/0.6.6
10,MZ531124.1,P.1,2021-06-21,complete,Homo sapiens,29690,4.3.4/1.37.1/v0.1.12/0.3.19/0.6.6
10,ON576623.1,P.1,2021-06-03,complete,Homo sapiens,29819,4.3.4/1.37.1/v0.1.12/0.3.19/0.6.6
10,MZ227853.1,P.1,2021-04-25,complete,Homo sapiens,29822,4.3.4/1.37.1/v0.1.12/0.3.19/0.6.6
10,MZ705620.1,P.1,2021-07-06,complete,Homo sapiens,29827,4.3.4/1.37.1/v0.1.12/0.3.19/0.6.6
10,OZ064557.1,P.1,2021-08-12,complete,Homo sapiens,29626,4.3.4/1.37.1/v0.1.12/0.3.19/0.6.6
10,ON575524.1,P.1,2021-08-06,complete,Homo sapiens,29827,4.3.4/1.37.1/v0.1.12/0.3.19/0.6.6
10,OX444200.1,P.1,2021-05-17,complete,Homo sapiens,29903,4.3.4/1.37.1/v0.1.12/0.3.19/0.6.6
10,MZ083856.1,P.1,2021-04-01,complete,Homo sapiens,29896,4.3.4/1.37.1/v0.1.12/0.3.19/0.6.6
10,ON576565.1,P.1,2021-06-01,complete,Homo sapiens,29819,4.3.4/1.37.1/v0.1.12/0.3.19/0.6.6
10,MZ210212.1,P.1,2021-04-08,complete,Homo sapiens,29894,4.3.4/1.37.1/v0.1.12/0.3.19/0.6.6
10,MZ154229.1,P.1,2021-04-20,complete,Homo sapiens,29819,4.3.4/1.37.1/v0.1.12/0.3.19/0.6.6
10,MZ252770.1,P.1,2021-05-10,complete,Homo sapiens,29678,4.3.4/1.37.1/v0.1.12/0.3.19/0.6.6
10,MW907089.1,P.1,2021-03-31,complete,Homo sapiens,29906,4.3.4/1.37.1/v0.1.12/0.3.19/0.6.6
10,ON575056.1,P.1,2021-05-11,complete,Homo sapiens,29811,4.3.4/1.37.1/v0.1.12/0.3.19/0.6.6
10,PP610659.1,P.1,2021-04-05,complete,Homo sapiens,29743,4.3.4/1.37.1/v0.1.12/0.3.19/0.6.6
10,MZ341051.1,P.1,2021-05-19,complete,Homo sapiens,29709,4.3.4/1.37.1/v0.1.12/0.3.19/0.6.6
10,MZ414741.1,P.1,2021-04-20,complete,Homo sapiens,29895,4.3.4/1.37.1/v0.1.12/0.3.19/0.6.6
10,ON577415.1,P.1,2021-06-15,complete,Homo sapiens,29831,4.3.4/1.37.1/v0.1.12/0.3.19/0.6.6
10,MZ433797.1,P.1,2021-06-02,complete,Homo sapiens,29823,4.3.4/1.37.1/v0.1.12/0.3.19/0.6.6
10,ON576673.1,P.1,2021-07-07,complete,Homo sapiens,29826,4.3.4/1.37.1/v0.1.12/0.3.19/0.6.6
10,ON574658.1,P.1,2021-05-05,complete,Homo sapiens,29818,4.3.4/1.37.1/v0.1.12/0.3.19/0.6.6
10,MZ592176.1,P.1,2021-07-05,complete,Homo sapiens,29741,4.3.4/1.37.1/v0.1.12/0.3.19/0.6.6
10,MZ989427.1,P.1,2021-08-09,complete,Homo sapiens,29645,4.3.4/1.37.1/v0.1.12/0.3.19/0.6.6
10,MZ244537.1,P.1,2021-05-07,complete,Homo sapiens,29865,4.3.4/1.37.1/v0.1.12/0.3.19/0.6.6
10,MZ166659.1,P.1,2021-04-05,complete,Homo sapiens,29824,4.3.4/1.37.1/v0.1.12/0.3.19/0.6.6
10,MZ341377.1,P.1,2021-05-16,complete,Homo sapiens,29645,4.3.4/1.37.1/v0.1.12/0.3.19/0.6.6
10,ON575871.1,P.1,2021-07-13,complete,Homo sapiens,29827,4.3.4/1.37.1/v0.1.12/0.3.19/0.6.6
10,MZ536427.1,P.1,2021-06-21,complete,Homo sapiens,29777,4.3.4/1.37.1/v0.1.12/0.3.19/0.6.6
10,MZ386575.1,P.1,2021-06-03,complete,Homo sapiens,29897,4.3.4/1.37.1/v0.1.12/0.3.19/0.6.6
10,MZ070275.1,P.1,2021-04-15,complete,Homo sapiens,29709,4.3.4/1.37.1/v0.1.12/0.3.19/0.6.6
10,OZ293779.1,P.1,2021-06-11,complete,Homo sapiens,29894,4.3.4/1.37.1/v0.1.12/0.3.19/0.6.6
10,OK511938.1,P.1,2021-06-08,complete,Homo sapiens,29709,4.3.4/1.37.1/v0.1.12/0.3.19/0.6.6
10,MZ987790.1,P.1,2021-08-01,complete,Homo sapiens,29709,4.3.4/1.37.1/v0.1.12/0.3.19/0.6.6
10,OM146141.1,P.1,2021-09-28,complete,Homo sapiens,29796,4.3.4/1.37.1/v0.1.12/0.3.19/0.6.6
10,OK548350.1,P.1,2021-05-02,complete,Homo sapiens,29844,4.3.4/1.37.1/v0.1.12/0.3.19/0.6.6
10,OX825072.1,P.1,2020,complete,Homo sapiens,29903,4.3.4/1.37.1/v0.1.12/0.3.19/0.6.6
10,MZ565906.1,P.1,2021-06-19,complete,Homo sapiens,29824,4.3.4/1.37.1/v0.1.12/0.3.19/0.6.6
10,MZ978282.1,P.1,2021-07-25,complete,Homo sapiens,29831,4.3.4/1.37.1/v0.1.12/0.3.19/0.6.6
10,MW966257.1,P.1,2021-03-23,complete,Homo sapiens,29896,4.3.4/1.37.1/v0.1.12/0.3.19/0.6.6
10,MZ029229.1,P.1,2021-04-02,complete,Homo sapiens,29857,4.3.4/1.37.1/v0.1.12/0.3.19/0.6.6
10,MZ290656.1,P.1,2021-05-05,complete,Homo sapiens,29826,4.3.4/1.37.1/v0.1.12/0.3.19/0.6.6
10,OZ061504.1,P.1,2021-05-13,complete,Homo sapiens,29860,4.3.4/1.37.1/v0.1.12/0.3.19/0.6.6
10,MZ315645.1,P.1,2021-05-09,complete,Homo sapiens,29821,4.3.4/1.37.1/v0.1.12/0.3.19/0.6.6
10,OK548633.1,P.1,2021-05-14,complete,Homo sapiens,29593,4.3.4/1.37.1/v0.1.12/0.3.19/0.6.6
10,OL538934.1,P.1,2021-06-24,complete,Homo sapiens,29754,4.3.4/1.37.1/v0.1.12/0.3.19/0.6.6
10,MZ591955.1,P.1,2021-06-29,complete,Homo sapiens,29679,4.3.4/1.37.1/v0.1.12/0.3.19/0.6.6
10,ON017251.1,P.1,2021-06-15,complete,Homo sapiens,29830,4.3.4/1.37.1/v0.1.12/0.3.19/0.6.6
10,MZ290518.1,P.1,2021-05-05,complete,Homo sapiens,29821,4.3.4/1.37.1/v0.1.12/0.3.19/0.6.6
10,OZ061887.1,P.1,2021-04-22,complete,Homo sapiens,29793,4.3.4/1.37.1/v0.1.12/0.3.19/0.6.6
10,MZ611971.1,P.1,2021-05-10,complete,Homo sapiens,29823,4.3.4/1.37.1/v0.1.12/0.3.19/0.6.6
10,MW990289.1,P.1,2021-04-06,complete,Homo sapiens,29777,4.3.4/1.37.1/v0.1.12/0.3.19/0.6.6
10,OL369429.1,P.1,2021-04-29,complete,Homo sapiens,29894,4.3.4/1.37.1/v0.1.12/0.3.19/0.6.6
10,OZ064382.1,P.1,2021-08-05,complete,Homo sapiens,29792,4.3.4/1.37.1/v0.1.12/0.3.19/0.6.6
10,ON576233.1,P.1,2021-06-10,complete,Homo sapiens,29819,4.3.4/1.37.1/v0.1.12/0.3.19/0.6.6
10,MZ592615.1,P.1,2021-07-01,complete,Homo sapiens,29679,4.3.4/1.37.1/v0.1.12/0.3.19/0.6.6
10,ON575915.1,P.1,2021-07-09,complete,Homo sapiens,29819,4.3.4/1.37.1/v0.1.12/0.3.19/0.6.6
10,OK246796.1,P.1,2021-07-12,complete,Homo sapiens,29898,4.3.4/1.37.1/v0.1.12/0.3.19/0.6.6
10,OZ060990.1,P.1,2021-04-05,complete,Homo sapiens,29814,4.3.4/1.37.1/v0.1.12/0.3.19/0.6.6
10,ON575518.1,P.1,2021-08-10,complete,Homo sapiens,29827,4.3.4/1.37.1/v0.1.12/0.3.19/0.6.6
10,OX444231.1,P.1,2021-05-17,complete,Homo sapiens,29897,4.3.4/1.37.1/v0.1.12/0.3.19/0.6.6
10,MZ717831.1,P.1,2021-07-02,complete,Homo sapiens,29788,4.3.4/1.37.1/v0.1.12/0.3.19/0.6.6
10,OZ066210.1,P.1,2021-10-29,complete,Homo sapiens,29778,4.3.4/1.37.1/v0.1.12/0.3.19/0.6.6
10,MW914415.1,P.1,2021-03-22,complete,Homo sapiens,29729,4.3.4/1.37.1/v0.1.12/0.3.19/0.6.6
10,MW963250.1,P.1,2021-03-15,complete,Homo sapiens,29777,4.3.4/1.37.1/v0.1.12/0.3.19/0.6.6
10,ON577843.1,P.1,2021-06-04,complete,Homo sapiens,29816,4.3.4/1.37.1/v0.1.12/0.3.19/0.6.6
10,MZ411879.1,P.1,2021-06-04,complete,Homo sapiens,29678,4.3.4/1.37.1/v0.1.12/0.3.19/0.6.6
10,MZ536420.1,P.1,2021-06-20,complete,Homo sapiens,29777,4.3.4/1.37.1/v0.1.12/0.3.19/0.6.6
10,PQ094886.1,P.1,2021-07-05,complete,Homo sapiens,29580,4.3.4/1.37.1/v0.1.12/0.3.19/0.6.6
10,PP141728.1,P.1,2021-04-08,complete,Homo sapiens,29841,4.3.4/1.37.1/v0.1.12/0.3.19/0.6.6
10,ON577881.1,P.1,2021-06-01,complete,Homo sapiens,29827,4.3.4/1.37.1/v0.1.12/0.3.19/0.6.6
10,ON575641.1,P.1,2021-07-01,complete,Homo sapiens,29827,4.3.4/1.37.1/v0.1.12/0.3.19/0.6.6
10,MW963306.1,P.1,2021-03-20,complete,Homo sapiens,29777,4.3.4/1.37.1/v0.1.12/0.3.19/0.6.6
10,PQ094832.1,P.1,2021-03-05,complete,Homo sapiens,29580,4.3.4/1.37.1/v0.1.12/0.3.19/0.6.6
10,MZ228370.1,P.1,2021-04-27,complete,Homo sapiens,29821,4.3.4/1.37.1/v0.1.12/0.3.19/0.6.6
10,OZ064462.1,P.1,2021-08-09,complete,Homo sapiens,29793,4.3.4/1.37.1/v0.1.12/0.3.19/0.6.6
10,MZ566439.1,P.1,2021-06-12,complete,Homo sapiens,29831,4.3.4/1.37.1/v0.1.12/0.3.19/0.6.6
10,MZ281338.1,P.1,2021-05-05,complete,Homo sapiens,29897,4.3.4/1.37.1/v0.1.12/0.3.19/0.6.6
10,ON577546.1,P.1,2021-06-09,complete,Homo sapiens,29819,4.3.4/1.37.1/v0.1.12/0.3.19/0.6.6
10,ON575725.1,P.1,2021-07-01,complete,Homo sapiens,29839,4.3.4/1.37.1/v0.1.12/0.3.19/0.6.6
10,MZ283254.1,P.1,2021-04-21,complete,Homo sapiens,29886,4.3.4/1.37.1/v0.1.12/0.3.19/0.6.6
10,MZ703815.1,P.1,2021-07-10,complete,Homo sapiens,29831,4.3.4/1.37.1/v0.1.12/0.3.19/0.6.6
10,MZ566133.1,P.1,2021-06-18,complete,Homo sapiens,29819,4.3.4/1.37.1/v0.1.12/0.3.19/0.6.6
10,MZ367674.1,P.1,2021-05-21,complete,Homo sapiens,29795,4.3.4/1.37.1/v0.1.12/0.3.19/0.6.6
10,ON575853.1,P.1,2021-07-07,complete,Homo sapiens,29821,4.3.4/1.37.1/v0.1.12/0.3.19/0.6.6
10,OK219201.1,P.1,2021-04-05,complete,Homo sapiens,29879,4.3.4/1.37.1/v0.1.12/0.3.19/0.6.6
10,MZ469431.1,P.1,2021-05-25,complete,Homo sapiens,29753,4.3.4/1.37.1/v0.1.12/0.3.19/0.6.6
10,ON576606.1,P.1,2021-07-12,complete,Homo sapiens,29819,4.3.4/1.37.1/v0.1.12/0.3.19/0.6.6
10,MW932133.1,P.1,2021-03-27,complete,Homo sapiens,29827,4.3.4/1.37.1/v0.1.12/0.3.19/0.6.6
10,OZ063161.1,P.1,2021-07-26,complete,Homo sapiens,29856,4.3.4/1.37.1/v0.1.12/0.3.19/0.6.6
10,MZ415547.1,P.1,2021-05-12,complete,Homo sapiens,29831,4.3.4/1.37.1/v0.1.12/0.3.19/0.6.6
10,MZ244563.1,P.1,2021-05-09,complete,Homo sapiens,29877,4.3.4/1.37.1/v0.1.12/0.3.19/0.6.6
10,MZ164469.1,P.1,2021-04-23,complete,Homo sapiens,29777,4.3.4/1.37.1/v0.1.12/0.3.19/0.6.6
10,ON575778.1,P.1,2021-07-05,complete,Homo sapiens,29827,4.3.4/1.37.1/v0.1.12/0.3.19/0.6.6
10,OP022965.1,P.1,2021-01-27,complete,Homo sapiens,29697,4.3.4/1.37.1/v0.1.12/0.3.19/0.6.6
10,MZ743975.1,P.1,2021-07-19,complete,Homo sapiens,29816,4.3.4/1.37.1/v0.1.12/0.3.19/0.6.6
10,OZ064792.1,P.1,2021-08-18,complete,Homo sapiens,29793,4.3.4/1.37.1/v0.1.12/0.3.19/0.6.6
10,OM433439.1,P.1,2021-06-06,complete,Homo sapiens,29866,4.3.4/1.37.1/v0.1.12/0.3.19/0.6.6
10,OK116853.1,P.1,2021-08-14,complete,Homo sapiens,29646,4.3.4/1.37.1/v0.1.12/0.3.19/0.6.6
10,MZ002461.1,P.1,2021-03-31,complete,Homo sapiens,29704,4.3.4/1.37.1/v0.1.12/0.3.19/0.6.6
10,MZ083336.1,P.1,2021-03-31,complete,Homo sapiens,29898,4.3.4/1.37.1/v0.1.12/0.3.19/0.6.6
10,MZ278822.1,P.1,2021-05-04,complete,Homo sapiens,29827,4.3.4/1.37.1/v0.1.12/0.3.19/0.6.6
10,OP855506.1,P.1,2021-05-31,complete,Homo sapiens,29894,4.3.4/1.37.1/v0.1.12/0.3.19/0.6.6
10,PQ170109.1,P.1,2021-08-23,complete,Homo sapiens,29785,4.3.4/1.37.1/v0.1.12/0.3.19/0.6.6
10,OL701729.1,P.1,2021-04-03,complete,Homo sapiens,29831,4.3.4/1.37.1/v0.1.12/0.3.19/0.6.6
10,MW968944.1,P.1,2021-03-25,complete,Homo sapiens,29887,4.3.4/1.37.1/v0.1.12/0.3.19/0.6.6
10,ON576882.1,P.1,2021-07-02,complete,Homo sapiens,29831,4.3.4/1.37.1/v0.1.12/0.3.19/0.6.6
10,OZ061020.1,P.1,2021-04-14,complete,Homo sapiens,29760,4.3.4/1.37.1/v0.1.12/0.3.19/0.6.6
10,ON578081.1,P.1,2021-08-03,complete,Homo sapiens,29820,4.3.4/1.37.1/v0.1.12/0.3.19/0.6.6
10,OK233685.1,P.1,2021-06-09,complete,Homo sapiens,29708,4.3.4/1.37.1/v0.1.12/0.3.19/0.6.6
10,MZ019087.1,P.1,2021-04-06,complete,Homo sapiens,29777,4.3.4/1.37.1/v0.1.12/0.3.19/0.6.6
10,OZ062541.1,P.1,2021-06-29,complete,Homo sapiens,29795,4.3.4/1.37.1/v0.1.12/0.3.19/0.6.6
10,MZ383031.1,P.1,2021-05-19,complete,Homo sapiens,29797,4.3.4/1.37.1/v0.1.12/0.3.19/0.6.6
10,MW642250.1,P.1,2021-01-18,complete,Homo sapiens,29859,4.3.4/1.37.1/v0.1.12/0.3.19/0.6.6
10,MZ432665.1,P.1,2021-05-28,complete,Homo sapiens,29795,4.3.4/1.37.1/v0.1.12/0.3.19/0.6.6
10,OK230735.1,P.1,2021-06-07,complete,Homo sapiens,29645,4.3.4/1.37.1/v0.1.12/0.3.19/0.6.6
10,MZ799161.1,P.1,2021-06-11,complete,Homo sapiens,29831,4.3.4/1.37.1/v0.1.12/0.3.19/0.6.6
10,ON577034.1,P.1,2021-07-09,complete,Homo sapiens,29822,4.3.4/1.37.1/v0.1.12/0.3.19/0.6.6
10,OK463217.1,P.1,2021-07-02,complete,Homo sapiens,29888,4.3.4/1.37.1/v0.1.12/0.3.19/0.6.6
10,ON577722.1,P.1,2021-06-04,complete,Homo sapiens,29821,4.3.4/1.37.1/v0.1.12/0.3.19/0.6.6
10,MZ143861.1,P.1,2021-04-18,complete,Homo sapiens,29859,4.3.4/1.37.1/v0.1.12/0.3.19/0.6.6
10,MZ283840.1,P.1,2021-04-19,complete,Homo sapiens,29870,4.3.4/1.37.1/v0.1.12/0.3.19/0.6.6
10,ON578594.1,P.1,2021-06-04,complete,Homo sapiens,29819,4.3.4/1.37.1/v0.1.12/0.3.19/0.6.6
10,PP613621.1,P.1,2021-05-02,complete,Homo sapiens,29741,4.3.4/1.37.1/v0.1.12/0.3.19/0.6.6
10,MZ076781.1,P.1,2021-04-12,complete,Homo sapiens,29777,4.3.4/1.37.1/v0.1.12/0.3.19/0.6.6
10,MZ278528.1,P.1,2021-05-02,complete,Homo sapiens,29777,4.3.4/1.37.1/v0.1.12/0.3.19/0.6.6
10,MZ278997.1,P.1,2021-05-02,complete,Homo sapiens,29825,4.3.4/1.37.1/v0.1.12/0.3.19/0.6.6
10,MZ685687.1,P.1,2021-05-28,complete,Homo sapiens,29817,4.3.4/1.37.1/v0.1.12/0.3.19/0.6.6
10,MZ385759.1,P.1,2021-06-03,complete,Homo sapiens,29868,4.3.4/1.37.1/v0.1.12/0.3.19/0.6.6
10,MZ938260.1,P.1,2021-08-04,complete,Homo sapiens,29678,4.3.4/1.37.1/v0.1.12/0.3.19/0.6.6
10,ON577919.1,P.1,2021-05-10,complete,Homo sapiens,29831,4.3.4/1.37.1/v0.1.12/0.3.19/0.6.6
10,MZ371792.1,P.1,2021-05-27,complete,Homo sapiens,29679,4.3.4/1.37.1/v0.1.12/0.3.19/0.6.6
10,ON577749.1,P.1,2021-06-02,complete,Homo sapiens,29819,4.3.4/1.37.1/v0.1.12/0.3.19/0.6.6
10,MZ780385.1,P.1,2021-04-23,complete,Homo sapiens,29832,4.3.4/1.37.1/v0.1.12/0.3.19/0.6.6
10,ON575334.1,P.1,2021-08-10,complete,Homo sapiens,29821,4.3.4/1.37.1/v0.1.12/0.3.19/0.6.6
10,MZ071034.1,P.1,2021-04-12,complete,Homo sapiens,29709,4.3.4/1.37.1/v0.1.12/0.3.19/0.6.6
10,MZ566065.1,P.1,2021-06-15,complete,Homo sapiens,29831,4.3.4/1.37.1/v0.1.12/0.3.19/0.6.6
10,ON574739.1,P.1,2021-05-10,complete,Homo sapiens,29819,4.3.4/1.37.1/v0.1.12/0.3.19/0.6.6
10,MZ132933.1,P.1,2021-04-14,complete,Homo sapiens,29817,4.3.4/1.37.1/v0.1.12/0.3.19/0.6.6
10,OK262610.1,P.1,2021-09-03,complete,Homo sapiens,29777,4.3.4/1.37.1/v0.1.12/0.3.19/0.6.6
10,ON576849.1,P.1,2021-06-04,complete,Homo sapiens,29818,4.3.4/1.37.1/v0.1.12/0.3.19/0.6.6
10,MZ211057.1,P.1,2021-04-12,complete,Homo sapiens,29870,4.3.4/1.37.1/v0.1.12/0.3.19/0.6.6
10,OK249763.1,P.1,2021-06-13,complete,Homo sapiens,29768,4.3.4/1.37.1/v0.1.12/0.3.19/0.6.6
10,ON577835.1,P.1,2021-06-05,complete,Homo sapiens,29811,4.3.4/1.37.1/v0.1.12/0.3.19/0.6.6
10,MZ283948.1,P.1,2021-04-22,complete,Homo sapiens,29896,4.3.4/1.37.1/v0.1.12/0.3.19/0.6.6
10,MZ280602.1,P.1,2021-05-05,complete,Homo sapiens,29883,4.3.4/1.37.1/v0.1.12/0.3.19/0.6.6
10,MZ611970.1,P.1,2021-05-26,complete,Homo sapiens,29822,4.3.4/1.37.1/v0.1.12/0.3.19/0.6.6
10,MZ182039.1,P.1,2021-05-03,complete,Homo sapiens,29709,4.3.4/1.37.1/v0.1.12/0.3.19/0.6.6
10,MZ164771.1,P.1,2021-04-14,complete,Homo sapiens,29862,4.3.4/1.37.1/v0.1.12/0.3.19/0.6.6
10,MZ211496.1,P.1,2021-04-10,complete,Homo sapiens,29873,4.3.4/1.37.1/v0.1.12/0.3.19/0.6.6
10,MZ282847.1,P.1,2021-05-02,complete,Homo sapiens,29896,4.3.4/1.37.1/v0.1.12/0.3.19/0.6.6
10,OZ064977.1,P.1,2021-08-29,complete,Homo sapiens,29777,4.3.4/1.37.1/v0.1.12/0.3.19/0.6.6
10,ON576766.1,P.1,2021-06-11,complete,Homo sapiens,29819,4.3.4/1.37.1/v0.1.12/0.3.19/0.6.6
10,OZ062102.1,P.1,2021-06-15,complete,Homo sapiens,29793,4.3.4/1.37.1/v0.1.12/0.3.19/0.6.6
10,MZ376416.1,P.1,2021-05-26,complete,Homo sapiens,29896,4.3.4/1.37.1/v0.1.12/0.3.19/0.6.6
10,MZ411995.1,P.1,2021-06-05,complete,Homo sapiens,29708,4.3.4/1.37.1/v0.1.12/0.3.19/0.6.6
10,MZ305369.1,P.1,2021-05-09,complete,Homo sapiens,29777,4.3.4/1.37.1/v0.1.12/0.3.19/0.6.6
10,MZ433829.1,P.1,2021-06-06,complete,Homo sapiens,29831,4.3.4/1.37.1/v0.1.12/0.3.19/0.6.6
10,MZ059581.1,P.1,2021-04-11,complete,Homo sapiens,29824,4.3.4/1.37.1/v0.1.12/0.3.19/0.6.6
10,MZ414841.1,P.1,2021-05-05,complete,Homo sapiens,29822,4.3.4/1.37.1/v0.1.12/0.3.19/0.6.6
10,MZ385763.1,P.1,2021-05-30,complete,Homo sapiens,29777,4.3.4/1.37.1/v0.1.12/0.3.19/0.6.6
10,OZ061895.1,P.1,2021-04-21,complete,Homo sapiens,29793,4.3.4/1.37.1/v0.1.12/0.3.19/0.6.6
10,OK550263.1,P.1,2021-07-03,complete,Homo sapiens,29593,4.3.4/1.37.1/v0.1.12/0.3.19/0.6.6
10,MZ237060.1,P.1,2021-05-01,complete,Homo sapiens,29827,4.3.4/1.37.1/v0.1.12/0.3.19/0.6.6
10,OP855411.1,P.1,2021-04-14,complete,Homo sapiens,29903,4.3.4/1.37.1/v0.1.12/0.3.19/0.6.6
10,MZ361927.1,P.1,2021-05-17,complete,Homo sapiens,29906,4.3.4/1.37.1/v0.1.12/0.3.19/0.6.6
10,PV002145.1,P.1,2021-04-05,complete,Homo sapiens,29731,4.3.4/1.37.1/v0.1.12/0.3.19/0.6.6
10,OZ062914.1,P.1,2021-06-08,complete,Homo sapiens,29794,4.3.4/1.37.1/v0.1.12/0.3.19/0.6.6
10,MZ035205.1,P.1,2021-04-06,complete,Homo sapiens,29827,4.3.4/1.37.1/v0.1.12/0.3.19/0.6.6
10,MW994904.1,P.1,2021-03-16,complete,Homo sapiens,29873,4.3.4/1.37.1/v0.1.12/0.3.19/0.6.6
10,OZ062432.1,P.1,2021-06-06,complete,Homo sapiens,29796,4.3.4/1.37.1/v0.1.12/0.3.19/0.6.6
10,MZ206421.1,P.1,2021-04-23,complete,Homo sapiens,29827,4.3.4/1.37.1/v0.1.12/0.3.19/0.6.6
10,OM245253.1,P.1,2021-05-11,complete,Homo sapiens,29882,4.3.4/1.37.1/v0.1.12/0.3.19/0.6.6
10,MZ536296.1,P.1,2021-06-23,complete,Homo sapiens,29777,4.3.4/1.37.1/v0.1.12/0.3.19/0.6.6
10,MZ236883.1,P.1,2021-04-29,complete,Homo sapiens,29821,4.3.4/1.37.1/v0.1.12/0.3.19/0.6.6
10,OZ061280.1,P.1,2021-02-02,complete,Homo sapiens,29777,4.3.4/1.37.1/v0.1.12/0.3.19/0.6.6
10,ON185833.1,P.1,2021-05-24,complete,Homo sapiens,29793,4.3.4/1.37.1/v0.1.12/0.3.19/0.6.6
10,MZ477748.1,P.1,2021-03-07,complete,Homo sapiens,29738,4.3.4/1.37.1/v0.1.12/0.3.19/0.6.6
10,MZ533177.1,P.1,2021-06-23,complete,Homo sapiens,29831,4.3.4/1.37.1/v0.1.12/0.3.19/0.6.6
10,MZ083942.1,P.1,2021-04-07,complete,Homo sapiens,29883,4.3.4/1.37.1/v0.1.12/0.3.19/0.6.6
10,OK342800.1,P.1,2021-08-03,complete,Homo sapiens,29643,4.3.4/1.37.1/v0.1.12/0.3.19/0.6.6
10,MZ144314.1,P.1,2021-04-16,complete,Homo sapiens,29756,4.3.4/1.37.1/v0.1.12/0.3.19/0.6.6
10,MZ196063.1,P.1,2021-04-26,complete,Homo sapiens,29894,4.3.4/1.37.1/v0.1.12/0.3.19/0.6.6
10,MZ429113.1,P.1,2021-04-17,complete,Homo sapiens,29842,4.3.4/1.37.1/v0.1.12/0.3.19/0.6.6
10,MZ536368.1,P.1,2021-06-21,complete,Homo sapiens,29777,4.3.4/1.37.1/v0.1.12/0.3.19/0.6.6
10,MZ142029.1,P.1,2021-04-21,complete,Homo sapiens,29710,4.3.4/1.37.1/v0.1.12/0.3.19/0.6.6
10,OK548149.1,P.1,2021-05-10,complete,Homo sapiens,29593,4.3.4/1.37.1/v0.1.12/0.3.19/0.6.6
10,OZ062038.1,P.1,2021-05-31,complete,Homo sapiens,29793,4.3.4/1.37.1/v0.1.12/0.3.19/0.6.6
10,MZ131029.1,P.1,2021-04-13,complete,Homo sapiens,29896,4.3.4/1.37.1/v0.1.12/0.3.19/0.6.6
10,MZ319422.1,P.1,2021-05-01,complete,Homo sapiens,29777,4.3.4/1.37.1/v0.1.12/0.3.19/0.6.6
10,OK548346.1,P.1,2021-05-02,complete,Homo sapiens,29882,4.3.4/1.37.1/v0.1.12/0.3.19/0.6.6
10,ON577811.1,P.1,2021-05-11,complete,Homo sapiens,29831,4.3.4/1.37.1/v0.1.12/0.3.19/0.6.6
10,MZ033083.1,P.1,2021-04-08,complete,Homo sapiens,29777,4.3.4/1.37.1/v0.1.12/0.3.19/0.6.6
10,MZ307831.1,P.1,2021-05-12,complete,Homo sapiens,29709,4.3.4/1.37.1/v0.1.12/0.3.19/0.6.6
10,MZ433504.1,P.1,2021-06-07,complete,Homo sapiens,29777,4.3.4/1.37.1/v0.1.12/0.3.19/0.6.6
10,MZ702158.1,P.1,2021-07-05,complete,Homo sapiens,29777,4.3.4/1.37.1/v0.1.12/0.3.19/0.6.6
10,OL532207.1,P.1,2021-07-02,complete,Homo sapiens,29869,4.3.4/1.37.1/v0.1.12/0.3.19/0.6.6
10,MZ210706.1,P.1,2021-04-09,complete,Homo sapiens,29897,4.3.4/1.37.1/v0.1.12/0.3.19/0.6.6
10,ON583687.1,P.1,2021-07-02,complete,Homo sapiens,29831,4.3.4/1.37.1/v0.1.12/0.3.19/0.6.6
10,MZ372694.1,P.1,2021-05-26,complete,Homo sapiens,29709,4.3.4/1.37.1/v0.1.12/0.3.19/0.6.6
10,ON576783.1,P.1,2021-06-05,complete,Homo sapiens,29819,4.3.4/1.37.1/v0.1.12/0.3.19/0.6.6
10,MZ511560.1,P.1,2021-06-07,complete,Homo sapiens,29836,4.3.4/1.37.1/v0.1.12/0.3.19/0.6.6
10,OP855430.1,P.1,2021-04-04,complete,Homo sapiens,29903,4.3.4/1.37.1/v0.1.12/0.3.19/0.6.6
10,MZ745850.1,P.1,2021-07-10,complete,Homo sapiens,29834,4.3.4/1.37.1/v0.1.12/0.3.19/0.6.6
10,MW994525.1,P.1,2021-03-12,complete,Homo sapiens,29888,4.3.4/1.37.1/v0.1.12/0.3.19/0.6.6
10,OL345105.1,P.1,2021-06-16,complete,Homo sapiens,29782,4.3.4/1.37.1/v0.1.12/0.3.19/0.6.6
10,MZ291221.1,P.1,2021-05-05,complete,Homo sapiens,29818,4.3.4/1.37.1/v0.1.12/0.3.19/0.6.6
10,MZ022606.1,P.1,2021-03-31,complete,Homo sapiens,29882,4.3.4/1.37.1/v0.1.12/0.3.19/0.6.6
10,MZ617996.1,P.1,2021-07-01,complete,Homo sapiens,29795,4.3.4/1.37.1/v0.1.12/0.3.19/0.6.6
10,ON576214.1,P.1,2021-06-07,complete,Homo sapiens,29819,4.3.4/1.37.1/v0.1.12/0.3.19/0.6.6
10,OZ065656.1,P.1,2021-10-07,complete,Homo sapiens,29856,4.3.4/1.37.1/v0.1.12/0.3.19/0.6.6
10,MZ294688.1,P.1,2021-05-17,complete,Homo sapiens,29875,4.3.4/1.37.1/v0.1.12/0.3.19/0.6.6
10,PQ094845.1,P.1,2021-07-01,complete,Homo sapiens,29580,4.3.4/1.37.1/v0.1.12/0.3.19/0.6.6
10,MZ371259.1,P.1,2021-05-28,complete,Homo sapiens,29678,4.3.4/1.37.1/v0.1.12/0.3.19/0.6.6
10,ON577615.1,P.1,2021-06-07,complete,Homo sapiens,29831,4.3.4/1.37.1/v0.1.12/0.3.19/0.6.6
10,MZ704797.1,P.1,2021-06-29,complete,Homo sapiens,29827,4.3.4/1.37.1/v0.1.12/0.3.19/0.6.6
10,MZ536339.1,P.1,2021-06-19,complete,Homo sapiens,29777,4.3.4/1.37.1/v0.1.12/0.3.19/0.6.6
10,MZ356649.1,P.1,2021-05-21,complete,Homo sapiens,29777,4.3.4/1.37.1/v0.1.12/0.3.19/0.6.6
10,MZ356654.1,P.1,2021-05-20,complete,Homo sapiens,29777,4.3.4/1.37.1/v0.1.12/0.3.19/0.6.6
10,MZ083412.1,P.1,2021-03-31,complete,Homo sapiens,29853,4.3.4/1.37.1/v0.1.12/0.3.19/0.6.6
10,MW967687.1,P.1,2021-03-19,complete,Homo sapiens,29887,4.3.4/1.37.1/v0.1.12/0.3.19/0.6.6
10,MZ284404.1,P.1,2021-04-27,complete,Homo sapiens,29894,4.3.4/1.37.1/v0.1.12/0.3.19/0.6.6
10,ON574727.1,P.1,2021-05-01,complete,Homo sapiens,29794,4.3.4/1.37.1/v0.1.12/0.3.19/0.6.6
10,MZ879844.1,P.1,2021-08-02,complete,Homo sapiens,29795,4.3.4/1.37.1/v0.1.12/0.3.19/0.6.6
10,OK652721.1,P.1,2021-07-12,complete,Homo sapiens,29825,4.3.4/1.37.1/v0.1.12/0.3.19/0.6.6
10,OZ061655.1,P.1,2021-05-06,complete,Homo sapiens,29765,4.3.4/1.37.1/v0.1.12/0.3.19/0.6.6
10,PQ094817.1,P.1,2021-05-31,complete,Homo sapiens,29580,4.3.4/1.37.1/v0.1.12/0.3.19/0.6.6
10,ON577724.1,P.1,2021-06-04,complete,Homo sapiens,29819,4.3.4/1.37.1/v0.1.12/0.3.19/0.6.6
10,MZ530947.1,P.1,2021-06-17,complete,Homo sapiens,29679,4.3.4/1.37.1/v0.1.12/0.3.19/0.6.6
10,MZ215400.1,P.1,2021-04-14,complete,Homo sapiens,29893,4.3.4/1.37.1/v0.1.12/0.3.19/0.6.6
10,MZ213007.1,P.1,2021-04-12,complete,Homo sapiens,29886,4.3.4/1.37.1/v0.1.12/0.3.19/0.6.6
10,MZ746322.1,P.1,2021-07-13,complete,Homo sapiens,29786,4.3.4/1.37.1/v0.1.12/0.3.19/0.6.6
10,ON574964.1,P.1,2021-05-08,complete,Homo sapiens,29819,4.3.4/1.37.1/v0.1.12/0.3.19/0.6.6
10,MZ241075.1,P.1,2021-04-28,complete,Homo sapiens,29777,4.3.4/1.37.1/v0.1.12/0.3.19/0.6.6
10,MZ062201.1,P.1,2021-04-21,complete,Homo sapiens,29807,4.3.4/1.37.1/v0.1.12/0.3.19/0.6.6
10,OZ062805.1,P.1,2021-07-06,complete,Homo sapiens,29627,4.3.4/1.37.1/v0.1.12/0.3.19/0.6.6
10,MZ745342.1,P.1,2021-07-14,complete,Homo sapiens,29831,4.3.4/1.37.1/v0.1.12/0.3.19/0.6.6
10,ON579283.1,P.1,2021-09-13,complete,Homo sapiens,29826,4.3.4/1.37.1/v0.1.12/0.3.19/0.6.6
10,ON577796.1,P.1,2021-05-30,complete,Homo sapiens,29814,4.3.4/1.37.1/v0.1.12/0.3.19/0.6.6
10,OZ061377.1,P.1,2021-04-12,complete,Homo sapiens,29622,4.3.4/1.37.1/v0.1.12/0.3.19/0.6.6
10,MW834974.1,P.1,2021-03-21,complete,Homo sapiens,29777,4.3.4/1.37.1/v0.1.12/0.3.19/0.6.6
10,MZ214725.1,P.1,2021-04-14,complete,Homo sapiens,29897,4.3.4/1.37.1/v0.1.12/0.3.19/0.6.6
10,MZ282939.1,P.1,2021-05-03,complete,Homo sapiens,29896,4.3.4/1.37.1/v0.1.12/0.3.19/0.6.6
10,MZ349201.1,P.1,2021-04-04,complete,Homo sapiens,29895,4.3.4/1.37.1/v0.1.12/0.3.19/0.6.6
10,MW908122.1,P.1,2021-03-26,complete,Homo sapiens,29814,4.3.4/1.37.1/v0.1.12/0.3.19/0.6.6
10,MZ280351.1,P.1,2021-05-05,complete,Homo sapiens,29857,4.3.4/1.37.1/v0.1.12/0.3.19/0.6.6
10,OK231880.1,P.1,2021-06-01,complete,Homo sapiens,29708,4.3.4/1.37.1/v0.1.12/0.3.19/0.6.6
10,OK550075.1,P.1,2021-07-07,complete,Homo sapiens,29593,4.3.4/1.37.1/v0.1.12/0.3.19/0.6.6
10,MZ579180.1,P.1,2021-04-27,complete,Homo sapiens,29898,4.3.4/1.37.1/v0.1.12/0.3.19/0.6.6
10,OZ065226.1,P.1,2021-08-21,complete,Homo sapiens,29801,4.3.4/1.37.1/v0.1.12/0.3.19/0.6.6
10,OZ062836.1,P.1,2021-07-04,complete,Homo sapiens,29818,4.3.4/1.37.1/v0.1.12/0.3.19/0.6.6
10,ON576684.1,P.1,2021-06-11,complete,Homo sapiens,29826,4.3.4/1.37.1/v0.1.12/0.3.19/0.6.6
10,MZ100204.1,P.1,2021-04-12,complete,Homo sapiens,29823,4.3.4/1.37.1/v0.1.12/0.3.19/0.6.6
10,ON577924.1,P.1,2021-05-10,complete,Homo sapiens,29831,4.3.4/1.37.1/v0.1.12/0.3.19/0.6.6
10,OX443854.1,P.1,2021-04-27,complete,Homo sapiens,29891,4.3.4/1.37.1/v0.1.12/0.3.19/0.6.6
10,OZ061759.1,P.1,2021-05-15,complete,Homo sapiens,29647,4.3.4/1.37.1/v0.1.12/0.3.19/0.6.6
10,OZ065089.1,P.1,2021-07-25,complete,Homo sapiens,29793,4.3.4/1.37.1/v0.1.12/0.3.19/0.6.6
10,MZ060886.1,P.1,2021-04-11,complete,Homo sapiens,29827,4.3.4/1.37.1/v0.1.12/0.3.19/0.6.6
10,MZ536313.1,P.1,2021-06-25,complete,Homo sapiens,29777,4.3.4/1.37.1/v0.1.12/0.3.19/0.6.6
10,ON577460.1,P.1,2021-06-14,complete,Homo sapiens,29827,4.3.4/1.37.1/v0.1.12/0.3.19/0.6.6
10,PQ094844.1,P.1,2021-07-19,complete,Homo sapiens,29580,4.3.4/1.37.1/v0.1.12/0.3.19/0.6.6
10,MZ294152.1,P.1,2021-05-15,complete,Homo sapiens,29896,4.3.4/1.37.1/v0.1.12/0.3.19/0.6.6
10,PP186927.1,P.1,2021-04-21,complete,Homo sapiens,29856,4.3.4/1.37.1/v0.1.12/0.3.19/0.6.6
10,OZ064166.1,P.1,2021-07-28,complete,Homo sapiens,29806,4.3.4/1.37.1/v0.1.12/0.3.19/0.6.6
10,OK015109.1,P.1,2021-08-02,complete,Homo sapiens,29831,4.3.4/1.37.1/v0.1.12/0.3.19/0.6.6
10,MZ164464.1,P.1,2021-04-21,complete,Homo sapiens,29777,4.3.4/1.37.1/v0.1.12/0.3.19/0.6.6
10,MZ533359.1,P.1,2021-06-24,complete,Homo sapiens,29831,4.3.4/1.37.1/v0.1.12/0.3.19/0.6.6
10,PQ170079.1,P.1,2021-08-20,complete,Homo sapiens,29777,4.3.4/1.37.1/v0.1.12/0.3.19/0.6.6
10,OP855370.1,P.1,2021-04-08,complete,Homo sapiens,29894,4.3.4/1.37.1/v0.1.12/0.3.19/0.6.6
10,ON575848.1,P.1,2021-07-12,complete,Homo sapiens,29819,4.3.4/1.37.1/v0.1.12/0.3.19/0.6.6
10,MZ233596.1,P.1,2021-02-08,complete,Homo sapiens,29831,4.3.4/1.37.1/v0.1.12/0.3.19/0.6.6
10,MZ252528.1,P.1,2021-05-08,complete,Homo sapiens,29678,4.3.4/1.37.1/v0.1.12/0.3.19/0.6.6
10,ON577283.1,P.1,2021-07-13,complete,Homo sapiens,29820,4.3.4/1.37.1/v0.1.12/0.3.19/0.6.6
10,OK233743.1,P.1,2021-06-08,complete,Homo sapiens,29709,4.3.4/1.37.1/v0.1.12/0.3.19/0.6.6
10,OM433597.1,P.1,2021-07-09,complete,Homo sapiens,29869,4.3.4/1.37.1/v0.1.12/0.3.19/0.6.6
10,MZ164731.1,P.1,2021-04-21,complete,Homo sapiens,29860,4.3.4/1.37.1/v0.1.12/0.3.19/0.6.6
10,MZ282441.1,P.1,2021-05-01,complete,Homo sapiens,29877,4.3.4/1.37.1/v0.1.12/0.3.19/0.6.6
10,MZ210373.1,P.1,2021-04-09,complete,Homo sapiens,29896,4.3.4/1.37.1/v0.1.12/0.3.19/0.6.6
10,MZ511687.1,P.1,2021-05-21,complete,Homo sapiens,29776,4.3.4/1.37.1/v0.1.12/0.3.19/0.6.6
10,MZ531694.1,P.1,2021-06-17,complete,Homo sapiens,29678,4.3.4/1.37.1/v0.1.12/0.3.19/0.6.6
10,MZ185404.1,P.1,2021-04-19,complete,Homo sapiens,29868,4.3.4/1.37.1/v0.1.12/0.3.19/0.6.6
10,MZ616445.1,P.1,2021-06-21,complete,Homo sapiens,29651,4.3.4/1.37.1/v0.1.12/0.3.19/0.6.6
10,MZ164499.1,P.1,2021-04-21,complete,Homo sapiens,29777,4.3.4/1.37.1/v0.1.12/0.3.19/0.6.6
10,MZ317806.1,P.1,2021-05-10,complete,Homo sapiens,29777,4.3.4/1.37.1/v0.1.12/0.3.19/0.6.6
10,OK252705.1,P.1,2021-06-13,complete,Homo sapiens,29777,4.3.4/1.37.1/v0.1.12/0.3.19/0.6.6
10,OP855425.1,P.1,2021-03-19,complete,Homo sapiens,29903,4.3.4/1.37.1/v0.1.12/0.3.19/0.6.6
10,OZ064464.1,P.1,2021-08-09,complete,Homo sapiens,29793,4.3.4/1.37.1/v0.1.12/0.3.19/0.6.6
10,MZ491997.1,P.1,2021-06-01,complete,Homo sapiens,29795,4.3.4/1.37.1/v0.1.12/0.3.19/0.6.6
10,OQ907601.1,P.1,2021-06,complete,Homo sapiens,29697,4.3.4/1.37.1/v0.1.12/0.3.19/0.6.6
10,ON581228.1,P.1,2021-09-02,complete,Homo sapiens,29823,4.3.4/1.37.1/v0.1.12/0.3.19/0.6.6
10,OZ063215.1,P.1,2021-06-28,complete,Homo sapiens,29793,4.3.4/1.37.1/v0.1.12/0.3.19/0.6.6
10,ON576867.1,P.1,2021-06-12,complete,Homo sapiens,29831,4.3.4/1.37.1/v0.1.12/0.3.19/0.6.6
10,OZ062585.1,P.1,2021-07-11,complete,Homo sapiens,29785,4.3.4/1.37.1/v0.1.12/0.3.19/0.6.6
10,OZ061467.1,P.1,2021-04-22,complete,Homo sapiens,29792,4.3.4/1.37.1/v0.1.12/0.3.19/0.6.6
10,OP855365.1,P.1,2021-05-10,complete,Homo sapiens,29894,4.3.4/1.37.1/v0.1.12/0.3.19/0.6.6
10,MZ372752.1,P.1,2021-05-25,complete,Homo sapiens,29679,4.3.4/1.37.1/v0.1.12/0.3.19/0.6.6
10,MZ565949.1,P.1,2021-06-18,complete,Homo sapiens,29819,4.3.4/1.37.1/v0.1.12/0.3.19/0.6.6
10,OP855513.1,P.1,2021-03-15,complete,Homo sapiens,29903,4.3.4/1.37.1/v0.1.12/0.3.19/0.6.6
10,MZ099845.1,P.1,2021-04-13,complete,Homo sapiens,29784,4.3.4/1.37.1/v0.1.12/0.3.19/0.6.6
10,PQ094806.1,P.1,2021-04-05,complete,Homo sapiens,29580,4.3.4/1.37.1/v0.1.12/0.3.19/0.6.6
10,PP301073.1,P.1,2021-03-17,complete,Homo sapiens,29895,4.3.4/1.37.1/v0.1.12/0.3.19/0.6.6
10,OW464080.1,P.1,2021-11-22,complete,Homo sapiens,29898,4.3.4/1.37.1/v0.1.12/0.3.19/0.6.6
10,MZ284184.1,P.1,2021-04-21,complete,Homo sapiens,29890,4.3.4/1.37.1/v0.1.12/0.3.19/0.6.6
10,MZ402494.1,P.1,2021-05-27,complete,Homo sapiens,29816,4.3.4/1.37.1/v0.1.12/0.3.19/0.6.6
10,ON577624.1,P.1,2021-06-07,complete,Homo sapiens,29829,4.3.4/1.37.1/v0.1.12/0.3.19/0.6.6
10,OZ061687.1,P.1,2021-05-21,complete,Homo sapiens,29800,4.3.4/1.37.1/v0.1.12/0.3.19/0.6.6
10,PQ094822.1,P.1,2021-07-15,complete,Homo sapiens,29580,4.3.4/1.37.1/v0.1.12/0.3.19/0.6.6
10,PP301075.1,P.1,2021-03-12,complete,Homo sapiens,29893,4.3.4/1.37.1/v0.1.12/0.3.19/0.6.6
10,OK193580.1,P.1,2021-03-18,complete,Homo sapiens,29827,4.3.4/1.37.1/v0.1.12/0.3.19/0.6.6
10,MZ398678.1,P.1,2021-03-29,complete,Homo sapiens,29639,4.3.4/1.37.1/v0.1.12/0.3.19/0.6.6
10,MZ531642.1,P.1,2021-06-14,complete,Homo sapiens,29709,4.3.4/1.37.1/v0.1.12/0.3.19/0.6.6
10,MZ100693.1,P.1,2021-04-13,complete,Homo sapiens,29827,4.3.4/1.37.1/v0.1.12/0.3.19/0.6.6
10,MZ397256.1,P.1,2021-05-25,complete,Homo sapiens,29777,4.3.4/1.37.1/v0.1.12/0.3.19/0.6.6
10,MZ375859.1,P.1,2021-05-18,complete,Homo sapiens,29863,4.3.4/1.37.1/v0.1.12/0.3.19/0.6.6
10,MZ799175.1,P.1,2021-06-11,complete,Homo sapiens,29831,4.3.4/1.37.1/v0.1.12/0.3.19/0.6.6
10,OZ066122.1,P.1,2021-10-10,complete,Homo sapiens,29793,4.3.4/1.37.1/v0.1.12/0.3.19/0.6.6
10,OX443859.1,P.1,2021-05-03,complete,Homo sapiens,29907,4.3.4/1.37.1/v0.1.12/0.3.19/0.6.6
10,ON576700.1,P.1,2021-06-07,complete,Homo sapiens,29819,4.3.4/1.37.1/v0.1.12/0.3.19/0.6.6
10,MZ187625.1,P.1,2021-04-19,complete,Homo sapiens,29872,4.3.4/1.37.1/v0.1.12/0.3.19/0.6.6
10,MZ371380.1,P.1,2021-06-01,complete,Homo sapiens,29709,4.3.4/1.37.1/v0.1.12/0.3.19/0.6.6
10,OK230062.1,P.1,2021-06-07,complete,Homo sapiens,29679,4.3.4/1.37.1/v0.1.12/0.3.19/0.6.6
10,ON575330.1,P.1,2021-08-11,complete,Homo sapiens,29823,4.3.4/1.37.1/v0.1.12/0.3.19/0.6.6
10,ON577711.1,P.1,2021-06-07,complete,Homo sapiens,29827,4.3.4/1.37.1/v0.1.12/0.3.19/0.6.6
10,MZ142518.1,P.1,2021-04-20,complete,Homo sapiens,29709,4.3.4/1.37.1/v0.1.12/0.3.19/0.6.6
10,ON575353.1,P.1,2021-08-07,complete,Homo sapiens,29814,4.3.4/1.37.1/v0.1.12/0.3.19/0.6.6
10,MZ164471.1,P.1,2021-04-20,complete,Homo sapiens,29774,4.3.4/1.37.1/v0.1.12/0.3.19/0.6.6
10,OK547791.1,P.1,2021-05-05,complete,Homo sapiens,29593,4.3.4/1.37.1/v0.1.12/0.3.19/0.6.6
10,ON575929.1,P.1,2021-07-13,complete,Homo sapiens,29819,4.3.4/1.37.1/v0.1.12/0.3.19/0.6.6
10,MZ195343.1,P.1,2021-04-23,complete,Homo sapiens,29883,4.3.4/1.37.1/v0.1.12/0.3.19/0.6.6
10,MZ185796.1,P.1,2021-04-20,complete,Homo sapiens,29867,4.3.4/1.37.1/v0.1.12/0.3.19/0.6.6
10,MZ566436.1,P.1,2021-06-12,complete,Homo sapiens,29827,4.3.4/1.37.1/v0.1.12/0.3.19/0.6.6
10,MZ450481.1,P.1,2021-06-09,complete,Homo sapiens,29822,4.3.4/1.37.1/v0.1.12/0.3.19/0.6.6
10,MZ393520.1,P.1,2021-05-18,complete,Homo sapiens,29871,4.3.4/1.37.1/v0.1.12/0.3.19/0.6.6
10,ON577594.1,P.1,2021-06-08,complete,Homo sapiens,29829,4.3.4/1.37.1/v0.1.12/0.3.19/0.6.6
10,ON577768.1,P.1,2021-06-01,complete,Homo sapiens,29831,4.3.4/1.37.1/v0.1.12/0.3.19/0.6.6
10,MW963412.1,P.1,2021-03-24,complete,Homo sapiens,29777,4.3.4/1.37.1/v0.1.12/0.3.19/0.6.6
10,MZ938729.1,P.1,2021-08-01,complete,Homo sapiens,29646,4.3.4/1.37.1/v0.1.12/0.3.19/0.6.6
10,MZ531649.1,P.1,2021-06-17,complete,Homo sapiens,29708,4.3.4/1.37.1/v0.1.12/0.3.19/0.6.6
10,OK511032.1,P.1,2021-06-07,complete,Homo sapiens,29679,4.3.4/1.37.1/v0.1.12/0.3.19/0.6.6
10,OP855402.1,P.1,2021-03-11,complete,Homo sapiens,29903,4.3.4/1.37.1/v0.1.12/0.3.19/0.6.6
10,MZ185305.1,P.1,2021-04-29,complete,Homo sapiens,29898,4.3.4/1.37.1/v0.1.12/0.3.19/0.6.6
10,PV002408.1,P.1,2021-05-24,complete,Homo sapiens,29766,4.3.4/1.37.1/v0.1.12/0.3.19/0.6.6
10,ON576547.1,P.1,2021-06-01,complete,Homo sapiens,29819,4.3.4/1.37.1/v0.1.12/0.3.19/0.6.6
10,MZ727862.1,P.1,2021-06-28,complete,Homo sapiens,29777,4.3.4/1.37.1/v0.1.12/0.3.19/0.6.6
10,ON954033.1,P.1,2021-06-01,complete,Homo sapiens,29714,4.3.4/1.37.1/v0.1.12/0.3.19/0.6.6
10,OK015235.1,P.1,2021-07-31,complete,Homo sapiens,29810,4.3.4/1.37.1/v0.1.12/0.3.19/0.6.6
10,MZ494003.1,P.1,2021-06-09,complete,Homo sapiens,29777,4.3.4/1.37.1/v0.1.12/0.3.19/0.6.6
10,ON577045.1,P.1,2021-07-13,complete,Homo sapiens,29831,4.3.4/1.37.1/v0.1.12/0.3.19/0.6.6
10,OX443941.1,P.1,2021-04-30,complete,Homo sapiens,29904,4.3.4/1.37.1/v0.1.12/0.3.19/0.6.6
10,OZ065133.1,P.1,2021-09-14,complete,Homo sapiens,29810,4.3.4/1.37.1/v0.1.12/0.3.19/0.6.6
10,MZ978279.1,P.1,2021-07-25,complete,Homo sapiens,29816,4.3.4/1.37.1/v0.1.12/0.3.19/0.6.6
10,OZ064215.1,P.1,2021-07-21,complete,Homo sapiens,29792,4.3.4/1.37.1/v0.1.12/0.3.19/0.6.6
10,MZ075291.1,P.1,2021-04-06,complete,Homo sapiens,29894,4.3.4/1.37.1/v0.1.12/0.3.19/0.6.6
10,PP667539.1,P.1,2021-07-15,complete,Homo sapiens,29821,4.3.4/1.37.1/v0.1.12/0.3.19/0.6.6
10,ON577717.1,P.1,2021-06-07,complete,Homo sapiens,29829,4.3.4/1.37.1/v0.1.12/0.3.19/0.6.6
10,OX443861.1,P.1,2021-04-29,complete,Homo sapiens,29898,4.3.4/1.37.1/v0.1.12/0.3.19/0.6.6
10,ON577493.1,P.1,2021-06-11,complete,Homo sapiens,29826,4.3.4/1.37.1/v0.1.12/0.3.19/0.6.6
10,ON580003.1,P.1,2021-09-02,complete,Homo sapiens,29828,4.3.4/1.37.1/v0.1.12/0.3.19/0.6.6
10,MZ187752.1,P.1,2021-04-21,complete,Homo sapiens,29894,4.3.4/1.37.1/v0.1.12/0.3.19/0.6.6
10,ON577311.1,P.1,2021-07-15,complete,Homo sapiens,29831,4.3.4/1.37.1/v0.1.12/0.3.19/0.6.6
10,MZ213913.1,P.1,2021-04-12,complete,Homo sapiens,29894,4.3.4/1.37.1/v0.1.12/0.3.19/0.6.6
10,OR320066.1,P.1,2021-04-21,complete,Homo sapiens,29812,4.3.4/1.37.1/v0.1.12/0.3.19/0.6.6
10,MZ076248.1,P.1,2021-04-06,complete,Homo sapiens,29898,4.3.4/1.37.1/v0.1.12/0.3.19/0.6.6
10,OP855497.1,P.1,2021-06-28,complete,Homo sapiens,29894,4.3.4/1.37.1/v0.1.12/0.3.19/0.6.6
10,OQ522078.1,P.1,2021-09-16,complete,Homo sapiens,29777,4.3.4/1.37.1/v0.1.12/0.3.19/0.6.6
10,OK464699.1,P.1,2021-08-16,complete,Homo sapiens,29679,4.3.4/1.37.1/v0.1.12/0.3.19/0.6.6
10,PV002418.1,P.1,2021-05-24,complete,Homo sapiens,29731,4.3.4/1.37.1/v0.1.12/0.3.19/0.6.6
10,OX443840.1,P.1,2021-04-23,complete,Homo sapiens,29904,4.3.4/1.37.1/v0.1.12/0.3.19/0.6.6
10,MZ254171.1,P.1,2021-05-05,complete,Homo sapiens,29710,4.3.4/1.37.1/v0.1.12/0.3.19/0.6.6
10,PQ964879.1,P.1,2021-05-29,complete,Homo sapiens,29766,4.3.4/1.37.1/v0.1.12/0.3.19/0.6.6
10,MZ144378.1,P.1,2021-04-17,complete,Homo sapiens,29777,4.3.4/1.37.1/v0.1.12/0.3.19/0.6.6
10,MZ083540.1,P.1,2021-04-01,complete,Homo sapiens,29892,4.3.4/1.37.1/v0.1.12/0.3.19/0.6.6
10,PP611411.1,P.1,2021-04-10,complete,Homo sapiens,29741,4.3.4/1.37.1/v0.1.12/0.3.19/0.6.6
10,ON577509.1,P.1,2021-06-10,complete,Homo sapiens,29831,4.3.4/1.37.1/v0.1.12/0.3.19/0.6.6
10,OK220722.1,P.1,2021-04-14,complete,Homo sapiens,29816,4.3.4/1.37.1/v0.1.12/0.3.19/0.6.6
10,ON577437.1,P.1,2021-06-14,complete,Homo sapiens,29827,4.3.4/1.37.1/v0.1.12/0.3.19/0.6.6
10,OZ062420.1,P.1,2021-06-14,complete,Homo sapiens,29824,4.3.4/1.37.1/v0.1.12/0.3.19/0.6.6
10,MZ798969.1,P.1,2021-03-30,complete,Homo sapiens,29844,4.3.4/1.37.1/v0.1.12/0.3.19/0.6.6
10,MZ728340.1,P.1,2021-05-19,complete,Homo sapiens,29821,4.3.4/1.37.1/v0.1.12/0.3.19/0.6.6
10,MZ451981.1,P.1,2021-04-15,complete,Homo sapiens,29667,4.3.4/1.37.1/v0.1.12/0.3.19/0.6.6
10,ON576119.1,P.1,2021-06-07,complete,Homo sapiens,29818,4.3.4/1.37.1/v0.1.12/0.3.19/0.6.6
10,MZ004834.1,P.1,2021-03-29,complete,Homo sapiens,29841,4.3.4/1.37.1/v0.1.12/0.3.19/0.6.6
10,OZ062296.1,P.1,2021-06-14,complete,Homo sapiens,29793,4.3.4/1.37.1/v0.1.12/0.3.19/0.6.6
10,PQ094857.1,P.1,2021-04-05,complete,Homo sapiens,29580,4.3.4/1.37.1/v0.1.12/0.3.19/0.6.6
10,ON576208.1,P.1,2021-06-08,complete,Homo sapiens,29819,4.3.4/1.37.1/v0.1.12/0.3.19/0.6.6
10,MZ015236.1,P.1,2021-04-13,complete,Homo sapiens,29906,4.3.4/1.37.1/v0.1.12/0.3.19/0.6.6
10,MZ291422.1,P.1,2021-05-06,complete,Homo sapiens,29827,4.3.4/1.37.1/v0.1.12/0.3.19/0.6.6
10,ON577053.1,P.1,2021-07-15,complete,Homo sapiens,29827,4.3.4/1.37.1/v0.1.12/0.3.19/0.6.6
10,MZ278844.1,P.1,2021-05-05,complete,Homo sapiens,29831,4.3.4/1.37.1/v0.1.12/0.3.19/0.6.6
10,OZ062497.1,P.1,2021-06-05,complete,Homo sapiens,29793,4.3.4/1.37.1/v0.1.12/0.3.19/0.6.6
10,OR320065.1,P.1,2021-04-24,complete,Homo sapiens,29801,4.3.4/1.37.1/v0.1.12/0.3.19/0.6.6
10,MZ536406.1,P.1,2021-06-17,complete,Homo sapiens,29777,4.3.4/1.37.1/v0.1.12/0.3.19/0.6.6
10,MZ518728.1,P.1,2021-06-15,complete,Homo sapiens,29801,4.3.4/1.37.1/v0.1.12/0.3.19/0.6.6
10,MZ076124.1,P.1,2021-04-01,complete,Homo sapiens,29815,4.3.4/1.37.1/v0.1.12/0.3.19/0.6.6
10,ON577883.1,P.1,2021-06-01,complete,Homo sapiens,29831,4.3.4/1.37.1/v0.1.12/0.3.19/0.6.6
10,MZ222447.1,P.1,2021-04-16,complete,Homo sapiens,29777,4.3.4/1.37.1/v0.1.12/0.3.19/0.6.6
10,MZ164036.1,P.1,2021-04-23,complete,Homo sapiens,29831,4.3.4/1.37.1/v0.1.12/0.3.19/0.6.6
10,MZ340906.1,P.1,2021-04-23,complete,Homo sapiens,29806,4.3.4/1.37.1/v0.1.12/0.3.19/0.6.6
10,MZ322052.1,P.1,2021-05-13,complete,Homo sapiens,29777,4.3.4/1.37.1/v0.1.12/0.3.19/0.6.6
10,MZ212887.1,P.1,2021-04-10,complete,Homo sapiens,29877,4.3.4/1.37.1/v0.1.12/0.3.19/0.6.6
10,MZ315570.1,P.1,2021-05-10,complete,Homo sapiens,29831,4.3.4/1.37.1/v0.1.12/0.3.19/0.6.6
10,PV002420.1,P.1,2021-05-17,complete,Homo sapiens,29730,4.3.4/1.37.1/v0.1.12/0.3.19/0.6.6
10,MZ009957.1,P.1,2021-04-03,complete,Homo sapiens,29831,4.3.4/1.37.1/v0.1.12/0.3.19/0.6.6
10,MZ252366.1,P.1,2021-05-06,complete,Homo sapiens,29699,4.3.4/1.37.1/v0.1.12/0.3.19/0.6.6
10,MZ533415.1,P.1,2021-06-25,complete,Homo sapiens,29831,4.3.4/1.37.1/v0.1.12/0.3.19/0.6.6
10,MZ281134.1,P.1,2021-05-07,complete,Homo sapiens,29877,4.3.4/1.37.1/v0.1.12/0.3.19/0.6.6
10,PP608658.1,P.1,2021-03-23,complete,Homo sapiens,29727,4.3.4/1.37.1/v0.1.12/0.3.19/0.6.6
10,MZ076776.1,P.1,2021-04-10,complete,Homo sapiens,29777,4.3.4/1.37.1/v0.1.12/0.3.19/0.6.6
10,MZ233768.1,P.1,2021-05-10,complete,Homo sapiens,29906,4.3.4/1.37.1/v0.1.12/0.3.19/0.6.6
10,MZ241043.1,P.1,2021-04-27,complete,Homo sapiens,29777,4.3.4/1.37.1/v0.1.12/0.3.19/0.6.6
10,MZ195764.1,P.1,2021-04-24,complete,Homo sapiens,29894,4.3.4/1.37.1/v0.1.12/0.3.19/0.6.6
10,ON575844.1,P.1,2021-07-05,complete,Homo sapiens,29819,4.3.4/1.37.1/v0.1.12/0.3.19/0.6.6
10,MZ186560.1,P.1,2021-04-21,complete,Homo sapiens,29885,4.3.4/1.37.1/v0.1.12/0.3.19/0.6.6
10,PP610825.1,P.1,2021-04-06,complete,Homo sapiens,29756,4.3.4/1.37.1/v0.1.12/0.3.19/0.6.6
10,ON576702.1,P.1,2021-06-04,complete,Homo sapiens,29814,4.3.4/1.37.1/v0.1.12/0.3.19/0.6.6
10,OK550288.1,P.1,2021-06-29,complete,Homo sapiens,29593,4.3.4/1.37.1/v0.1.12/0.3.19/0.6.6
10,ON575743.1,P.1,2021-07-12,complete,Homo sapiens,29784,4.3.4/1.37.1/v0.1.12/0.3.19/0.6.6
10,OR856944.1,P.1,2021-03-26,complete,Homo sapiens,29810,4.3.4/1.37.1/v0.1.12/0.3.19/0.6.6
10,OL848657.1,P.1,2021-03-29,complete,Homo sapiens,29870,4.3.4/1.37.1/v0.1.12/0.3.19/0.6.6
10,PV002422.1,P.1,2021-05-10,complete,Homo sapiens,29728,4.3.4/1.37.1/v0.1.12/0.3.19/0.6.6
10,MZ282413.1,P.1,2021-05-01,complete,Homo sapiens,29882,4.3.4/1.37.1/v0.1.12/0.3.19/0.6.6
10,OK653850.1,P.1,2021-07-12,complete,Homo sapiens,29822,4.3.4/1.37.1/v0.1.12/0.3.19/0.6.6
10,MZ101052.1,P.1,2021-04-14,complete,Homo sapiens,29827,4.3.4/1.37.1/v0.1.12/0.3.19/0.6.6
10,ON577374.1,P.1,2021-05-03,complete,Homo sapiens,29827,4.3.4/1.37.1/v0.1.12/0.3.19/0.6.6
10,MZ164626.1,P.1,2021-04-19,complete,Homo sapiens,29798,4.3.4/1.37.1/v0.1.12/0.3.19/0.6.6
10,MZ237691.1,P.1,2021-05-02,complete,Homo sapiens,29823,4.3.4/1.37.1/v0.1.12/0.3.19/0.6.6
10,MZ477813.1,P.1,2021-04-05,complete,Homo sapiens,29773,4.3.4/1.37.1/v0.1.12/0.3.19/0.6.6
10,MZ195325.1,P.1,2021-04-21,complete,Homo sapiens,29895,4.3.4/1.37.1/v0.1.12/0.3.19/0.6.6
10,MZ233992.1,P.1,2021-05-07,complete,Homo sapiens,29906,4.3.4/1.37.1/v0.1.12/0.3.19/0.6.6
10,ON574996.1,P.1,2021-05-14,complete,Homo sapiens,29819,4.3.4/1.37.1/v0.1.12/0.3.19/0.6.6
10,MZ213853.1,P.1,2021-04-12,complete,Homo sapiens,29894,4.3.4/1.37.1/v0.1.12/0.3.19/0.6.6
10,ON576988.1,P.1,2021-07-01,complete,Homo sapiens,29821,4.3.4/1.37.1/v0.1.12/0.3.19/0.6.6
10,OZ062427.1,P.1,2021-06-05,complete,Homo sapiens,29823,4.3.4/1.37.1/v0.1.12/0.3.19/0.6.6
10,MW963295.1,P.1,2021-03-19,complete,Homo sapiens,29777,4.3.4/1.37.1/v0.1.12/0.3.19/0.6.6
10,ON577304.1,P.1,2021-07-14,complete,Homo sapiens,29820,4.3.4/1.37.1/v0.1.12/0.3.19/0.6.6
10,OZ061144.1,P.1,2021-04-07,complete,Homo sapiens,29777,4.3.4/1.37.1/v0.1.12/0.3.19/0.6.6
10,MZ037761.1,P.1,2021-04-02,complete,Homo sapiens,29709,4.3.4/1.37.1/v0.1.12/0.3.19/0.6.6
10,MZ075097.1,P.1,2021-04-05,complete,Homo sapiens,29891,4.3.4/1.37.1/v0.1.12/0.3.19/0.6.6
10,OK109582.1,P.1,2021-07-07,complete,Homo sapiens,29777,4.3.4/1.37.1/v0.1.12/0.3.19/0.6.6
10,ON575867.1,P.1,2021-07-15,complete,Homo sapiens,29827,4.3.4/1.37.1/v0.1.12/0.3.19/0.6.6
10,MZ388144.1,P.1,2021-04-27,complete,Homo sapiens,29667,4.3.4/1.37.1/v0.1.12/0.3.19/0.6.6
10,MZ322591.1,P.1,2021-05-13,complete,Homo sapiens,29831,4.3.4/1.37.1/v0.1.12/0.3.19/0.6.6
10,ON577909.1,P.1,2021-05-11,complete,Homo sapiens,29831,4.3.4/1.37.1/v0.1.12/0.3.19/0.6.6
10,MZ179944.1,P.1,2021-04-26,complete,Homo sapiens,29709,4.3.4/1.37.1/v0.1.12/0.3.19/0.6.6
10,MZ057993.1,P.1,2021-04-07,complete,Homo sapiens,29831,4.3.4/1.37.1/v0.1.12/0.3.19/0.6.6
10,MZ256496.1,P.1,2021-03-23,complete,Homo sapiens,29894,4.3.4/1.37.1/v0.1.12/0.3.19/0.6.6
10,OP855394.1,P.1,2021-04-15,complete,Homo sapiens,29903,4.3.4/1.37.1/v0.1.12/0.3.19/0.6.6
10,MZ544752.1,P.1,2021-06-25,complete,Homo sapiens,29825,4.3.4/1.37.1/v0.1.12/0.3.19/0.6.6
10,ON577031.1,P.1,2021-07-09,complete,Homo sapiens,29827,4.3.4/1.37.1/v0.1.12/0.3.19/0.6.6
10,MW520923.1,P.1,2021-01-09,complete,Homo sapiens,29819,4.3.4/1.37.1/v0.1.12/0.3.19/0.6.6
10,ON583693.1,P.1,2021-07-12,complete,Homo sapiens,29831,4.3.4/1.37.1/v0.1.12/0.3.19/0.6.6
10,OL544041.1,P.1,2021-07-01,complete,Homo sapiens,29869,4.3.4/1.37.1/v0.1.12/0.3.19/0.6.6
10,MZ780026.1,P.1,2021-03-22,complete,Homo sapiens,29858,4.3.4/1.37.1/v0.1.12/0.3.19/0.6.6
10,ON576918.1,P.1,2021-07-06,complete,Homo sapiens,29827,4.3.4/1.37.1/v0.1.12/0.3.19/0.6.6
10,OM461493.1,P.1,2021-06-04,complete,Homo sapiens,29709,4.3.4/1.37.1/v0.1.12/0.3.19/0.6.6
10,PQ094826.1,P.1,2021-04-27,complete,Homo sapiens,29580,4.3.4/1.37.1/v0.1.12/0.3.19/0.6.6
10,ON575390.1,P.1,2021-08-03,complete,Homo sapiens,29823,4.3.4/1.37.1/v0.1.12/0.3.19/0.6.6
10,MZ284335.1,P.1,2021-04-22,complete,Homo sapiens,29896,4.3.4/1.37.1/v0.1.12/0.3.19/0.6.6
10,MZ070283.1,P.1,2021-04-16,complete,Homo sapiens,29709,4.3.4/1.37.1/v0.1.12/0.3.19/0.6.6
10,MZ029312.1,P.1,2021-04-02,complete,Homo sapiens,29863,4.3.4/1.37.1/v0.1.12/0.3.19/0.6.6
10,OQ905694.1,P.1,2021-07,complete,Homo sapiens,29697,4.3.4/1.37.1/v0.1.12/0.3.19/0.6.6
10,MZ196000.1,P.1,2021-04-21,complete,Homo sapiens,29871,4.3.4/1.37.1/v0.1.12/0.3.19/0.6.6
10,OP855451.1,P.1,2021-05-05,complete,Homo sapiens,29903,4.3.4/1.37.1/v0.1.12/0.3.19/0.6.6
10,ON576509.1,P.1,2021-06-08,complete,Homo sapiens,29819,4.3.4/1.37.1/v0.1.12/0.3.19/0.6.6
10,MZ222513.1,P.1,2021-04-13,complete,Homo sapiens,29643,4.3.4/1.37.1/v0.1.12/0.3.19/0.6.6
10,MZ270731.1,P.1,2021-04-15,complete,Homo sapiens,29886,4.3.4/1.37.1/v0.1.12/0.3.19/0.6.6
10,MZ277992.1,P.1,2021-05-04,complete,Homo sapiens,29777,4.3.4/1.37.1/v0.1.12/0.3.19/0.6.6
10,OZ062087.1,P.1,2021-06-10,complete,Homo sapiens,29819,4.3.4/1.37.1/v0.1.12/0.3.19/0.6.6
10,MZ798997.1,P.1,2021-04-02,complete,Homo sapiens,29874,4.3.4/1.37.1/v0.1.12/0.3.19/0.6.6
10,OX446442.1,P.1,2021-04-29,complete,Homo sapiens,29904,4.3.4/1.37.1/v0.1.12/0.3.19/0.6.6
10,OX444236.1,P.1,2021-05-11,complete,Homo sapiens,29905,4.3.4/1.37.1/v0.1.12/0.3.19/0.6.6
10,ON577472.1,P.1,2021-06-11,complete,Homo sapiens,29831,4.3.4/1.37.1/v0.1.12/0.3.19/0.6.6
10,MZ981210.1,P.1,2021-07-25,complete,Homo sapiens,29821,4.3.4/1.37.1/v0.1.12/0.3.19/0.6.6
10,MZ294341.1,P.1,2021-05-14,complete,Homo sapiens,29865,4.3.4/1.37.1/v0.1.12/0.3.19/0.6.6
10,ON577879.1,P.1,2021-06-02,complete,Homo sapiens,29831,4.3.4/1.37.1/v0.1.12/0.3.19/0.6.6
10,MW931299.1,P.1,2021-03-29,complete,Homo sapiens,29818,4.3.4/1.37.1/v0.1.12/0.3.19/0.6.6
10,MZ565938.1,P.1,2021-06-17,complete,Homo sapiens,29831,4.3.4/1.37.1/v0.1.12/0.3.19/0.6.6
10,ON577864.1,P.1,2021-06-02,complete,Homo sapiens,29826,4.3.4/1.37.1/v0.1.12/0.3.19/0.6.6
10,MZ212760.1,P.1,2021-04-11,complete,Homo sapiens,29897,4.3.4/1.37.1/v0.1.12/0.3.19/0.6.6
10,ON576964.1,P.1,2021-07-01,complete,Homo sapiens,29819,4.3.4/1.37.1/v0.1.12/0.3.19/0.6.6
10,MZ192710.1,P.1,2021-04-28,complete,Homo sapiens,29811,4.3.4/1.37.1/v0.1.12/0.3.19/0.6.6
10,PQ094802.1,P.1,2021-07-14,complete,Homo sapiens,29580,4.3.4/1.37.1/v0.1.12/0.3.19/0.6.6
10,OK550243.1,P.1,2021-06-28,complete,Homo sapiens,29593,4.3.4/1.37.1/v0.1.12/0.3.19/0.6.6
10,MZ448460.1,P.1,2021-05-23,complete,Homo sapiens,29826,4.3.4/1.37.1/v0.1.12/0.3.19/0.6.6
10,MZ187245.1,P.1,2021-04-16,complete,Homo sapiens,29785,4.3.4/1.37.1/v0.1.12/0.3.19/0.6.6
10,OK250516.1,P.1,2021-06-16,complete,Homo sapiens,29777,4.3.4/1.37.1/v0.1.12/0.3.19/0.6.6
10,MW990281.1,P.1,2021-04-06,complete,Homo sapiens,29777,4.3.4/1.37.1/v0.1.12/0.3.19/0.6.6
10,OZ061301.1,P.1,2021-03-19,complete,Homo sapiens,29777,4.3.4/1.37.1/v0.1.12/0.3.19/0.6.6
10,OZ061739.1,P.1,2021-05-13,complete,Homo sapiens,29622,4.3.4/1.37.1/v0.1.12/0.3.19/0.6.6
10,MZ142028.1,P.1,2021-04-21,complete,Homo sapiens,29709,4.3.4/1.37.1/v0.1.12/0.3.19/0.6.6
10,ON575810.1,P.1,2021-07-09,complete,Homo sapiens,29823,4.3.4/1.37.1/v0.1.12/0.3.19/0.6.6
10,OK511005.1,P.1,2021-06-06,complete,Homo sapiens,29709,4.3.4/1.37.1/v0.1.12/0.3.19/0.6.6
10,MZ278531.1,P.1,2021-04-28,complete,Homo sapiens,29777,4.3.4/1.37.1/v0.1.12/0.3.19/0.6.6
10,MZ799154.1,P.1,2021-06-11,complete,Homo sapiens,29827,4.3.4/1.37.1/v0.1.12/0.3.19/0.6.6
10,OX446417.1,P.1,2021-05-10,complete,Homo sapiens,29903,4.3.4/1.37.1/v0.1.12/0.3.19/0.6.6
10,OZ064494.1,P.1,2021-08-05,complete,Homo sapiens,29793,4.3.4/1.37.1/v0.1.12/0.3.19/0.6.6
10,MZ278428.1,P.1,2021-04-24,complete,Homo sapiens,29812,4.3.4/1.37.1/v0.1.12/0.3.19/0.6.6
10,OY325292.1,P.1,2021-08-17,complete,Homo sapiens,29903,4.3.4/1.37.1/v0.1.12/0.3.19/0.6.6
10,OK231371.1,P.1,2021-06-11,complete,Homo sapiens,29690,4.3.4/1.37.1/v0.1.12/0.3.19/0.6.6
10,MZ192447.1,P.1,2021-04-19,complete,Homo sapiens,29777,4.3.4/1.37.1/v0.1.12/0.3.19/0.6.6
10,OK230425.1,P.1,2021-06-09,complete,Homo sapiens,29679,4.3.4/1.37.1/v0.1.12/0.3.19/0.6.6
10,PP301061.1,P.1,2021-03-12,complete,Homo sapiens,29865,4.3.4/1.37.1/v0.1.12/0.3.19/0.6.6
10,ON186461.1,P.1,2021-05-30,complete,Homo sapiens,29816,4.3.4/1.37.1/v0.1.12/0.3.19/0.6.6
10,MZ025794.1,P.1,2021-04-03,complete,Homo sapiens,29895,4.3.4/1.37.1/v0.1.12/0.3.19/0.6.6
10,MZ536323.1,P.1,2021-06-21,complete,Homo sapiens,29777,4.3.4/1.37.1/v0.1.12/0.3.19/0.6.6
10,OZ062542.1,P.1,2021-07-02,complete,Homo sapiens,29860,4.3.4/1.37.1/v0.1.12/0.3.19/0.6.6
10,ON579085.1,P.1,2021-09-09,complete,Homo sapiens,29821,4.3.4/1.37.1/v0.1.12/0.3.19/0.6.6
10,MZ433793.1,P.1,2021-06-01,complete,Homo sapiens,29831,4.3.4/1.37.1/v0.1.12/0.3.19/0.6.6
10,ON577189.1,P.1,2021-07-05,complete,Homo sapiens,29823,4.3.4/1.37.1/v0.1.12/0.3.19/0.6.6
10,PQ094843.1,P.1,2021-07-19,complete,Homo sapiens,29580,4.3.4/1.37.1/v0.1.12/0.3.19/0.6.6
10,MW963227.1,P.1,2021-03-12,complete,Homo sapiens,29777,4.3.4/1.37.1/v0.1.12/0.3.19/0.6.6
10,MZ185257.1,P.1,2021-04-18,complete,Homo sapiens,29896,4.3.4/1.37.1/v0.1.12/0.3.19/0.6.6
10,OZ064529.1,P.1,2021-08-23,complete,Homo sapiens,29785,4.3.4/1.37.1/v0.1.12/0.3.19/0.6.6
10,OQ521839.1,P.1,2021-07-15,complete,Homo sapiens,29643,4.3.4/1.37.1/v0.1.12/0.3.19/0.6.6
10,PP301063.1,P.1,2021-03-18,complete,Homo sapiens,29876,4.3.4/1.37.1/v0.1.12/0.3.19/0.6.6
10,OZ060947.1,P.1,2021-04-09,complete,Homo sapiens,29814,4.3.4/1.37.1/v0.1.12/0.3.19/0.6.6
10,MZ432415.1,P.1,2021-05-25,complete,Homo sapiens,29795,4.3.4/1.37.1/v0.1.12/0.3.19/0.6.6
10,MZ536454.1,P.1,2021-06-16,complete,Homo sapiens,29777,4.3.4/1.37.1/v0.1.12/0.3.19/0.6.6
10,MZ398903.1,P.1,2021-04-27,complete,Homo sapiens,29644,4.3.4/1.37.1/v0.1.12/0.3.19/0.6.6
10,ON577190.1,P.1,2021-07-05,complete,Homo sapiens,29821,4.3.4/1.37.1/v0.1.12/0.3.19/0.6.6
10,OK234281.1,P.1,2021-06-04,complete,Homo sapiens,29742,4.3.4/1.37.1/v0.1.12/0.3.19/0.6.6
10,MW963285.1,P.1,2021-03-18,complete,Homo sapiens,29777,4.3.4/1.37.1/v0.1.12/0.3.19/0.6.6
10,PP700735.1,P.1,2021-05-29,complete,Homo sapiens,29815,4.3.4/1.37.1/v0.1.12/0.3.19/0.6.6
10,MZ536482.1,P.1,2021-06-21,complete,Homo sapiens,29777,4.3.4/1.37.1/v0.1.12/0.3.19/0.6.6
10,PP186905.1,P.1,2021-04-09,complete,Homo sapiens,29881,4.3.4/1.37.1/v0.1.12/0.3.19/0.6.6
10,MZ931136.1,P.1,2021-06-28,complete,Homo sapiens,29801,4.3.4/1.37.1/v0.1.12/0.3.19/0.6.6
10,MZ611960.1,P.1,2021-05-24,complete,Homo sapiens,29811,4.3.4/1.37.1/v0.1.12/0.3.19/0.6.6
10,OK194057.1,P.1,2021-03-24,complete,Homo sapiens,29831,4.3.4/1.37.1/v0.1.12/0.3.19/0.6.6
10,MZ210964.1,P.1,2021-04-11,complete,Homo sapiens,29896,4.3.4/1.37.1/v0.1.12/0.3.19/0.6.6
10,ON577511.1,P.1,2021-06-10,complete,Homo sapiens,29821,4.3.4/1.37.1/v0.1.12/0.3.19/0.6.6
10,MZ281662.1,P.1,2021-05-07,complete,Homo sapiens,29870,4.3.4/1.37.1/v0.1.12/0.3.19/0.6.6
10,MZ536584.1,P.1,2021-06-11,complete,Homo sapiens,29777,4.3.4/1.37.1/v0.1.12/0.3.19/0.6.6
10,MZ264899.1,P.1,2021-05-05,complete,Homo sapiens,29896,4.3.4/1.37.1/v0.1.12/0.3.19/0.6.6
10,MZ729027.1,P.1,2021-07-06,complete,Homo sapiens,29831,4.3.4/1.37.1/v0.1.12/0.3.19/0.6.6
10,MZ185109.1,P.1,2021-04-28,complete,Homo sapiens,29896,4.3.4/1.37.1/v0.1.12/0.3.19/0.6.6
10,OL538931.1,P.1,2021-06-24,complete,Homo sapiens,29759,4.3.4/1.37.1/v0.1.12/0.3.19/0.6.6
10,MZ060569.1,P.1,2021-04-13,complete,Homo sapiens,29826,4.3.4/1.37.1/v0.1.12/0.3.19/0.6.6
10,OL538425.1,P.1,2021-05-26,complete,Homo sapiens,29822,4.3.4/1.37.1/v0.1.12/0.3.19/0.6.6
10,ON576632.1,P.1,2021-06-04,complete,Homo sapiens,29819,4.3.4/1.37.1/v0.1.12/0.3.19/0.6.6
10,ON575799.1,P.1,2021-07-01,complete,Homo sapiens,29824,4.3.4/1.37.1/v0.1.12/0.3.19/0.6.6
10,MZ518771.1,P.1,2021-06-21,complete,Homo sapiens,29801,4.3.4/1.37.1/v0.1.12/0.3.19/0.6.6
10,MZ296781.1,P.1,2021-05-14,complete,Homo sapiens,29906,4.3.4/1.37.1/v0.1.12/0.3.19/0.6.6
10,OK342830.1,P.1,2021-07-27,complete,Homo sapiens,29800,4.3.4/1.37.1/v0.1.12/0.3.19/0.6.6
10,ON577201.1,P.1,2021-07-06,complete,Homo sapiens,29828,4.3.4/1.37.1/v0.1.12/0.3.19/0.6.6
10,MW968377.1,P.1,2021-03-26,complete,Homo sapiens,29893,4.3.4/1.37.1/v0.1.12/0.3.19/0.6.6
10,MZ283187.1,P.1,2021-04-23,complete,Homo sapiens,29894,4.3.4/1.37.1/v0.1.12/0.3.19/0.6.6
10,OK295364.1,P.1,2021-03-23,complete,Homo sapiens,29888,4.3.4/1.37.1/v0.1.12/0.3.19/0.6.6
10,MZ930704.1,P.1,2021-06-28,complete,Homo sapiens,29801,4.3.4/1.37.1/v0.1.12/0.3.19/0.6.6
10,MZ560954.1,P.1,2021-06-25,complete,Homo sapiens,29829,4.3.4/1.37.1/v0.1.12/0.3.19/0.6.6
10,ON577767.1,P.1,2021-06-01,complete,Homo sapiens,29831,4.3.4/1.37.1/v0.1.12/0.3.19/0.6.6
10,MZ025436.1,P.1,2021-04-04,complete,Homo sapiens,29877,4.3.4/1.37.1/v0.1.12/0.3.19/0.6.6
10,ON575828.1,P.1,2021-07-06,complete,Homo sapiens,29831,4.3.4/1.37.1/v0.1.12/0.3.19/0.6.6
10,MZ320033.1,P.1,2021-05-19,complete,Homo sapiens,29881,4.3.4/1.37.1/v0.1.12/0.3.19/0.6.6
10,ON185835.1,P.1,2021-05-24,complete,Homo sapiens,29827,4.3.4/1.37.1/v0.1.12/0.3.19/0.6.6
10,OK292252.1,P.1,2021-07-20,complete,Homo sapiens,29831,4.3.4/1.37.1/v0.1.12/0.3.19/0.6.6
10,MW993332.1,P.1,2021-03-24,complete,Homo sapiens,29881,4.3.4/1.37.1/v0.1.12/0.3.19/0.6.6
10,MZ685238.1,P.1,2021-05-13,complete,Homo sapiens,29810,4.3.4/1.37.1/v0.1.12/0.3.19/0.6.6
10,MZ254230.1,P.1,2021-05-04,complete,Homo sapiens,29709,4.3.4/1.37.1/v0.1.12/0.3.19/0.6.6
10,MZ253276.1,P.1,2021-05-04,complete,Homo sapiens,29710,4.3.4/1.37.1/v0.1.12/0.3.19/0.6.6
10,MZ076954.1,P.1,2021-04-13,complete,Homo sapiens,29777,4.3.4/1.37.1/v0.1.12/0.3.19/0.6.6
10,MW965868.1,P.1,2021-04-01,complete,Homo sapiens,29777,4.3.4/1.37.1/v0.1.12/0.3.19/0.6.6
10,ON213186.1,P.1,2021-06-11,complete,Homo sapiens,29705,4.3.4/1.37.1/v0.1.12/0.3.19/0.6.6
10,PP667527.1,P.1,2021-06-29,complete,Homo sapiens,29854,4.3.4/1.37.1/v0.1.12/0.3.19/0.6.6
10,MZ071220.1,P.1,2021-04-10,complete,Homo sapiens,29709,4.3.4/1.37.1/v0.1.12/0.3.19/0.6.6
10,ON575869.1,P.1,2021-07-01,complete,Homo sapiens,29827,4.3.4/1.37.1/v0.1.12/0.3.19/0.6.6
10,MZ536462.1,P.1,2021-06-23,complete,Homo sapiens,29739,4.3.4/1.37.1/v0.1.12/0.3.19/0.6.6
10,MZ261311.1,P.1,2021-04-27,complete,Homo sapiens,29809,4.3.4/1.37.1/v0.1.12/0.3.19/0.6.6
10,MZ281576.1,P.1,2021-05-07,complete,Homo sapiens,29896,4.3.4/1.37.1/v0.1.12/0.3.19/0.6.6
10,OZ062131.1,P.1,2021-06-01,complete,Homo sapiens,29860,4.3.4/1.37.1/v0.1.12/0.3.19/0.6.6
10,ON577028.1,P.1,2021-07-09,complete,Homo sapiens,29829,4.3.4/1.37.1/v0.1.12/0.3.19/0.6.6
10,ON954115.1,P.1,2021-05-23,complete,Homo sapiens,29729,4.3.4/1.37.1/v0.1.12/0.3.19/0.6.6
10,OZ066647.1,P.1,2021-08-17,complete,Homo sapiens,29860,4.3.4/1.37.1/v0.1.12/0.3.19/0.6.6
10,MZ890679.1,P.1,2021-07,complete,Homo sapiens,29807,4.3.4/1.37.1/v0.1.12/0.3.19/0.6.6
10,ON575839.1,P.1,2021-07-15,complete,Homo sapiens,29823,4.3.4/1.37.1/v0.1.12/0.3.19/0.6.6
10,MW991202.1,P.1,2021-03-31,complete,Homo sapiens,29877,4.3.4/1.37.1/v0.1.12/0.3.19/0.6.6
10,MW915330.1,P.1,2021-03-24,complete,Homo sapiens,29777,4.3.4/1.37.1/v0.1.12/0.3.19/0.6.6
10,MZ296118.1,P.1,2021-05-16,complete,Homo sapiens,29861,4.3.4/1.37.1/v0.1.12/0.3.19/0.6.6
10,OQ521815.1,P.1,2021-07-11,complete,Homo sapiens,29807,4.3.4/1.37.1/v0.1.12/0.3.19/0.6.6
10,ON576171.1,P.1,2021-06-05,complete,Homo sapiens,29819,4.3.4/1.37.1/v0.1.12/0.3.19/0.6.6
10,MZ560946.1,P.1,2021-06-28,complete,Homo sapiens,29753,4.3.4/1.37.1/v0.1.12/0.3.19/0.6.6
10,ON576607.1,P.1,2021-07-05,complete,Homo sapiens,29821,4.3.4/1.37.1/v0.1.12/0.3.19/0.6.6
10,MZ539407.1,P.1,2021-06-15,complete,Homo sapiens,29810,4.3.4/1.37.1/v0.1.12/0.3.19/0.6.6
10,OL522011.1,P.1,2021-06-26,complete,Homo sapiens,29898,4.3.4/1.37.1/v0.1.12/0.3.19/0.6.6
10,OZ065164.1,P.1,2021-08-15,complete,Homo sapiens,29793,4.3.4/1.37.1/v0.1.12/0.3.19/0.6.6
10,OZ065472.1,P.1,2021-10-12,complete,Homo sapiens,29786,4.3.4/1.37.1/v0.1.12/0.3.19/0.6.6
10,OK242261.1,P.1,2021-07-27,complete,Homo sapiens,29795,4.3.4/1.37.1/v0.1.12/0.3.19/0.6.6
10,OZ064359.1,P.1,2021-08-04,complete,Homo sapiens,29793,4.3.4/1.37.1/v0.1.12/0.3.19/0.6.6
10,OX446477.1,P.1,2021-05-10,complete,Homo sapiens,29898,4.3.4/1.37.1/v0.1.12/0.3.19/0.6.6
10,ON578470.1,P.1,2021-08-05,complete,Homo sapiens,29823,4.3.4/1.37.1/v0.1.12/0.3.19/0.6.6
10,MZ376136.1,P.1,2021-05-27,complete,Homo sapiens,29897,4.3.4/1.37.1/v0.1.12/0.3.19/0.6.6
10,OZ064520.1,P.1,2021-08-04,complete,Homo sapiens,29793,4.3.4/1.37.1/v0.1.12/0.3.19/0.6.6
10,MZ414272.1,P.1,2021-05,complete,Homo sapiens,29799,4.3.4/1.37.1/v0.1.12/0.3.19/0.6.6
10,MZ228312.1,P.1,2021-04-25,complete,Homo sapiens,29827,4.3.4/1.37.1/v0.1.12/0.3.19/0.6.6
10,MZ244951.1,P.1,2021-05-11,complete,Homo sapiens,29871,4.3.4/1.37.1/v0.1.12/0.3.19/0.6.6
10,ON574791.1,P.1,2021-05-10,complete,Homo sapiens,29808,4.3.4/1.37.1/v0.1.12/0.3.19/0.6.6
10,ON578062.1,P.1,2021-08-02,complete,Homo sapiens,29814,4.3.4/1.37.1/v0.1.12/0.3.19/0.6.6
10,MZ386538.1,P.1,2021-06-02,complete,Homo sapiens,29895,4.3.4/1.37.1/v0.1.12/0.3.19/0.6.6
10,ON576235.1,P.1,2021-06-15,complete,Homo sapiens,29819,4.3.4/1.37.1/v0.1.12/0.3.19/0.6.6
10,OP855469.1,P.1,2021-04-28,complete,Homo sapiens,29894,4.3.4/1.37.1/v0.1.12/0.3.19/0.6.6
10,OZ064298.1,P.1,2021-08-04,complete,Homo sapiens,29793,4.3.4/1.37.1/v0.1.12/0.3.19/0.6.6
10,MZ126784.1,P.1,2021-04-25,complete,Homo sapiens,29906,4.3.4/1.37.1/v0.1.12/0.3.19/0.6.6
10,OK125861.1,P.1,2021-07-14,complete,Homo sapiens,29679,4.3.4/1.37.1/v0.1.12/0.3.19/0.6.6
10,ON577818.1,P.1,2021-05-03,complete,Homo sapiens,29831,4.3.4/1.37.1/v0.1.12/0.3.19/0.6.6
10,MZ071258.1,P.1,2021-04-12,complete,Homo sapiens,29709,4.3.4/1.37.1/v0.1.12/0.3.19/0.6.6
10,MZ183969.1,P.1,2021-04-28,complete,Homo sapiens,29849,4.3.4/1.37.1/v0.1.12/0.3.19/0.6.6
10,MZ536572.1,P.1,2021-06-11,complete,Homo sapiens,29777,4.3.4/1.37.1/v0.1.12/0.3.19/0.6.6
10,ON575341.1,P.1,2021-08-06,complete,Homo sapiens,29801,4.3.4/1.37.1/v0.1.12/0.3.19/0.6.6
10,OK438209.1,P.1,2021-08-12,complete,Homo sapiens,29860,4.3.4/1.37.1/v0.1.12/0.3.19/0.6.6
10,ON577801.1,P.1,2021-05-26,complete,Homo sapiens,29827,4.3.4/1.37.1/v0.1.12/0.3.19/0.6.6
10,MZ167079.1,P.1,2021-04-07,complete,Homo sapiens,29831,4.3.4/1.37.1/v0.1.12/0.3.19/0.6.6
10,ON577514.1,P.1,2021-06-10,complete,Homo sapiens,29831,4.3.4/1.37.1/v0.1.12/0.3.19/0.6.6
10,MZ705387.1,P.1,2021-07-07,complete,Homo sapiens,29831,4.3.4/1.37.1/v0.1.12/0.3.19/0.6.6
10,MZ100764.1,P.1,2021-04-14,complete,Homo sapiens,29822,4.3.4/1.37.1/v0.1.12/0.3.19/0.6.6
10,MZ188404.1,P.1,2021-04-22,complete,Homo sapiens,29868,4.3.4/1.37.1/v0.1.12/0.3.19/0.6.6
10,MZ195930.1,P.1,2021-04-25,complete,Homo sapiens,29898,4.3.4/1.37.1/v0.1.12/0.3.19/0.6.6
10,OQ522707.1,P.1,2021-07-22,complete,Homo sapiens,29642,4.3.4/1.37.1/v0.1.12/0.3.19/0.6.6
10,ON574631.1,P.1,2021-05-14,complete,Homo sapiens,29811,4.3.4/1.37.1/v0.1.12/0.3.19/0.6.6
10,ON195142.1,P.1,2021-06-02,complete,Homo sapiens,29709,4.3.4/1.37.1/v0.1.12/0.3.19/0.6.6
10,ON575931.1,P.1,2021-07-12,complete,Homo sapiens,29831,4.3.4/1.37.1/v0.1.12/0.3.19/0.6.6
10,OK318051.1,P.1,2021-07-20,complete,Homo sapiens,29733,4.3.4/1.37.1/v0.1.12/0.3.19/0.6.6
10,MZ402026.1,P.1,2021-05-18,complete,Homo sapiens,29826,4.3.4/1.37.1/v0.1.12/0.3.19/0.6.6
10,MZ340675.1,P.1,2021-05-02,complete,Homo sapiens,29785,4.3.4/1.37.1/v0.1.12/0.3.19/0.6.6
10,MZ307327.1,P.1,2021-05-10,complete,Homo sapiens,29709,4.3.4/1.37.1/v0.1.12/0.3.19/0.6.6
10,MZ315212.1,P.1,2021-05-09,complete,Homo sapiens,29820,4.3.4/1.37.1/v0.1.12/0.3.19/0.6.6
10,MW969506.1,P.1,2021-03-24,complete,Homo sapiens,29898,4.3.4/1.37.1/v0.1.12/0.3.19/0.6.6
10,OZ066176.1,P.1,2021-10-04,complete,Homo sapiens,29793,4.3.4/1.37.1/v0.1.12/0.3.19/0.6.6
10,MZ536292.1,P.1,2021-06-20,complete,Homo sapiens,29777,4.3.4/1.37.1/v0.1.12/0.3.19/0.6.6
10,MZ433483.1,P.1,2021-06-06,complete,Homo sapiens,29777,4.3.4/1.37.1/v0.1.12/0.3.19/0.6.6
10,PP610853.1,P.1,2021-04-06,complete,Homo sapiens,29737,4.3.4/1.37.1/v0.1.12/0.3.19/0.6.6
10,MZ414939.1,P.1,2021-05-10,complete,Homo sapiens,29822,4.3.4/1.37.1/v0.1.12/0.3.19/0.6.6
10,MZ415499.1,P.1,2021-05-11,complete,Homo sapiens,29831,4.3.4/1.37.1/v0.1.12/0.3.19/0.6.6
10,MZ611966.1,P.1,2021-04-08,complete,Homo sapiens,29821,4.3.4/1.37.1/v0.1.12/0.3.19/0.6.6
10,MZ613621.1,P.1,2021-07,complete,Homo sapiens,29837,4.3.4/1.37.1/v0.1.12/0.3.19/0.6.6
10,MZ511481.1,P.1,2021-06-01,complete,Homo sapiens,29808,4.3.4/1.37.1/v0.1.12/0.3.19/0.6.6
10,MZ356674.1,P.1,2021-05-21,complete,Homo sapiens,29777,4.3.4/1.37.1/v0.1.12/0.3.19/0.6.6
10,MZ834729.2,P.1,2021-07-07,complete,Homo sapiens,29804,4.3.4/1.37.1/v0.1.12/0.3.19/0.6.6
10,MZ493972.1,P.1,2021-06-09,complete,Homo sapiens,29777,4.3.4/1.37.1/v0.1.12/0.3.19/0.6.6
10,OK550304.1,P.1,2021-06-17,complete,Homo sapiens,29593,4.3.4/1.37.1/v0.1.12/0.3.19/0.6.6
10,MZ867004.1,P.1,2021-07-20,complete,Homo sapiens,29709,4.3.4/1.37.1/v0.1.12/0.3.19/0.6.6
10,MZ143862.1,P.1,2021-04-18,complete,Homo sapiens,29814,4.3.4/1.37.1/v0.1.12/0.3.19/0.6.6
10,OZ062522.1,P.1,2021-06-22,complete,Homo sapiens,29793,4.3.4/1.37.1/v0.1.12/0.3.19/0.6.6
10,MZ084008.1,P.1,2021-04-07,complete,Homo sapiens,29875,4.3.4/1.37.1/v0.1.12/0.3.19/0.6.6
10,MZ296782.1,P.1,2021-05-15,complete,Homo sapiens,29906,4.3.4/1.37.1/v0.1.12/0.3.19/0.6.6
10,OZ061621.1,P.1,2021-04-16,complete,Homo sapiens,29786,4.3.4/1.37.1/v0.1.12/0.3.19/0.6.6
10,OZ064384.1,P.1,2021-08-09,complete,Homo sapiens,29856,4.3.4/1.37.1/v0.1.12/0.3.19/0.6.6
10,MZ035309.1,P.1,2021-04-04,complete,Homo sapiens,29818,4.3.4/1.37.1/v0.1.12/0.3.19/0.6.6
10,MZ702164.1,P.1,2021-06-27,complete,Homo sapiens,29777,4.3.4/1.37.1/v0.1.12/0.3.19/0.6.6
10,MZ058266.1,P.1,2021-04-05,complete,Homo sapiens,29884,4.3.4/1.37.1/v0.1.12/0.3.19/0.6.6
10,OR539135.1,P.1,2021-07-13,complete,Homo sapiens,29409,4.3.4/1.37.1/v0.1.12/0.3.19/0.6.6
10,OR701610.1,P.1,2021-02-22,complete,Homo sapiens,29868,4.3.4/1.37.1/v0.1.12/0.3.19/0.6.6
10,ON576438.1,P.1,2021-06-07,complete,Homo sapiens,29819,4.3.4/1.37.1/v0.1.12/0.3.19/0.6.6
10,MZ264990.1,P.1,2021-05-11,complete,Homo sapiens,29815,4.3.4/1.37.1/v0.1.12/0.3.19/0.6.6
10,MZ536424.1,P.1,2021-06-17,complete,Homo sapiens,29777,4.3.4/1.37.1/v0.1.12/0.3.19/0.6.6
10,MZ386202.1,P.1,2021-06-02,complete,Homo sapiens,29867,4.3.4/1.37.1/v0.1.12/0.3.19/0.6.6
10,ON574898.1,P.1,2021-05-07,complete,Homo sapiens,29819,4.3.4/1.37.1/v0.1.12/0.3.19/0.6.6
10,MZ141475.1,P.1,2021-04-23,complete,Homo sapiens,29709,4.3.4/1.37.1/v0.1.12/0.3.19/0.6.6
10,OK467196.1,P.1,2021-07-01,complete,Homo sapiens,29882,4.3.4/1.37.1/v0.1.12/0.3.19/0.6.6
10,MZ685953.1,P.1,2021-06-01,complete,Homo sapiens,29827,4.3.4/1.37.1/v0.1.12/0.3.19/0.6.6
10,MZ354365.1,P.1,2021-05-07,complete,Homo sapiens,29827,4.3.4/1.37.1/v0.1.12/0.3.19/0.6.6
10,MZ536388.1,P.1,2021-06-24,complete,Homo sapiens,29777,4.3.4/1.37.1/v0.1.12/0.3.19/0.6.6
10,MZ290226.1,P.1,2021-05-05,complete,Homo sapiens,29777,4.3.4/1.37.1/v0.1.12/0.3.19/0.6.6
10,ON577858.1,P.1,2021-06-02,complete,Homo sapiens,29831,4.3.4/1.37.1/v0.1.12/0.3.19/0.6.6
10,PQ974926.1,P.1,2021-06-21,complete,Homo sapiens,29855,4.3.4/1.37.1/v0.1.12/0.3.19/0.6.6
10,MZ073083.1,P.1,2021-04-15,complete,Homo sapiens,29709,4.3.4/1.37.1/v0.1.12/0.3.19/0.6.6
10,MZ193456.1,P.1,2021-04-22,complete,Homo sapiens,29831,4.3.4/1.37.1/v0.1.12/0.3.19/0.6.6
10,OK030095.1,P.1,2021-07-29,complete,Homo sapiens,29816,4.3.4/1.37.1/v0.1.12/0.3.19/0.6.6
10,MZ378077.1,P.1,2021-04-10,complete,Homo sapiens,29810,4.3.4/1.37.1/v0.1.12/0.3.19/0.6.6
10,ON576990.1,P.1,2021-07-07,complete,Homo sapiens,29831,4.3.4/1.37.1/v0.1.12/0.3.19/0.6.6
10,ON574960.1,P.1,2021-05-07,complete,Homo sapiens,29820,4.3.4/1.37.1/v0.1.12/0.3.19/0.6.6
10,ON577289.1,P.1,2021-07-13,complete,Homo sapiens,29819,4.3.4/1.37.1/v0.1.12/0.3.19/0.6.6
10,MZ784702.1,P.1,2021-07-14,complete,Homo sapiens,29657,4.3.4/1.37.1/v0.1.12/0.3.19/0.6.6
10,MZ083400.1,P.1,2021-03-31,complete,Homo sapiens,29895,4.3.4/1.37.1/v0.1.12/0.3.19/0.6.6
10,ON575942.1,P.1,2021-07-02,complete,Homo sapiens,29831,4.3.4/1.37.1/v0.1.12/0.3.19/0.6.6
10,MZ477814.1,P.1,2021-04-07,complete,Homo sapiens,29737,4.3.4/1.37.1/v0.1.12/0.3.19/0.6.6
10,PP667518.1,P.1,2021-06-03,complete,Homo sapiens,29803,4.3.4/1.37.1/v0.1.12/0.3.19/0.6.6
10,MZ187707.1,P.1,2021-04-19,complete,Homo sapiens,29895,4.3.4/1.37.1/v0.1.12/0.3.19/0.6.6
10,MZ317698.1,P.1,2021-05,complete,Homo sapiens,29789,4.3.4/1.37.1/v0.1.12/0.3.19/0.6.6
10,ON577088.1,P.1,2021-07-02,complete,Homo sapiens,29822,4.3.4/1.37.1/v0.1.12/0.3.19/0.6.6
10,MZ185690.1,P.1,2021-04-18,complete,Homo sapiens,29896,4.3.4/1.37.1/v0.1.12/0.3.19/0.6.6
10,ON017269.1,P.1,2021-06-17,complete,Homo sapiens,29835,4.3.4/1.37.1/v0.1.12/0.3.19/0.6.6
10,MZ214440.1,P.1,2021-04-14,complete,Homo sapiens,29891,4.3.4/1.37.1/v0.1.12/0.3.19/0.6.6
10,MZ184969.1,P.1,2021-04-28,complete,Homo sapiens,29895,4.3.4/1.37.1/v0.1.12/0.3.19/0.6.6
10,ON578384.1,P.1,2021-08-03,complete,Homo sapiens,29823,4.3.4/1.37.1/v0.1.12/0.3.19/0.6.6
10,ON574756.1,P.1,2021-05-11,complete,Homo sapiens,29814,4.3.4/1.37.1/v0.1.12/0.3.19/0.6.6
10,MZ412074.1,P.1,2021-06-07,complete,Homo sapiens,29643,4.3.4/1.37.1/v0.1.12/0.3.19/0.6.6
10,OK187736.1,P.1,2021-06-11,complete,Homo sapiens,29787,4.3.4/1.37.1/v0.1.12/0.3.19/0.6.6
10,ON575482.1,P.1,2021-08-11,complete,Homo sapiens,29819,4.3.4/1.37.1/v0.1.12/0.3.19/0.6.6
10,MZ743077.1,P.1,2021-07-16,complete,Homo sapiens,29831,4.3.4/1.37.1/v0.1.12/0.3.19/0.6.6
10,MZ319434.1,P.1,2021-05-11,complete,Homo sapiens,29777,4.3.4/1.37.1/v0.1.12/0.3.19/0.6.6
10,MZ319816.1,P.1,2021-05-18,complete,Homo sapiens,29881,4.3.4/1.37.1/v0.1.12/0.3.19/0.6.6
10,MW908360.1,P.1,2021-03-16,complete,Homo sapiens,29817,4.3.4/1.37.1/v0.1.12/0.3.19/0.6.6
10,OK512307.1,P.1,2021-06-07,complete,Homo sapiens,29720,4.3.4/1.37.1/v0.1.12/0.3.19/0.6.6
10,OQ757894.1,P.1,2021-06-18,complete,Homo sapiens,29825,4.3.4/1.37.1/v0.1.12/0.3.19/0.6.6
10,ON577860.1,P.1,2021-06-02,complete,Homo sapiens,29827,4.3.4/1.37.1/v0.1.12/0.3.19/0.6.6
10,MZ977726.1,P.1,2021-07-26,complete,Homo sapiens,29815,4.3.4/1.37.1/v0.1.12/0.3.19/0.6.6
10,OQ522131.1,P.1,2021-09-12,complete,Homo sapiens,29810,4.3.4/1.37.1/v0.1.12/0.3.19/0.6.6
10,OZ061752.1,P.1,2021-05-15,complete,Homo sapiens,29623,4.3.4/1.37.1/v0.1.12/0.3.19/0.6.6
10,ON576490.1,P.1,2021-06-14,complete,Homo sapiens,29819,4.3.4/1.37.1/v0.1.12/0.3.19/0.6.6
10,MZ280326.1,P.1,2021-05-05,complete,Homo sapiens,29884,4.3.4/1.37.1/v0.1.12/0.3.19/0.6.6
10,MZ282292.1,P.1,2021-04-30,complete,Homo sapiens,29895,4.3.4/1.37.1/v0.1.12/0.3.19/0.6.6
10,OZ064845.1,P.1,2021-08-29,complete,Homo sapiens,29793,4.3.4/1.37.1/v0.1.12/0.3.19/0.6.6
10,MZ416210.1,P.1,2021-05-13,complete,Homo sapiens,29831,4.3.4/1.37.1/v0.1.12/0.3.19/0.6.6
10,MZ241064.1,P.1,2021-04-29,complete,Homo sapiens,29777,4.3.4/1.37.1/v0.1.12/0.3.19/0.6.6
10,ON576155.1,P.1,2021-06-05,complete,Homo sapiens,29819,4.3.4/1.37.1/v0.1.12/0.3.19/0.6.6
10,ON575426.1,P.1,2021-08-05,complete,Homo sapiens,29823,4.3.4/1.37.1/v0.1.12/0.3.19/0.6.6
10,OK403869.1,P.1,2021-08-24,complete,Homo sapiens,29831,4.3.4/1.37.1/v0.1.12/0.3.19/0.6.6
10,MZ349326.1,P.1,2021-04-02,complete,Homo sapiens,29867,4.3.4/1.37.1/v0.1.12/0.3.19/0.6.6
10,ON577993.1,P.1,2021-06-04,complete,Homo sapiens,29822,4.3.4/1.37.1/v0.1.12/0.3.19/0.6.6
10,MW963258.1,P.1,2021-03-16,complete,Homo sapiens,29777,4.3.4/1.37.1/v0.1.12/0.3.19/0.6.6
10,PV002279.1,P.1,2021-04-05,complete,Homo sapiens,29730,4.3.4/1.37.1/v0.1.12/0.3.19/0.6.6
10,PP614115.1,P.1,2021-05-13,complete,Homo sapiens,29741,4.3.4/1.37.1/v0.1.12/0.3.19/0.6.6
10,MZ290230.1,P.1,2021-05-04,complete,Homo sapiens,29777,4.3.4/1.37.1/v0.1.12/0.3.19/0.6.6
10,MZ450410.1,P.1,2021-06-07,complete,Homo sapiens,29816,4.3.4/1.37.1/v0.1.12/0.3.19/0.6.6
10,MZ358585.1,P.1,2021-05-18,complete,Homo sapiens,29862,4.3.4/1.37.1/v0.1.12/0.3.19/0.6.6
10,PP186985.1,P.1,2021-04-13,complete,Homo sapiens,29593,4.3.4/1.37.1/v0.1.12/0.3.19/0.6.6
10,MZ184863.1,P.1,2021-04-29,complete,Homo sapiens,29894,4.3.4/1.37.1/v0.1.12/0.3.19/0.6.6
10,OK548166.1,P.1,2021-05-03,complete,Homo sapiens,29593,4.3.4/1.37.1/v0.1.12/0.3.19/0.6.6
10,MZ101300.1,P.1,2021-04-15,complete,Homo sapiens,29822,4.3.4/1.37.1/v0.1.12/0.3.19/0.6.6
10,MZ100075.1,P.1,2021-04-12,complete,Homo sapiens,29822,4.3.4/1.37.1/v0.1.12/0.3.19/0.6.6
10,MZ383079.1,P.1,2021-05-21,complete,Homo sapiens,29817,4.3.4/1.37.1/v0.1.12/0.3.19/0.6.6
10,ON577891.1,P.1,2021-06-01,complete,Homo sapiens,29809,4.3.4/1.37.1/v0.1.12/0.3.19/0.6.6
10,MZ702218.1,P.1,2021-07-08,complete,Homo sapiens,29777,4.3.4/1.37.1/v0.1.12/0.3.19/0.6.6
10,MZ388148.1,P.1,2021-04-26,complete,Homo sapiens,29646,4.3.4/1.37.1/v0.1.12/0.3.19/0.6.6
10,ON577986.1,P.1,2021-06-11,complete,Homo sapiens,29809,4.3.4/1.37.1/v0.1.12/0.3.19/0.6.6
10,MZ454762.1,P.1,2021-04-28,complete,Homo sapiens,29777,4.3.4/1.37.1/v0.1.12/0.3.19/0.6.6
10,MW937853.1,P.1,2021-04-07,complete,Homo sapiens,29906,4.3.4/1.37.1/v0.1.12/0.3.19/0.6.6
10,MZ212579.1,P.1,2021-04-14,complete,Homo sapiens,29897,4.3.4/1.37.1/v0.1.12/0.3.19/0.6.6
10,MW808150.1,P.1,2021-02-22,complete,Homo sapiens,29898,4.3.4/1.37.1/v0.1.12/0.3.19/0.6.6
10,ON583703.1,P.1,2021-07-04,complete,Homo sapiens,29824,4.3.4/1.37.1/v0.1.12/0.3.19/0.6.6
10,MZ280473.1,P.1,2021-05-04,complete,Homo sapiens,29867,4.3.4/1.37.1/v0.1.12/0.3.19/0.6.6
10,OZ065198.1,P.1,2021-09-04,complete,Homo sapiens,29793,4.3.4/1.37.1/v0.1.12/0.3.19/0.6.6
10,ON576878.1,P.1,2021-07-15,complete,Homo sapiens,29831,4.3.4/1.37.1/v0.1.12/0.3.19/0.6.6
10,MZ037659.1,P.1,2021-04-01,complete,Homo sapiens,29711,4.3.4/1.37.1/v0.1.12/0.3.19/0.6.6
10,MZ414987.1,P.1,2021-05-08,complete,Homo sapiens,29822,4.3.4/1.37.1/v0.1.12/0.3.19/0.6.6
10,MZ931138.1,P.1,2021-06-30,complete,Homo sapiens,29783,4.3.4/1.37.1/v0.1.12/0.3.19/0.6.6
10,ON579717.1,P.1,2021-09-09,complete,Homo sapiens,29824,4.3.4/1.37.1/v0.1.12/0.3.19/0.6.6
10,ON577908.1,P.1,2021-05-11,complete,Homo sapiens,29823,4.3.4/1.37.1/v0.1.12/0.3.19/0.6.6
10,OZ062247.1,P.1,2021-05-11,complete,Homo sapiens,29859,4.3.4/1.37.1/v0.1.12/0.3.19/0.6.6
10,MZ329256.1,P.1,2021-04-27,complete,Homo sapiens,29777,4.3.4/1.37.1/v0.1.12/0.3.19/0.6.6
10,MZ372697.1,P.1,2021-05-26,complete,Homo sapiens,29679,4.3.4/1.37.1/v0.1.12/0.3.19/0.6.6
10,ON577479.1,P.1,2021-06-11,complete,Homo sapiens,29820,4.3.4/1.37.1/v0.1.12/0.3.19/0.6.6
10,ON193036.1,P.1,2021-06-12,complete,Homo sapiens,29703,4.3.4/1.37.1/v0.1.12/0.3.19/0.6.6
10,ON577810.1,P.1,2021-05-12,complete,Homo sapiens,29827,4.3.4/1.37.1/v0.1.12/0.3.19/0.6.6
10,ON575420.1,P.1,2021-08-04,complete,Homo sapiens,29817,4.3.4/1.37.1/v0.1.12/0.3.19/0.6.6
10,ON578692.1,P.1,2021-07-01,complete,Homo sapiens,29823,4.3.4/1.37.1/v0.1.12/0.3.19/0.6.6
10,OM461617.1,P.1,2021-07-12,complete,Homo sapiens,29709,4.3.4/1.37.1/v0.1.12/0.3.19/0.6.6
10,MZ810605.1,P.1,2021-07-17,complete,Homo sapiens,29777,4.3.4/1.37.1/v0.1.12/0.3.19/0.6.6
10,MZ242596.1,P.1,2021-05-10,complete,Homo sapiens,29773,4.3.4/1.37.1/v0.1.12/0.3.19/0.6.6
10,MZ133083.1,P.1,2021-04-17,complete,Homo sapiens,29820,4.3.4/1.37.1/v0.1.12/0.3.19/0.6.6
10,OZ062015.1,P.1,2021-05-05,complete,Homo sapiens,29786,4.3.4/1.37.1/v0.1.12/0.3.19/0.6.6
10,PV002423.1,P.1,2021-05-24,complete,Homo sapiens,29728,4.3.4/1.37.1/v0.1.12/0.3.19/0.6.6
10,MZ493964.1,P.1,2021-06-11,complete,Homo sapiens,29777,4.3.4/1.37.1/v0.1.12/0.3.19/0.6.6
10,MW964074.1,P.1,2021-03-11,complete,Homo sapiens,29894,4.3.4/1.37.1/v0.1.12/0.3.19/0.6.6
10,ON577107.1,P.1,2021-07-10,complete,Homo sapiens,29831,4.3.4/1.37.1/v0.1.12/0.3.19/0.6.6
10,PP613544.1,P.1,2021-05-02,complete,Homo sapiens,29741,4.3.4/1.37.1/v0.1.12/0.3.19/0.6.6
10,OK399338.1,P.1,2021-03-25,complete,Homo sapiens,29772,4.3.4/1.37.1/v0.1.12/0.3.19/0.6.6
10,OZ064141.1,P.1,2021-08-01,complete,Homo sapiens,29793,4.3.4/1.37.1/v0.1.12/0.3.19/0.6.6
10,MZ320896.1,P.1,2021-05-24,complete,Homo sapiens,29881,4.3.4/1.37.1/v0.1.12/0.3.19/0.6.6
10,MZ009994.1,P.1,2021-04-01,complete,Homo sapiens,29777,4.3.4/1.37.1/v0.1.12/0.3.19/0.6.6
10,ON576457.1,P.1,2021-06-07,complete,Homo sapiens,29815,4.3.4/1.37.1/v0.1.12/0.3.19/0.6.6
10,MW937846.1,P.1,2021-04-07,complete,Homo sapiens,29906,4.3.4/1.37.1/v0.1.12/0.3.19/0.6.6
10,ON577949.1,P.1,2021-05-05,complete,Homo sapiens,29826,4.3.4/1.37.1/v0.1.12/0.3.19/0.6.6
10,MZ315774.1,P.1,2021-05-07,complete,Homo sapiens,29822,4.3.4/1.37.1/v0.1.12/0.3.19/0.6.6
10,ON579681.1,P.1,2021-09-13,complete,Homo sapiens,29831,4.3.4/1.37.1/v0.1.12/0.3.19/0.6.6
10,MZ013886.1,P.1,2021-03-29,complete,Homo sapiens,29891,4.3.4/1.37.1/v0.1.12/0.3.19/0.6.6
10,MZ415685.1,P.1,2021-05-10,complete,Homo sapiens,29824,4.3.4/1.37.1/v0.1.12/0.3.19/0.6.6
10,MZ834806.2,P.1,2021-07-05,complete,Homo sapiens,29801,4.3.4/1.37.1/v0.1.12/0.3.19/0.6.6
10,MZ341552.1,P.1,2021-05-18,complete,Homo sapiens,29708,4.3.4/1.37.1/v0.1.12/0.3.19/0.6.6
10,OL416549.1,P.1,2021-07-20,complete,Homo sapiens,29788,4.3.4/1.37.1/v0.1.12/0.3.19/0.6.6
10,ON574748.1,P.1,2021-05-10,complete,Homo sapiens,29815,4.3.4/1.37.1/v0.1.12/0.3.19/0.6.6
10,MZ294241.1,P.1,2021-05-16,complete,Homo sapiens,29888,4.3.4/1.37.1/v0.1.12/0.3.19/0.6.6
10,MZ342160.1,P.1,2021-05-20,complete,Homo sapiens,29709,4.3.4/1.37.1/v0.1.12/0.3.19/0.6.6
10,OZ062303.1,P.1,2021-06-03,complete,Homo sapiens,29793,4.3.4/1.37.1/v0.1.12/0.3.19/0.6.6
10,MZ477764.1,P.1,2021-03-05,complete,Homo sapiens,29737,4.3.4/1.37.1/v0.1.12/0.3.19/0.6.6
10,MZ356648.1,P.1,2021-05-22,complete,Homo sapiens,29777,4.3.4/1.37.1/v0.1.12/0.3.19/0.6.6
10,ON574942.1,P.1,2021-05-04,complete,Homo sapiens,29819,4.3.4/1.37.1/v0.1.12/0.3.19/0.6.6
10,OZ061961.1,P.1,2021-05-22,complete,Homo sapiens,29821,4.3.4/1.37.1/v0.1.12/0.3.19/0.6.6
10,PQ972191.1,P.1,2021-04-12,complete,Homo sapiens,29777,4.3.4/1.37.1/v0.1.12/0.3.19/0.6.6
10,MZ058129.1,P.1,2021-04-11,complete,Homo sapiens,29777,4.3.4/1.37.1/v0.1.12/0.3.19/0.6.6
10,MZ238375.1,P.1,2021-05-04,complete,Homo sapiens,29882,4.3.4/1.37.1/v0.1.12/0.3.19/0.6.6
10,MZ879642.1,P.1,2021-08-02,complete,Homo sapiens,29795,4.3.4/1.37.1/v0.1.12/0.3.19/0.6.6
10,MZ450561.1,P.1,2021-06-09,complete,Homo sapiens,29819,4.3.4/1.37.1/v0.1.12/0.3.19/0.6.6
10,PP700756.1,P.1,2021-05-21,complete,Homo sapiens,29793,4.3.4/1.37.1/v0.1.12/0.3.19/0.6.6
10,MZ613451.1,P.1,2021-06-11,complete,Homo sapiens,29700,4.3.4/1.37.1/v0.1.12/0.3.19/0.6.6
10,ON577795.1,P.1,2021-05-30,complete,Homo sapiens,29827,4.3.4/1.37.1/v0.1.12/0.3.19/0.6.6
10,MZ188573.1,P.1,2021-04-29,complete,Homo sapiens,29880,4.3.4/1.37.1/v0.1.12/0.3.19/0.6.6
10,MZ354409.1,P.1,2021-05-13,complete,Homo sapiens,29820,4.3.4/1.37.1/v0.1.12/0.3.19/0.6.6
10,ON576844.1,P.1,2021-06-11,complete,Homo sapiens,29826,4.3.4/1.37.1/v0.1.12/0.3.19/0.6.6
10,MW987799.1,P.1,2021-04-15,complete,Homo sapiens,29777,4.3.4/1.37.1/v0.1.12/0.3.19/0.6.6
10,MZ010006.1,P.1,2021-04-03,complete,Homo sapiens,29777,4.3.4/1.37.1/v0.1.12/0.3.19/0.6.6
10,ON576379.1,P.1,2021-06-11,complete,Homo sapiens,29827,4.3.4/1.37.1/v0.1.12/0.3.19/0.6.6
10,ON577483.1,P.1,2021-06-11,complete,Homo sapiens,29826,4.3.4/1.37.1/v0.1.12/0.3.19/0.6.6
10,OK340868.1,P.1,2021-04-29,complete,Homo sapiens,29678,4.3.4/1.37.1/v0.1.12/0.3.19/0.6.6
10,MW988288.1,P.1,2021-04-12,complete,Homo sapiens,29812,4.3.4/1.37.1/v0.1.12/0.3.19/0.6.6
10,MZ280125.1,P.1,2021-05-01,complete,Homo sapiens,29894,4.3.4/1.37.1/v0.1.12/0.3.19/0.6.6
10,MZ316592.1,P.1,2021-05-15,complete,Homo sapiens,29813,4.3.4/1.37.1/v0.1.12/0.3.19/0.6.6
10,MW876960.1,P.1,2021-03-09,complete,Homo sapiens,29899,4.3.4/1.37.1/v0.1.12/0.3.19/0.6.6
10,MZ706183.1,P.1,2021-07-08,complete,Homo sapiens,29823,4.3.4/1.37.1/v0.1.12/0.3.19/0.6.6
10,MZ290344.1,P.1,2021-05-08,complete,Homo sapiens,29827,4.3.4/1.37.1/v0.1.12/0.3.19/0.6.6
10,OP855416.1,P.1,2021-03-30,complete,Homo sapiens,29903,4.3.4/1.37.1/v0.1.12/0.3.19/0.6.6
10,MZ315892.1,P.1,2021-05-08,complete,Homo sapiens,29821,4.3.4/1.37.1/v0.1.12/0.3.19/0.6.6
10,MZ741330.1,P.1,2021-07-17,complete,Homo sapiens,29831,4.3.4/1.37.1/v0.1.12/0.3.19/0.6.6
10,MZ193715.1,P.1,2021-04-23,complete,Homo sapiens,29826,4.3.4/1.37.1/v0.1.12/0.3.19/0.6.6
10,ON185734.1,P.1,2021-06-24,complete,Homo sapiens,29792,4.3.4/1.37.1/v0.1.12/0.3.19/0.6.6
10,MZ415847.1,P.1,2021-05-13,complete,Homo sapiens,29821,4.3.4/1.37.1/v0.1.12/0.3.19/0.6.6
10,MZ388146.1,P.1,2021-04-27,complete,Homo sapiens,29644,4.3.4/1.37.1/v0.1.12/0.3.19/0.6.6
10,MZ290192.1,P.1,2021-05-04,complete,Homo sapiens,29777,4.3.4/1.37.1/v0.1.12/0.3.19/0.6.6
10,ON577293.1,P.1,2021-07-14,complete,Homo sapiens,29827,4.3.4/1.37.1/v0.1.12/0.3.19/0.6.6
10,ON577288.1,P.1,2021-07-13,complete,Homo sapiens,29822,4.3.4/1.37.1/v0.1.12/0.3.19/0.6.6
10,OK466933.1,P.1,2021-07-08,complete,Homo sapiens,29824,4.3.4/1.37.1/v0.1.12/0.3.19/0.6.6
10,MZ060445.1,P.1,2021-04-14,complete,Homo sapiens,29827,4.3.4/1.37.1/v0.1.12/0.3.19/0.6.6
10,OK237340.1,P.1,2021-08-17,complete,Homo sapiens,29831,4.3.4/1.37.1/v0.1.12/0.3.19/0.6.6
10,MZ500963.1,P.1,2021-04-27,complete,Homo sapiens,29811,4.3.4/1.37.1/v0.1.12/0.3.19/0.6.6
10,OK231390.1,P.1,2021-06-07,complete,Homo sapiens,29708,4.3.4/1.37.1/v0.1.12/0.3.19/0.6.6
10,MZ531599.1,P.1,2021-06-14,complete,Homo sapiens,29711,4.3.4/1.37.1/v0.1.12/0.3.19/0.6.6
10,MZ342063.1,P.1,2021-05-19,complete,Homo sapiens,29741,4.3.4/1.37.1/v0.1.12/0.3.19/0.6.6
10,MZ156735.1,P.1,2021-03-17,complete,Homo sapiens,29898,4.3.4/1.37.1/v0.1.12/0.3.19/0.6.6
10,MZ228118.1,P.1,2021-04-28,complete,Homo sapiens,29822,4.3.4/1.37.1/v0.1.12/0.3.19/0.6.6
10,OX443877.1,P.1,2021-05-03,complete,Homo sapiens,29904,4.3.4/1.37.1/v0.1.12/0.3.19/0.6.6
10,MZ536611.1,P.1,2021-06-11,complete,Homo sapiens,29777,4.3.4/1.37.1/v0.1.12/0.3.19/0.6.6
10,MZ686011.1,P.1,2021-06-07,complete,Homo sapiens,29808,4.3.4/1.37.1/v0.1.12/0.3.19/0.6.6
10,MZ597800.1,P.1,2021-06-29,complete,Homo sapiens,29777,4.3.4/1.37.1/v0.1.12/0.3.19/0.6.6
10,MZ277931.1,P.1,2021-04-30,complete,Homo sapiens,29777,4.3.4/1.37.1/v0.1.12/0.3.19/0.6.6
10,OZ061694.1,P.1,2021-05-27,complete,Homo sapiens,29821,4.3.4/1.37.1/v0.1.12/0.3.19/0.6.6
10,MZ592843.1,P.1,2021-06-22,complete,Homo sapiens,29777,4.3.4/1.37.1/v0.1.12/0.3.19/0.6.6
10,MZ498687.1,P.1,2021-06-13,complete,Homo sapiens,29814,4.3.4/1.37.1/v0.1.12/0.3.19/0.6.6
10,MZ376242.1,P.1,2021-05-25,complete,Homo sapiens,29889,4.3.4/1.37.1/v0.1.12/0.3.19/0.6.6
10,OK341275.1,P.1,2021-05-27,complete,Homo sapiens,29894,4.3.4/1.37.1/v0.1.12/0.3.19/0.6.6
10,PQ094835.1,P.1,2021-06-16,complete,Homo sapiens,29580,4.3.4/1.37.1/v0.1.12/0.3.19/0.6.6
10,MZ305373.1,P.1,2021-05-04,complete,Homo sapiens,29777,4.3.4/1.37.1/v0.1.12/0.3.19/0.6.6
10,OK231536.1,P.1,2021-06-09,complete,Homo sapiens,29646,4.3.4/1.37.1/v0.1.12/0.3.19/0.6.6
10,MZ432078.1,P.1,2021-05-21,complete,Homo sapiens,29795,4.3.4/1.37.1/v0.1.12/0.3.19/0.6.6
10,PP610331.1,P.1,2021-04-03,complete,Homo sapiens,29741,4.3.4/1.37.1/v0.1.12/0.3.19/0.6.6
10,MZ727819.1,P.1,2021-06-27,complete,Homo sapiens,29777,4.3.4/1.37.1/v0.1.12/0.3.19/0.6.6
10,MZ210929.1,P.1,2021-04-10,complete,Homo sapiens,29896,4.3.4/1.37.1/v0.1.12/0.3.19/0.6.6
10,MZ918356.1,P.1,2021-04-30,complete,Homo sapiens,29793,4.3.4/1.37.1/v0.1.12/0.3.19/0.6.6
10,MZ076975.1,P.1,2021-04-13,complete,Homo sapiens,29777,4.3.4/1.37.1/v0.1.12/0.3.19/0.6.6
10,MZ597812.1,P.1,2021-06-29,complete,Homo sapiens,29765,4.3.4/1.37.1/v0.1.12/0.3.19/0.6.6
10,MZ212856.1,P.1,2021-04-12,complete,Homo sapiens,29888,4.3.4/1.37.1/v0.1.12/0.3.19/0.6.6